district_name,cds,district_type,year,function,spend_per_pupil,ela_pct_met_or_exceeded,math_pct_met_or_exceeded,spend_total,ada,k12_ada,fund01_charter_ada,data_status,data_quality_flag
ABC Unified,19642120000000,Unified,2022-23,1000 Instruction,10587.88,64.39,51.81,183874841.1,17366.54,17366.54,0.0,both,ok
ABC Unified,19642120000000,Unified,2022-23,2000 Instruction-Related Services,2198.78,64.39,51.81,38185217.83,17366.54,17366.54,0.0,both,ok
ABC Unified,19642120000000,Unified,2022-23,3000 Pupil Services,1783.54,64.39,51.81,30973967.78,17366.54,17366.54,0.0,both,ok
ABC Unified,19642120000000,Unified,2022-23,4000 Ancillary Services,13.59,64.39,51.81,235957.38,17366.54,17366.54,0.0,both,ok
ABC Unified,19642120000000,Unified,2022-23,5000 Community Services,0.13,64.39,51.81,2229.57,17366.54,17366.54,0.0,both,ok
ABC Unified,19642120000000,Unified,2022-23,7000 General Administration,1024.22,64.39,51.81,17787154.3,17366.54,17366.54,0.0,both,ok
ABC Unified,19642120000000,Unified,2022-23,8000 Plant Services,1560.47,64.39,51.81,27099959.13,17366.54,17366.54,0.0,both,ok
ABC Unified,19642120000000,Unified,2023-24,1000 Instruction,11915.03,63.5,52.95,204392539.91,17154.18,17154.18,0.0,both,ok
ABC Unified,19642120000000,Unified,2023-24,2000 Instruction-Related Services,2393.34,63.5,52.95,41055823.66,17154.18,17154.18,0.0,both,ok
ABC Unified,19642120000000,Unified,2023-24,3000 Pupil Services,1955.31,63.5,52.95,33541823.5,17154.18,17154.18,0.0,both,ok
ABC Unified,19642120000000,Unified,2023-24,4000 Ancillary Services,-0.01,63.5,52.95,-92.0,17154.18,17154.18,0.0,both,ok
ABC Unified,19642120000000,Unified,2023-24,5000 Community Services,0.62,63.5,52.95,10714.75,17154.18,17154.18,0.0,both,ok
ABC Unified,19642120000000,Unified,2023-24,7000 General Administration,1100.83,63.5,52.95,18883840.98,17154.18,17154.18,0.0,both,ok
ABC Unified,19642120000000,Unified,2023-24,8000 Plant Services,1664.78,63.5,52.95,28558013.25,17154.18,17154.18,0.0,both,ok
ABC Unified,19642120000000,Unified,2024-25,1000 Instruction,11731.8,64.96,53.07,196641253.59,16761.39,16761.39,0.0,both,ok
ABC Unified,19642120000000,Unified,2024-25,2000 Instruction-Related Services,2630.93,64.96,53.07,44098106.57,16761.39,16761.39,0.0,both,ok
ABC Unified,19642120000000,Unified,2024-25,3000 Pupil Services,2129.89,64.96,53.07,35699860.01,16761.39,16761.39,0.0,both,ok
ABC Unified,19642120000000,Unified,2024-25,4000 Ancillary Services,0.05,64.96,53.07,855.1,16761.39,16761.39,0.0,both,ok
ABC Unified,19642120000000,Unified,2024-25,5000 Community Services,0.73,64.96,53.07,12252.5,16761.39,16761.39,0.0,both,ok
ABC Unified,19642120000000,Unified,2024-25,7000 General Administration,1649.81,64.96,53.07,27653027.55,16761.39,16761.39,0.0,both,ok
ABC Unified,19642120000000,Unified,2024-25,8000 Plant Services,1854.25,64.96,53.07,31079816.87,16761.39,16761.39,0.0,both,ok
Acton-Agua Dulce Unified,19753090000000,Unified,2022-23,1000 Instruction,11173.04,34.31,19.69,10041543.46,898.73,898.73,0.0,both,ok
Acton-Agua Dulce Unified,19753090000000,Unified,2022-23,2000 Instruction-Related Services,2170.45,34.31,19.69,1950647.54,898.73,898.73,0.0,both,ok
Acton-Agua Dulce Unified,19753090000000,Unified,2022-23,3000 Pupil Services,2075.67,34.31,19.69,1865467.51,898.73,898.73,0.0,both,ok
Acton-Agua Dulce Unified,19753090000000,Unified,2022-23,4000 Ancillary Services,267.62,34.31,19.69,240521.19,898.73,898.73,0.0,both,ok
Acton-Agua Dulce Unified,19753090000000,Unified,2022-23,7000 General Administration,2859.73,34.31,19.69,2570124.98,898.73,898.73,0.0,both,ok
Acton-Agua Dulce Unified,19753090000000,Unified,2022-23,8000 Plant Services,2372.83,34.31,19.69,2132537.46,898.73,898.73,0.0,both,ok
Acton-Agua Dulce Unified,19753090000000,Unified,2023-24,1000 Instruction,14879.47,32.02,20.32,14335473.21,963.44,963.44,0.0,both,ok
Acton-Agua Dulce Unified,19753090000000,Unified,2023-24,2000 Instruction-Related Services,1600.13,32.02,20.32,1541632.02,963.44,963.44,0.0,both,ok
Acton-Agua Dulce Unified,19753090000000,Unified,2023-24,3000 Pupil Services,1694.33,32.02,20.32,1632383.23,963.44,963.44,0.0,both,ok
Acton-Agua Dulce Unified,19753090000000,Unified,2023-24,4000 Ancillary Services,148.9,32.02,20.32,143460.11,963.44,963.44,0.0,both,ok
Acton-Agua Dulce Unified,19753090000000,Unified,2023-24,7000 General Administration,1839.91,32.02,20.32,1772645.14,963.44,963.44,0.0,both,ok
Acton-Agua Dulce Unified,19753090000000,Unified,2023-24,8000 Plant Services,2118.11,32.02,20.32,2040672.65,963.44,963.44,0.0,both,ok
Acton-Agua Dulce Unified,19753090000000,Unified,2024-25,1000 Instruction,17334.87,34.17,19.92,16854516.47,972.29,972.29,0.0,both,ok
Acton-Agua Dulce Unified,19753090000000,Unified,2024-25,2000 Instruction-Related Services,1335.46,34.17,19.92,1298452.25,972.29,972.29,0.0,both,ok
Acton-Agua Dulce Unified,19753090000000,Unified,2024-25,3000 Pupil Services,2000.56,34.17,19.92,1945124.51,972.29,972.29,0.0,both,ok
Acton-Agua Dulce Unified,19753090000000,Unified,2024-25,4000 Ancillary Services,189.37,34.17,19.92,184127.04,972.29,972.29,0.0,both,ok
Acton-Agua Dulce Unified,19753090000000,Unified,2024-25,7000 General Administration,2448.85,34.17,19.92,2380994.18,972.29,972.29,0.0,both,ok
Acton-Agua Dulce Unified,19753090000000,Unified,2024-25,8000 Plant Services,2393.97,34.17,19.92,2327637.59,972.29,972.29,0.0,both,ok
Alhambra Unified,19757130000000,Unified,2022-23,1000 Instruction,11173.74,62.99,52.34,156465370.2,14002.96,14002.96,0.0,both,ok
Alhambra Unified,19757130000000,Unified,2022-23,2000 Instruction-Related Services,2753.58,62.99,52.34,38558316.62,14002.96,14002.96,0.0,both,ok
Alhambra Unified,19757130000000,Unified,2022-23,3000 Pupil Services,2591.03,62.99,52.34,36282110.63,14002.96,14002.96,0.0,both,ok
Alhambra Unified,19757130000000,Unified,2022-23,4000 Ancillary Services,123.4,62.99,52.34,1728026.82,14002.96,14002.96,0.0,both,ok
Alhambra Unified,19757130000000,Unified,2022-23,5000 Community Services,10.45,62.99,52.34,146325.36,14002.96,14002.96,0.0,both,ok
Alhambra Unified,19757130000000,Unified,2022-23,7000 General Administration,1344.24,62.99,52.34,18823318.21,14002.96,14002.96,0.0,both,ok
Alhambra Unified,19757130000000,Unified,2022-23,8000 Plant Services,1931.2,62.99,52.34,27042582.23,14002.96,14002.96,0.0,both,ok
Alhambra Unified,19757130000000,Unified,2023-24,1000 Instruction,11566.12,63.53,52.87,161536567.68,13966.36,13966.36,0.0,both,ok
Alhambra Unified,19757130000000,Unified,2023-24,2000 Instruction-Related Services,2865.01,63.53,52.87,40013753.46,13966.36,13966.36,0.0,both,ok
Alhambra Unified,19757130000000,Unified,2023-24,3000 Pupil Services,2965.43,63.53,52.87,41416297.62,13966.36,13966.36,0.0,both,ok
Alhambra Unified,19757130000000,Unified,2023-24,4000 Ancillary Services,108.5,63.53,52.87,1515336.86,13966.36,13966.36,0.0,both,ok
Alhambra Unified,19757130000000,Unified,2023-24,5000 Community Services,3.99,63.53,52.87,55770.23,13966.36,13966.36,0.0,both,ok
Alhambra Unified,19757130000000,Unified,2023-24,7000 General Administration,1386.58,63.53,52.87,19365521.99,13966.36,13966.36,0.0,both,ok
Alhambra Unified,19757130000000,Unified,2023-24,8000 Plant Services,2257.52,63.53,52.87,31529360.91,13966.36,13966.36,0.0,both,ok
Alhambra Unified,19757130000000,Unified,2024-25,1000 Instruction,11800.89,63.77,53.23,163652515.28,13867.81,13867.81,0.0,both,ok
Alhambra Unified,19757130000000,Unified,2024-25,2000 Instruction-Related Services,2810.04,63.77,53.23,38969067.54,13867.81,13867.81,0.0,both,ok
Alhambra Unified,19757130000000,Unified,2024-25,3000 Pupil Services,2996.15,63.77,53.23,41549989.96,13867.81,13867.81,0.0,both,ok
Alhambra Unified,19757130000000,Unified,2024-25,4000 Ancillary Services,149.4,63.77,53.23,2071813.43,13867.81,13867.81,0.0,both,ok
Alhambra Unified,19757130000000,Unified,2024-25,5000 Community Services,4.3,63.77,53.23,59647.17,13867.81,13867.81,0.0,both,ok
Alhambra Unified,19757130000000,Unified,2024-25,7000 General Administration,1431.55,63.77,53.23,19852455.14,13867.81,13867.81,0.0,both,ok
Alhambra Unified,19757130000000,Unified,2024-25,8000 Plant Services,2189.1,63.77,53.23,30357961.55,13867.81,13867.81,0.0,both,ok
Antelope Valley Union High,19642460000000,High School,2022-23,1000 Instruction,10345.25,34.11,10.16,198562008.92,19193.54,19193.54,0.0,both,ok
Antelope Valley Union High,19642460000000,High School,2022-23,2000 Instruction-Related Services,1985.53,34.11,10.16,38109299.18,19193.54,19193.54,0.0,both,ok
Antelope Valley Union High,19642460000000,High School,2022-23,3000 Pupil Services,1984.84,34.11,10.16,38096094.99,19193.54,19193.54,0.0,both,ok
Antelope Valley Union High,19642460000000,High School,2022-23,4000 Ancillary Services,236.91,34.11,10.16,4547224.66,19193.54,19193.54,0.0,both,ok
Antelope Valley Union High,19642460000000,High School,2022-23,7000 General Administration,1059.51,34.11,10.16,20335792.75,19193.54,19193.54,0.0,both,ok
Antelope Valley Union High,19642460000000,High School,2022-23,8000 Plant Services,1799.92,34.11,10.16,34546860.19,19193.54,19193.54,0.0,both,ok
Antelope Valley Union High,19642460000000,High School,2023-24,1000 Instruction,11102.11,37.29,11.8,211456132.84,19046.49,19046.49,0.0,both,ok
Antelope Valley Union High,19642460000000,High School,2023-24,2000 Instruction-Related Services,2051.61,37.29,11.8,39076018.92,19046.49,19046.49,0.0,both,ok
Antelope Valley Union High,19642460000000,High School,2023-24,3000 Pupil Services,2339.63,37.29,11.8,44561685.4,19046.49,19046.49,0.0,both,ok
Antelope Valley Union High,19642460000000,High School,2023-24,4000 Ancillary Services,253.41,37.29,11.8,4826663.12,19046.49,19046.49,0.0,both,ok
Antelope Valley Union High,19642460000000,High School,2023-24,7000 General Administration,1309.3,37.29,11.8,24937645.85,19046.49,19046.49,0.0,both,ok
Antelope Valley Union High,19642460000000,High School,2023-24,8000 Plant Services,1938.89,37.29,11.8,36929071.87,19046.49,19046.49,0.0,both,ok
Antelope Valley Union High,19642460000000,High School,2024-25,1000 Instruction,11779.84,39.17,13.98,218415197.24,18541.44,18541.44,0.0,both,ok
Antelope Valley Union High,19642460000000,High School,2024-25,2000 Instruction-Related Services,2340.8,39.17,13.98,43401716.25,18541.44,18541.44,0.0,both,ok
Antelope Valley Union High,19642460000000,High School,2024-25,3000 Pupil Services,2513.32,39.17,13.98,46600600.61,18541.44,18541.44,0.0,both,ok
Antelope Valley Union High,19642460000000,High School,2024-25,4000 Ancillary Services,258.35,39.17,13.98,4790166.35,18541.44,18541.44,0.0,both,ok
Antelope Valley Union High,19642460000000,High School,2024-25,7000 General Administration,1044.56,39.17,13.98,19367591.95,18541.44,18541.44,0.0,both,ok
Antelope Valley Union High,19642460000000,High School,2024-25,8000 Plant Services,2276.54,39.17,13.98,42210251.05,18541.44,18541.44,0.0,both,ok
Arcadia Unified,19642610000000,Unified,2022-23,1000 Instruction,10656.1,74.35,69.08,90976197.96,8537.48,8537.48,0.0,both,ok
Arcadia Unified,19642610000000,Unified,2022-23,2000 Instruction-Related Services,1459.94,74.35,69.08,12464242.48,8537.48,8537.48,0.0,both,ok
Arcadia Unified,19642610000000,Unified,2022-23,3000 Pupil Services,1278.69,74.35,69.08,10916819.84,8537.48,8537.48,0.0,both,ok
Arcadia Unified,19642610000000,Unified,2022-23,4000 Ancillary Services,118.94,74.35,69.08,1015409.68,8537.48,8537.48,0.0,both,ok
Arcadia Unified,19642610000000,Unified,2022-23,5000 Community Services,25.63,74.35,69.08,218795.41,8537.48,8537.48,0.0,both,ok
Arcadia Unified,19642610000000,Unified,2022-23,6000 Enterprise,39.77,74.35,69.08,339507.83,8537.48,8537.48,0.0,both,ok
Arcadia Unified,19642610000000,Unified,2022-23,7000 General Administration,1331.33,74.35,69.08,11366163.69,8537.48,8537.48,0.0,both,ok
Arcadia Unified,19642610000000,Unified,2022-23,8000 Plant Services,1448.66,74.35,69.08,12367937.86,8537.48,8537.48,0.0,both,ok
Arcadia Unified,19642610000000,Unified,2023-24,1000 Instruction,11417.4,73.4,68.49,99221305.45,8690.36,8690.36,0.0,both,ok
Arcadia Unified,19642610000000,Unified,2023-24,2000 Instruction-Related Services,1523.55,73.4,68.49,13240179.01,8690.36,8690.36,0.0,both,ok
Arcadia Unified,19642610000000,Unified,2023-24,3000 Pupil Services,1452.02,73.4,68.49,12618567.19,8690.36,8690.36,0.0,both,ok
Arcadia Unified,19642610000000,Unified,2023-24,4000 Ancillary Services,122.06,73.4,68.49,1060788.51,8690.36,8690.36,0.0,both,ok
Arcadia Unified,19642610000000,Unified,2023-24,5000 Community Services,33.94,73.4,68.49,294930.15,8690.36,8690.36,0.0,both,ok
Arcadia Unified,19642610000000,Unified,2023-24,6000 Enterprise,45.78,73.4,68.49,397882.9,8690.36,8690.36,0.0,both,ok
Arcadia Unified,19642610000000,Unified,2023-24,7000 General Administration,1394.53,73.4,68.49,12118965.56,8690.36,8690.36,0.0,both,ok
Arcadia Unified,19642610000000,Unified,2023-24,8000 Plant Services,1540.82,73.4,68.49,13390260.6,8690.36,8690.36,0.0,both,ok
Arcadia Unified,19642610000000,Unified,2024-25,1000 Instruction,11656.55,71.97,68.28,103021859.8,8838.11,8838.11,0.0,both,ok
Arcadia Unified,19642610000000,Unified,2024-25,2000 Instruction-Related Services,1518.05,71.97,68.28,13416661.69,8838.11,8838.11,0.0,both,ok
Arcadia Unified,19642610000000,Unified,2024-25,3000 Pupil Services,1476.84,71.97,68.28,13052449.55,8838.11,8838.11,0.0,both,ok
Arcadia Unified,19642610000000,Unified,2024-25,4000 Ancillary Services,124.87,71.97,68.28,1103628.22,8838.11,8838.11,0.0,both,ok
Arcadia Unified,19642610000000,Unified,2024-25,5000 Community Services,30.73,71.97,68.28,271589.83,8838.11,8838.11,0.0,both,ok
Arcadia Unified,19642610000000,Unified,2024-25,6000 Enterprise,46.75,71.97,68.28,413188.77,8838.11,8838.11,0.0,both,ok
Arcadia Unified,19642610000000,Unified,2024-25,7000 General Administration,1478.27,71.97,68.28,13065146.44,8838.11,8838.11,0.0,both,ok
Arcadia Unified,19642610000000,Unified,2024-25,8000 Plant Services,1825.2,71.97,68.28,16131288.19,8838.11,8838.11,0.0,both,ok
Azusa Unified,19642790000000,Unified,2022-23,1000 Instruction,14692.96,36.71,22.1,89121756.29,6065.61,6065.61,0.0,both,ok
Azusa Unified,19642790000000,Unified,2022-23,2000 Instruction-Related Services,2477.11,36.71,22.1,15025158.79,6065.61,6065.61,0.0,both,ok
Azusa Unified,19642790000000,Unified,2022-23,3000 Pupil Services,1324.69,36.71,22.1,8035043.77,6065.61,6065.61,0.0,both,ok
Azusa Unified,19642790000000,Unified,2022-23,4000 Ancillary Services,153.14,36.71,22.1,928878.85,6065.61,6065.61,0.0,both,ok
Azusa Unified,19642790000000,Unified,2022-23,7000 General Administration,1298.21,36.71,22.1,7874424.43,6065.61,6065.61,0.0,both,ok
Azusa Unified,19642790000000,Unified,2022-23,8000 Plant Services,2024.41,36.71,22.1,12279270.47,6065.61,6065.61,0.0,both,ok
Azusa Unified,19642790000000,Unified,2023-24,1000 Instruction,15238.82,33.26,21.8,88884540.41,5832.77,5832.77,0.0,both,ok
Azusa Unified,19642790000000,Unified,2023-24,2000 Instruction-Related Services,2644.98,33.26,21.8,15427557.53,5832.77,5832.77,0.0,both,ok
Azusa Unified,19642790000000,Unified,2023-24,3000 Pupil Services,1501.22,33.26,21.8,8756256.12,5832.77,5832.77,0.0,both,ok
Azusa Unified,19642790000000,Unified,2023-24,4000 Ancillary Services,130.11,33.26,21.8,758884.15,5832.77,5832.77,0.0,both,ok
Azusa Unified,19642790000000,Unified,2023-24,7000 General Administration,1412.75,33.26,21.8,8240218.7,5832.77,5832.77,0.0,both,ok
Azusa Unified,19642790000000,Unified,2023-24,8000 Plant Services,2653.22,33.26,21.8,15475635.8,5832.77,5832.77,0.0,both,ok
Azusa Unified,19642790000000,Unified,2024-25,1000 Instruction,15428.14,34.06,21.97,86024387.72,5575.81,5575.81,0.0,both,ok
Azusa Unified,19642790000000,Unified,2024-25,2000 Instruction-Related Services,3002.67,34.06,21.97,16742294.42,5575.81,5575.81,0.0,both,ok
Azusa Unified,19642790000000,Unified,2024-25,3000 Pupil Services,1874.03,34.06,21.97,10449209.52,5575.81,5575.81,0.0,both,ok
Azusa Unified,19642790000000,Unified,2024-25,4000 Ancillary Services,129.48,34.06,21.97,721950.76,5575.81,5575.81,0.0,both,ok
Azusa Unified,19642790000000,Unified,2024-25,7000 General Administration,1731.63,34.06,21.97,9655216.88,5575.81,5575.81,0.0,both,ok
Azusa Unified,19642790000000,Unified,2024-25,8000 Plant Services,2923.81,34.06,21.97,16302624.54,5575.81,5575.81,0.0,both,ok
Baldwin Park Unified,19642870000000,Unified,2022-23,1000 Instruction,12234.75,40.64,25.16,117419448.97,9597.21,9597.21,0.0,both,ok
Baldwin Park Unified,19642870000000,Unified,2022-23,2000 Instruction-Related Services,2594.07,40.64,25.16,24895852.99,9597.21,9597.21,0.0,both,ok
Baldwin Park Unified,19642870000000,Unified,2022-23,3000 Pupil Services,1585.19,40.64,25.16,15213364.29,9597.21,9597.21,0.0,both,ok
Baldwin Park Unified,19642870000000,Unified,2022-23,4000 Ancillary Services,10.04,40.64,25.16,96343.62,9597.21,9597.21,0.0,both,ok
Baldwin Park Unified,19642870000000,Unified,2022-23,5000 Community Services,0.02,40.64,25.16,180.0,9597.21,9597.21,0.0,both,ok
Baldwin Park Unified,19642870000000,Unified,2022-23,7000 General Administration,803.82,40.64,25.16,7714422.28,9597.21,9597.21,0.0,both,ok
Baldwin Park Unified,19642870000000,Unified,2022-23,8000 Plant Services,2156.2,40.64,25.16,20693502.97,9597.21,9597.21,0.0,both,ok
Baldwin Park Unified,19642870000000,Unified,2023-24,1000 Instruction,14234.66,40.57,25.68,132500899.41,9308.33,9308.33,0.0,both,ok
Baldwin Park Unified,19642870000000,Unified,2023-24,2000 Instruction-Related Services,3237.66,40.57,25.68,30137202.8,9308.33,9308.33,0.0,both,ok
Baldwin Park Unified,19642870000000,Unified,2023-24,3000 Pupil Services,2166.24,40.57,25.68,20164043.93,9308.33,9308.33,0.0,both,ok
Baldwin Park Unified,19642870000000,Unified,2023-24,5000 Community Services,0.32,40.57,25.68,3023.46,9308.33,9308.33,0.0,both,ok
Baldwin Park Unified,19642870000000,Unified,2023-24,7000 General Administration,1195.81,40.57,25.68,11131000.48,9308.33,9308.33,0.0,both,ok
Baldwin Park Unified,19642870000000,Unified,2023-24,8000 Plant Services,2548.39,40.57,25.68,23721296.58,9308.33,9308.33,0.0,both,ok
Baldwin Park Unified,19642870000000,Unified,2024-25,1000 Instruction,14959.48,42.03,27.83,132370711.72,8848.62,8848.62,0.0,both,ok
Baldwin Park Unified,19642870000000,Unified,2024-25,2000 Instruction-Related Services,3174.33,42.03,27.83,28088398.49,8848.62,8848.62,0.0,both,ok
Baldwin Park Unified,19642870000000,Unified,2024-25,3000 Pupil Services,1947.07,42.03,27.83,17228843.56,8848.62,8848.62,0.0,both,ok
Baldwin Park Unified,19642870000000,Unified,2024-25,4000 Ancillary Services,11.6,42.03,27.83,102617.8,8848.62,8848.62,0.0,both,ok
Baldwin Park Unified,19642870000000,Unified,2024-25,7000 General Administration,1165.05,42.03,27.83,10309111.49,8848.62,8848.62,0.0,both,ok
Baldwin Park Unified,19642870000000,Unified,2024-25,8000 Plant Services,2663.54,42.03,27.83,23568680.2,8848.62,8848.62,0.0,both,ok
Bassett Unified,19642950000000,Unified,2022-23,1000 Instruction,11068.97,43.31,27.46,29619787.77,2675.93,2675.93,0.0,both,ok
Bassett Unified,19642950000000,Unified,2022-23,2000 Instruction-Related Services,1728.14,43.31,27.46,4624370.53,2675.93,2675.93,0.0,both,ok
Bassett Unified,19642950000000,Unified,2022-23,3000 Pupil Services,1611.18,43.31,27.46,4311396.51,2675.93,2675.93,0.0,both,ok
Bassett Unified,19642950000000,Unified,2022-23,4000 Ancillary Services,91.63,43.31,27.46,245200.8,2675.93,2675.93,0.0,both,ok
Bassett Unified,19642950000000,Unified,2022-23,7000 General Administration,2164.89,43.31,27.46,5793095.23,2675.93,2675.93,0.0,both,ok
Bassett Unified,19642950000000,Unified,2022-23,8000 Plant Services,2616.34,43.31,27.46,7001155.2,2675.93,2675.93,0.0,both,ok
Bassett Unified,19642950000000,Unified,2023-24,1000 Instruction,13327.22,41.95,28.95,35363901.56,2653.51,2653.51,0.0,both,ok
Bassett Unified,19642950000000,Unified,2023-24,2000 Instruction-Related Services,2092.55,41.95,28.95,5552600.84,2653.51,2653.51,0.0,both,ok
Bassett Unified,19642950000000,Unified,2023-24,3000 Pupil Services,1819.27,41.95,28.95,4827456.38,2653.51,2653.51,0.0,both,ok
Bassett Unified,19642950000000,Unified,2023-24,4000 Ancillary Services,110.49,41.95,28.95,293176.33,2653.51,2653.51,0.0,both,ok
Bassett Unified,19642950000000,Unified,2023-24,7000 General Administration,2725.58,41.95,28.95,7232342.11,2653.51,2653.51,0.0,both,ok
Bassett Unified,19642950000000,Unified,2023-24,8000 Plant Services,2791.35,41.95,28.95,7406876.47,2653.51,2653.51,0.0,both,ok
Bassett Unified,19642950000000,Unified,2024-25,1000 Instruction,13052.86,43.17,29.44,34633800.75,2653.35,2653.35,0.0,both,ok
Bassett Unified,19642950000000,Unified,2024-25,2000 Instruction-Related Services,2059.16,43.17,29.44,5463675.82,2653.35,2653.35,0.0,both,ok
Bassett Unified,19642950000000,Unified,2024-25,3000 Pupil Services,2037.56,43.17,29.44,5406359.86,2653.35,2653.35,0.0,both,ok
Bassett Unified,19642950000000,Unified,2024-25,4000 Ancillary Services,104.47,43.17,29.44,277202.19,2653.35,2653.35,0.0,both,ok
Bassett Unified,19642950000000,Unified,2024-25,7000 General Administration,2605.01,43.17,29.44,6912016.37,2653.35,2653.35,0.0,both,ok
Bassett Unified,19642950000000,Unified,2024-25,8000 Plant Services,2912.73,43.17,29.44,7728495.94,2653.35,2653.35,0.0,both,ok
Bellflower Unified,19643030000000,Unified,2022-23,1000 Instruction,13343.63,43.45,24.64,124270949.64,9313.13,9313.13,0.0,both,ok
Bellflower Unified,19643030000000,Unified,2022-23,2000 Instruction-Related Services,2323.54,43.45,24.64,21639431.26,9313.13,9313.13,0.0,both,ok
Bellflower Unified,19643030000000,Unified,2022-23,3000 Pupil Services,1807.76,43.45,24.64,16835890.15,9313.13,9313.13,0.0,both,ok
Bellflower Unified,19643030000000,Unified,2022-23,4000 Ancillary Services,116.41,43.45,24.64,1084152.02,9313.13,9313.13,0.0,both,ok
Bellflower Unified,19643030000000,Unified,2022-23,7000 General Administration,1311.17,43.45,24.64,12211086.89,9313.13,9313.13,0.0,both,ok
Bellflower Unified,19643030000000,Unified,2022-23,8000 Plant Services,1655.61,43.45,24.64,15418891.67,9313.13,9313.13,0.0,both,ok
Bellflower Unified,19643030000000,Unified,2023-24,1000 Instruction,14719.2,43.12,26.67,135564690.67,9210.06,9210.06,0.0,both,ok
Bellflower Unified,19643030000000,Unified,2023-24,2000 Instruction-Related Services,2382.14,43.12,26.67,21939696.65,9210.06,9210.06,0.0,both,ok
Bellflower Unified,19643030000000,Unified,2023-24,3000 Pupil Services,2052.21,43.12,26.67,18900964.36,9210.06,9210.06,0.0,both,ok
Bellflower Unified,19643030000000,Unified,2023-24,4000 Ancillary Services,113.55,43.12,26.67,1045816.2,9210.06,9210.06,0.0,both,ok
Bellflower Unified,19643030000000,Unified,2023-24,7000 General Administration,1153.95,43.12,26.67,10627958.23,9210.06,9210.06,0.0,both,ok
Bellflower Unified,19643030000000,Unified,2023-24,8000 Plant Services,1788.4,43.12,26.67,16471232.5,9210.06,9210.06,0.0,both,ok
Bellflower Unified,19643030000000,Unified,2024-25,1000 Instruction,14723.46,47.02,29.16,132826248.94,9021.4,9021.4,0.0,both,ok
Bellflower Unified,19643030000000,Unified,2024-25,2000 Instruction-Related Services,2721.67,47.02,29.16,24553256.23,9021.4,9021.4,0.0,both,ok
Bellflower Unified,19643030000000,Unified,2024-25,3000 Pupil Services,2018.15,47.02,29.16,18206566.32,9021.4,9021.4,0.0,both,ok
Bellflower Unified,19643030000000,Unified,2024-25,4000 Ancillary Services,169.62,47.02,29.16,1530200.65,9021.4,9021.4,0.0,both,ok
Bellflower Unified,19643030000000,Unified,2024-25,7000 General Administration,1226.06,47.02,29.16,11060796.66,9021.4,9021.4,0.0,both,ok
Bellflower Unified,19643030000000,Unified,2024-25,8000 Plant Services,2110.09,47.02,29.16,19035958.34,9021.4,9021.4,0.0,both,ok
Beverly Hills Unified,19643110000000,Unified,2022-23,1000 Instruction,16578.52,71.4,56.63,48829555.09,2945.35,2945.35,0.0,both,ok
Beverly Hills Unified,19643110000000,Unified,2022-23,2000 Instruction-Related Services,3595.49,71.4,56.63,10589961.76,2945.35,2945.35,0.0,both,ok
Beverly Hills Unified,19643110000000,Unified,2022-23,3000 Pupil Services,2318.81,71.4,56.63,6829720.54,2945.35,2945.35,0.0,both,ok
Beverly Hills Unified,19643110000000,Unified,2022-23,4000 Ancillary Services,512.69,71.4,56.63,1510057.2,2945.35,2945.35,0.0,both,ok
Beverly Hills Unified,19643110000000,Unified,2022-23,7000 General Administration,3187.82,71.4,56.63,9389247.25,2945.35,2945.35,0.0,both,ok
Beverly Hills Unified,19643110000000,Unified,2022-23,8000 Plant Services,4520.79,71.4,56.63,13315308.11,2945.35,2945.35,0.0,both,ok
Beverly Hills Unified,19643110000000,Unified,2023-24,1000 Instruction,17336.58,68.52,57.74,50566126.57,2916.73,2916.73,0.0,both,ok
Beverly Hills Unified,19643110000000,Unified,2023-24,2000 Instruction-Related Services,3586.98,68.52,57.74,10462240.65,2916.73,2916.73,0.0,both,ok
Beverly Hills Unified,19643110000000,Unified,2023-24,3000 Pupil Services,2274.51,68.52,57.74,6634117.11,2916.73,2916.73,0.0,both,ok
Beverly Hills Unified,19643110000000,Unified,2023-24,4000 Ancillary Services,604.65,68.52,57.74,1763612.12,2916.73,2916.73,0.0,both,ok
Beverly Hills Unified,19643110000000,Unified,2023-24,7000 General Administration,3621.56,68.52,57.74,10563107.08,2916.73,2916.73,0.0,both,ok
Beverly Hills Unified,19643110000000,Unified,2023-24,8000 Plant Services,4832.66,68.52,57.74,14095561.05,2916.73,2916.73,0.0,both,ok
Beverly Hills Unified,19643110000000,Unified,2024-25,1000 Instruction,19988.02,71.12,62.79,58639264.9,2933.72,2933.72,0.0,both,ok
Beverly Hills Unified,19643110000000,Unified,2024-25,2000 Instruction-Related Services,3991.62,71.12,62.79,11710284.67,2933.72,2933.72,0.0,both,ok
Beverly Hills Unified,19643110000000,Unified,2024-25,3000 Pupil Services,2458.55,71.12,62.79,7212706.56,2933.72,2933.72,0.0,both,ok
Beverly Hills Unified,19643110000000,Unified,2024-25,4000 Ancillary Services,699.88,71.12,62.79,2053250.74,2933.72,2933.72,0.0,both,ok
Beverly Hills Unified,19643110000000,Unified,2024-25,5000 Community Services,0.2,71.12,62.79,600.0,2933.72,2933.72,0.0,both,ok
Beverly Hills Unified,19643110000000,Unified,2024-25,7000 General Administration,3583.23,71.12,62.79,10512199.06,2933.72,2933.72,0.0,both,ok
Beverly Hills Unified,19643110000000,Unified,2024-25,8000 Plant Services,5079.64,71.12,62.79,14902242.87,2933.72,2933.72,0.0,both,ok
Bonita Unified,19643290000000,Unified,2022-23,1000 Instruction,9023.83,71.78,57.86,82363363.2,9127.32,9127.32,0.0,both,ok
Bonita Unified,19643290000000,Unified,2022-23,2000 Instruction-Related Services,2064.13,71.78,57.86,18839987.27,9127.32,9127.32,0.0,both,ok
Bonita Unified,19643290000000,Unified,2022-23,3000 Pupil Services,1556.28,71.78,57.86,14204699.62,9127.32,9127.32,0.0,both,ok
Bonita Unified,19643290000000,Unified,2022-23,4000 Ancillary Services,218.24,71.78,57.86,1991961.54,9127.32,9127.32,0.0,both,ok
Bonita Unified,19643290000000,Unified,2022-23,5000 Community Services,227.47,71.78,57.86,2076178.41,9127.32,9127.32,0.0,both,ok
Bonita Unified,19643290000000,Unified,2022-23,7000 General Administration,1022.95,71.78,57.86,9336778.84,9127.32,9127.32,0.0,both,ok
Bonita Unified,19643290000000,Unified,2022-23,8000 Plant Services,1297.44,71.78,57.86,11842150.86,9127.32,9127.32,0.0,both,ok
Bonita Unified,19643290000000,Unified,2023-24,1000 Instruction,9573.1,72.47,60.49,89010192.78,9297.95,9297.95,0.0,both,ok
Bonita Unified,19643290000000,Unified,2023-24,2000 Instruction-Related Services,2250.6,72.47,60.49,20925981.57,9297.95,9297.95,0.0,both,ok
Bonita Unified,19643290000000,Unified,2023-24,3000 Pupil Services,1644.35,72.47,60.49,15289043.98,9297.95,9297.95,0.0,both,ok
Bonita Unified,19643290000000,Unified,2023-24,4000 Ancillary Services,234.97,72.47,60.49,2184710.42,9297.95,9297.95,0.0,both,ok
Bonita Unified,19643290000000,Unified,2023-24,5000 Community Services,236.98,72.47,60.49,2203437.6,9297.95,9297.95,0.0,both,ok
Bonita Unified,19643290000000,Unified,2023-24,7000 General Administration,1018.57,72.47,60.49,9470619.89,9297.95,9297.95,0.0,both,ok
Bonita Unified,19643290000000,Unified,2023-24,8000 Plant Services,1397.56,72.47,60.49,12994417.37,9297.95,9297.95,0.0,both,ok
Bonita Unified,19643290000000,Unified,2024-25,1000 Instruction,10098.43,73.5,63.34,94947524.82,9402.21,9402.21,0.0,both,ok
Bonita Unified,19643290000000,Unified,2024-25,2000 Instruction-Related Services,2279.61,73.5,63.34,21433401.63,9402.21,9402.21,0.0,both,ok
Bonita Unified,19643290000000,Unified,2024-25,3000 Pupil Services,1676.4,73.5,63.34,15761880.43,9402.21,9402.21,0.0,both,ok
Bonita Unified,19643290000000,Unified,2024-25,4000 Ancillary Services,271.51,73.5,63.34,2552770.75,9402.21,9402.21,0.0,both,ok
Bonita Unified,19643290000000,Unified,2024-25,5000 Community Services,304.89,73.5,63.34,2866596.0,9402.21,9402.21,0.0,both,ok
Bonita Unified,19643290000000,Unified,2024-25,7000 General Administration,980.66,73.5,63.34,9220391.89,9402.21,9402.21,0.0,both,ok
Bonita Unified,19643290000000,Unified,2024-25,8000 Plant Services,1445.97,73.5,63.34,13595342.97,9402.21,9402.21,0.0,both,ok
Burbank Unified,19643370000000,Unified,2022-23,1000 Instruction,10005.63,58.43,44.4,134979012.44,13490.31,13490.31,0.0,both,ok
Burbank Unified,19643370000000,Unified,2022-23,2000 Instruction-Related Services,1534.03,58.43,44.4,20694595.9,13490.31,13490.31,0.0,both,ok
Burbank Unified,19643370000000,Unified,2022-23,3000 Pupil Services,1210.23,58.43,44.4,16326364.23,13490.31,13490.31,0.0,both,ok
Burbank Unified,19643370000000,Unified,2022-23,4000 Ancillary Services,108.22,58.43,44.4,1459914.93,13490.31,13490.31,0.0,both,ok
Burbank Unified,19643370000000,Unified,2022-23,5000 Community Services,8.72,58.43,44.4,117611.22,13490.31,13490.31,0.0,both,ok
Burbank Unified,19643370000000,Unified,2022-23,7000 General Administration,814.71,58.43,44.4,10990707.96,13490.31,13490.31,0.0,both,ok
Burbank Unified,19643370000000,Unified,2022-23,8000 Plant Services,1337.36,58.43,44.4,18041377.75,13490.31,13490.31,0.0,both,ok
Burbank Unified,19643370000000,Unified,2023-24,1000 Instruction,10302.25,56.38,43.46,138771086.7,13469.98,13469.98,0.0,both,ok
Burbank Unified,19643370000000,Unified,2023-24,2000 Instruction-Related Services,1681.78,56.38,43.46,22653596.33,13469.98,13469.98,0.0,both,ok
Burbank Unified,19643370000000,Unified,2023-24,3000 Pupil Services,1480.08,56.38,43.46,19936661.57,13469.98,13469.98,0.0,both,ok
Burbank Unified,19643370000000,Unified,2023-24,4000 Ancillary Services,114.88,56.38,43.46,1547495.88,13469.98,13469.98,0.0,both,ok
Burbank Unified,19643370000000,Unified,2023-24,5000 Community Services,12.83,56.38,43.46,172760.09,13469.98,13469.98,0.0,both,ok
Burbank Unified,19643370000000,Unified,2023-24,7000 General Administration,1170.27,56.38,43.46,15763491.2,13469.98,13469.98,0.0,both,ok
Burbank Unified,19643370000000,Unified,2023-24,8000 Plant Services,1434.09,56.38,43.46,19317100.85,13469.98,13469.98,0.0,both,ok
Burbank Unified,19643370000000,Unified,2024-25,1000 Instruction,10450.36,58.02,46.56,139890488.33,13386.19,13386.19,0.0,both,ok
Burbank Unified,19643370000000,Unified,2024-25,2000 Instruction-Related Services,1685.55,58.02,46.56,22563032.68,13386.19,13386.19,0.0,both,ok
Burbank Unified,19643370000000,Unified,2024-25,3000 Pupil Services,1572.84,58.02,46.56,21054393.32,13386.19,13386.19,0.0,both,ok
Burbank Unified,19643370000000,Unified,2024-25,4000 Ancillary Services,100.24,58.02,46.56,1341809.15,13386.19,13386.19,0.0,both,ok
Burbank Unified,19643370000000,Unified,2024-25,5000 Community Services,13.86,58.02,46.56,185470.96,13386.19,13386.19,0.0,both,ok
Burbank Unified,19643370000000,Unified,2024-25,6000 Enterprise,0.02,58.02,46.56,208.4,13386.19,13386.19,0.0,both,ok
Burbank Unified,19643370000000,Unified,2024-25,7000 General Administration,1244.31,58.02,46.56,16656609.37,13386.19,13386.19,0.0,both,ok
Burbank Unified,19643370000000,Unified,2024-25,8000 Plant Services,1522.31,58.02,46.56,20377865.21,13386.19,13386.19,0.0,both,ok
Castaic Union,19643450000000,Elementary,2022-23,1000 Instruction,10552.33,55.51,43.29,18617996.57,1764.35,1764.35,0.0,both,ok
Castaic Union,19643450000000,Elementary,2022-23,2000 Instruction-Related Services,1656.39,55.51,43.29,2922451.38,1764.35,1764.35,0.0,both,ok
Castaic Union,19643450000000,Elementary,2022-23,3000 Pupil Services,1164.63,55.51,43.29,2054807.42,1764.35,1764.35,0.0,both,ok
Castaic Union,19643450000000,Elementary,2022-23,7000 General Administration,1301.8,55.51,43.29,2296831.75,1764.35,1764.35,0.0,both,ok
Castaic Union,19643450000000,Elementary,2022-23,8000 Plant Services,1636.83,55.51,43.29,2887941.66,1764.35,1764.35,0.0,both,ok
Castaic Union,19643450000000,Elementary,2023-24,1000 Instruction,10841.57,52.28,42.15,19868252.75,1832.6,1832.6,0.0,both,ok
Castaic Union,19643450000000,Elementary,2023-24,2000 Instruction-Related Services,1793.51,52.28,42.15,3286795.23,1832.6,1832.6,0.0,both,ok
Castaic Union,19643450000000,Elementary,2023-24,3000 Pupil Services,1197.38,52.28,42.15,2194310.99,1832.6,1832.6,0.0,both,ok
Castaic Union,19643450000000,Elementary,2023-24,7000 General Administration,1221.37,52.28,42.15,2238280.63,1832.6,1832.6,0.0,both,ok
Castaic Union,19643450000000,Elementary,2023-24,8000 Plant Services,1546.68,52.28,42.15,2834438.19,1832.6,1832.6,0.0,both,ok
Castaic Union,19643450000000,Elementary,2024-25,1000 Instruction,11077.56,56.9,45.99,20098570.75,1814.35,1814.35,0.0,both,ok
Castaic Union,19643450000000,Elementary,2024-25,2000 Instruction-Related Services,1698.2,56.9,45.99,3081122.8,1814.35,1814.35,0.0,both,ok
Castaic Union,19643450000000,Elementary,2024-25,3000 Pupil Services,1113.21,56.9,45.99,2019747.87,1814.35,1814.35,0.0,both,ok
Castaic Union,19643450000000,Elementary,2024-25,7000 General Administration,1702.8,56.9,45.99,3089472.68,1814.35,1814.35,0.0,both,ok
Castaic Union,19643450000000,Elementary,2024-25,8000 Plant Services,1586.89,56.9,45.99,2879181.29,1814.35,1814.35,0.0,both,ok
Centinela Valley Union High,19643520000000,High School,2022-23,1000 Instruction,12597.76,49.38,13.62,66850019.2,5306.5,5306.5,0.0,both,ok
Centinela Valley Union High,19643520000000,High School,2022-23,2000 Instruction-Related Services,2491.05,49.38,13.62,13218758.01,5306.5,5306.5,0.0,both,ok
Centinela Valley Union High,19643520000000,High School,2022-23,3000 Pupil Services,2475.25,49.38,13.62,13134940.27,5306.5,5306.5,0.0,both,ok
Centinela Valley Union High,19643520000000,High School,2022-23,4000 Ancillary Services,408.64,49.38,13.62,2168458.73,5306.5,5306.5,0.0,both,ok
Centinela Valley Union High,19643520000000,High School,2022-23,7000 General Administration,2540.7,49.38,13.62,13482216.37,5306.5,5306.5,0.0,both,ok
Centinela Valley Union High,19643520000000,High School,2022-23,8000 Plant Services,2554.45,49.38,13.62,13555198.08,5306.5,5306.5,0.0,both,ok
Centinela Valley Union High,19643520000000,High School,2023-24,1000 Instruction,11465.12,49.96,14.47,58835876.4,5131.73,5131.73,0.0,both,ok
Centinela Valley Union High,19643520000000,High School,2023-24,2000 Instruction-Related Services,2419.57,49.96,14.47,12416598.21,5131.73,5131.73,0.0,both,ok
Centinela Valley Union High,19643520000000,High School,2023-24,3000 Pupil Services,2170.81,49.96,14.47,11140010.43,5131.73,5131.73,0.0,both,ok
Centinela Valley Union High,19643520000000,High School,2023-24,4000 Ancillary Services,420.09,49.96,14.47,2155810.35,5131.73,5131.73,0.0,both,ok
Centinela Valley Union High,19643520000000,High School,2023-24,7000 General Administration,2129.2,49.96,14.47,10926471.31,5131.73,5131.73,0.0,both,ok
Centinela Valley Union High,19643520000000,High School,2023-24,8000 Plant Services,2568.57,49.96,14.47,13181213.36,5131.73,5131.73,0.0,both,ok
Centinela Valley Union High,19643520000000,High School,2024-25,1000 Instruction,11863.97,48.19,15.76,58121095.89,4898.96,4898.96,0.0,both,ok
Centinela Valley Union High,19643520000000,High School,2024-25,2000 Instruction-Related Services,2568.07,48.19,15.76,12580888.37,4898.96,4898.96,0.0,both,ok
Centinela Valley Union High,19643520000000,High School,2024-25,3000 Pupil Services,2232.19,48.19,15.76,10935391.84,4898.96,4898.96,0.0,both,ok
Centinela Valley Union High,19643520000000,High School,2024-25,4000 Ancillary Services,458.21,48.19,15.76,2244771.2,4898.96,4898.96,0.0,both,ok
Centinela Valley Union High,19643520000000,High School,2024-25,7000 General Administration,2274.54,48.19,15.76,11142902.02,4898.96,4898.96,0.0,both,ok
Centinela Valley Union High,19643520000000,High School,2024-25,8000 Plant Services,2649.35,48.19,15.76,12979056.47,4898.96,4898.96,0.0,both,ok
Charter Oak Unified,19643780000000,Unified,2022-23,1000 Instruction,11039.73,51.46,37.38,43756298.78,3963.53,3963.53,0.0,both,ok
Charter Oak Unified,19643780000000,Unified,2022-23,2000 Instruction-Related Services,1784.63,51.46,37.38,7073447.77,3963.53,3963.53,0.0,both,ok
Charter Oak Unified,19643780000000,Unified,2022-23,3000 Pupil Services,2204.76,51.46,37.38,8738619.3,3963.53,3963.53,0.0,both,ok
Charter Oak Unified,19643780000000,Unified,2022-23,4000 Ancillary Services,86.44,51.46,37.38,342601.26,3963.53,3963.53,0.0,both,ok
Charter Oak Unified,19643780000000,Unified,2022-23,5000 Community Services,0.88,51.46,37.38,3481.73,3963.53,3963.53,0.0,both,ok
Charter Oak Unified,19643780000000,Unified,2022-23,7000 General Administration,1450.11,51.46,37.38,5747554.17,3963.53,3963.53,0.0,both,ok
Charter Oak Unified,19643780000000,Unified,2022-23,8000 Plant Services,1849.04,51.46,37.38,7328736.56,3963.53,3963.53,0.0,both,ok
Charter Oak Unified,19643780000000,Unified,2023-24,1000 Instruction,11797.82,51.33,38.0,47263706.21,4006.14,4006.14,0.0,both,ok
Charter Oak Unified,19643780000000,Unified,2023-24,2000 Instruction-Related Services,2049.92,51.33,38.0,8212279.04,4006.14,4006.14,0.0,both,ok
Charter Oak Unified,19643780000000,Unified,2023-24,3000 Pupil Services,2625.13,51.33,38.0,10516653.96,4006.14,4006.14,0.0,both,ok
Charter Oak Unified,19643780000000,Unified,2023-24,4000 Ancillary Services,108.82,51.33,38.0,435939.74,4006.14,4006.14,0.0,both,ok
Charter Oak Unified,19643780000000,Unified,2023-24,5000 Community Services,0.44,51.33,38.0,1781.87,4006.14,4006.14,0.0,both,ok
Charter Oak Unified,19643780000000,Unified,2023-24,7000 General Administration,1564.87,51.33,38.0,6269073.51,4006.14,4006.14,0.0,both,ok
Charter Oak Unified,19643780000000,Unified,2023-24,8000 Plant Services,1939.98,51.33,38.0,7771824.24,4006.14,4006.14,0.0,both,ok
Charter Oak Unified,19643780000000,Unified,2024-25,1000 Instruction,11946.56,51.06,38.45,47706210.63,3993.3,3993.3,0.0,both,ok
Charter Oak Unified,19643780000000,Unified,2024-25,2000 Instruction-Related Services,1825.5,51.06,38.45,7289785.89,3993.3,3993.3,0.0,both,ok
Charter Oak Unified,19643780000000,Unified,2024-25,3000 Pupil Services,3021.07,51.06,38.45,12064058.12,3993.3,3993.3,0.0,both,ok
Charter Oak Unified,19643780000000,Unified,2024-25,4000 Ancillary Services,103.62,51.06,38.45,413778.09,3993.3,3993.3,0.0,both,ok
Charter Oak Unified,19643780000000,Unified,2024-25,7000 General Administration,1915.06,51.06,38.45,7647408.72,3993.3,3993.3,0.0,both,ok
Charter Oak Unified,19643780000000,Unified,2024-25,8000 Plant Services,2028.36,51.06,38.45,8099844.97,3993.3,3993.3,0.0,both,ok
Claremont Unified,19643940000000,Unified,2022-23,1000 Instruction,9324.18,60.49,48.54,55393633.77,5940.86,5940.86,0.0,both,ok
Claremont Unified,19643940000000,Unified,2022-23,2000 Instruction-Related Services,1440.03,60.49,48.54,8555033.44,5940.86,5940.86,0.0,both,ok
Claremont Unified,19643940000000,Unified,2022-23,3000 Pupil Services,2693.33,60.49,48.54,16000709.69,5940.86,5940.86,0.0,both,ok
Claremont Unified,19643940000000,Unified,2022-23,4000 Ancillary Services,164.2,60.49,48.54,975494.08,5940.86,5940.86,0.0,both,ok
Claremont Unified,19643940000000,Unified,2022-23,7000 General Administration,1234.43,60.49,48.54,7333552.14,5940.86,5940.86,0.0,both,ok
Claremont Unified,19643940000000,Unified,2022-23,8000 Plant Services,1300.52,60.49,48.54,7726215.27,5940.86,5940.86,0.0,both,ok
Claremont Unified,19643940000000,Unified,2023-24,1000 Instruction,9834.91,60.41,52.85,57682445.15,5865.07,5865.07,0.0,both,ok
Claremont Unified,19643940000000,Unified,2023-24,2000 Instruction-Related Services,1548.26,60.41,52.85,9080631.13,5865.07,5865.07,0.0,both,ok
Claremont Unified,19643940000000,Unified,2023-24,3000 Pupil Services,2863.96,60.41,52.85,16797330.87,5865.07,5865.07,0.0,both,ok
Claremont Unified,19643940000000,Unified,2023-24,4000 Ancillary Services,176.85,60.41,52.85,1037254.87,5865.07,5865.07,0.0,both,ok
Claremont Unified,19643940000000,Unified,2023-24,7000 General Administration,1444.63,60.41,52.85,8472856.44,5865.07,5865.07,0.0,both,ok
Claremont Unified,19643940000000,Unified,2023-24,8000 Plant Services,1297.05,60.41,52.85,7607308.27,5865.07,5865.07,0.0,both,ok
Claremont Unified,19643940000000,Unified,2024-25,1000 Instruction,10142.53,63.76,54.23,58825066.38,5799.84,5799.84,0.0,both,ok
Claremont Unified,19643940000000,Unified,2024-25,2000 Instruction-Related Services,1544.69,63.76,54.23,8958964.56,5799.84,5799.84,0.0,both,ok
Claremont Unified,19643940000000,Unified,2024-25,3000 Pupil Services,2721.16,63.76,54.23,15782284.44,5799.84,5799.84,0.0,both,ok
Claremont Unified,19643940000000,Unified,2024-25,4000 Ancillary Services,171.41,63.76,54.23,994140.01,5799.84,5799.84,0.0,both,ok
Claremont Unified,19643940000000,Unified,2024-25,7000 General Administration,1524.24,63.76,54.23,8840355.43,5799.84,5799.84,0.0,both,ok
Claremont Unified,19643940000000,Unified,2024-25,8000 Plant Services,1450.83,63.76,54.23,8414574.75,5799.84,5799.84,0.0,both,ok
Compton Unified,19734370000000,Unified,2022-23,1000 Instruction,12319.64,40.57,31.74,194154121.33,15759.73,15759.73,0.0,both,ok
Compton Unified,19734370000000,Unified,2022-23,2000 Instruction-Related Services,2876.42,40.57,31.74,45331648.97,15759.73,15759.73,0.0,both,ok
Compton Unified,19734370000000,Unified,2022-23,3000 Pupil Services,1138.25,40.57,31.74,17938537.22,15759.73,15759.73,0.0,both,ok
Compton Unified,19734370000000,Unified,2022-23,4000 Ancillary Services,134.49,40.57,31.74,2119518.81,15759.73,15759.73,0.0,both,ok
Compton Unified,19734370000000,Unified,2022-23,7000 General Administration,2006.59,40.57,31.74,31623253.16,15759.73,15759.73,0.0,both,ok
Compton Unified,19734370000000,Unified,2022-23,8000 Plant Services,2474.51,40.57,31.74,38997539.8,15759.73,15759.73,0.0,both,ok
Compton Unified,19734370000000,Unified,2023-24,1000 Instruction,13759.49,43.02,34.66,215888532.69,15690.16,15690.16,0.0,both,ok
Compton Unified,19734370000000,Unified,2023-24,2000 Instruction-Related Services,2229.58,43.02,34.66,34982398.45,15690.16,15690.16,0.0,both,ok
Compton Unified,19734370000000,Unified,2023-24,3000 Pupil Services,1682.96,43.02,34.66,26405882.46,15690.16,15690.16,0.0,both,ok
Compton Unified,19734370000000,Unified,2023-24,4000 Ancillary Services,225.08,43.02,34.66,3531597.63,15690.16,15690.16,0.0,both,ok
Compton Unified,19734370000000,Unified,2023-24,6000 Enterprise,17.04,43.02,34.66,267313.06,15690.16,15690.16,0.0,both,ok
Compton Unified,19734370000000,Unified,2023-24,7000 General Administration,1933.53,43.02,34.66,30337359.54,15690.16,15690.16,0.0,both,ok
Compton Unified,19734370000000,Unified,2023-24,8000 Plant Services,3642.45,43.02,34.66,57150626.65,15690.16,15690.16,0.0,both,ok
Compton Unified,19734370000000,Unified,2024-25,1000 Instruction,14977.86,51.0,41.08,232250088.56,15506.23,15506.23,0.0,both,ok
Compton Unified,19734370000000,Unified,2024-25,2000 Instruction-Related Services,2551.31,51.0,41.08,39561234.17,15506.23,15506.23,0.0,both,ok
Compton Unified,19734370000000,Unified,2024-25,3000 Pupil Services,1815.95,51.0,41.08,28158590.31,15506.23,15506.23,0.0,both,ok
Compton Unified,19734370000000,Unified,2024-25,4000 Ancillary Services,159.13,51.0,41.08,2467534.24,15506.23,15506.23,0.0,both,ok
Compton Unified,19734370000000,Unified,2024-25,7000 General Administration,2058.34,51.0,41.08,31917162.39,15506.23,15506.23,0.0,both,ok
Compton Unified,19734370000000,Unified,2024-25,8000 Plant Services,3086.26,51.0,41.08,47856194.63,15506.23,15506.23,0.0,both,ok
Covina-Valley Unified,19644360000000,Unified,2022-23,1000 Instruction,12061.81,52.85,35.41,125268071.25,10385.51,10385.51,0.0,both,ok
Covina-Valley Unified,19644360000000,Unified,2022-23,2000 Instruction-Related Services,1889.38,52.85,35.41,19622165.67,10385.51,10385.51,0.0,both,ok
Covina-Valley Unified,19644360000000,Unified,2022-23,3000 Pupil Services,1375.19,52.85,35.41,14282086.36,10385.51,10385.51,0.0,both,ok
Covina-Valley Unified,19644360000000,Unified,2022-23,7000 General Administration,1185.52,52.85,35.41,12312267.55,10385.51,10385.51,0.0,both,ok
Covina-Valley Unified,19644360000000,Unified,2022-23,8000 Plant Services,1871.65,52.85,35.41,19438012.78,10385.51,10385.51,0.0,both,ok
Covina-Valley Unified,19644360000000,Unified,2023-24,1000 Instruction,12911.47,49.27,36.73,135793388.08,10517.27,10517.27,0.0,both,ok
Covina-Valley Unified,19644360000000,Unified,2023-24,2000 Instruction-Related Services,2030.98,49.27,36.73,21360397.83,10517.27,10517.27,0.0,both,ok
Covina-Valley Unified,19644360000000,Unified,2023-24,3000 Pupil Services,1537.27,49.27,36.73,16167916.42,10517.27,10517.27,0.0,both,ok
Covina-Valley Unified,19644360000000,Unified,2023-24,4000 Ancillary Services,39.76,49.27,36.73,418197.48,10517.27,10517.27,0.0,both,ok
Covina-Valley Unified,19644360000000,Unified,2023-24,7000 General Administration,1239.91,49.27,36.73,13040451.71,10517.27,10517.27,0.0,both,ok
Covina-Valley Unified,19644360000000,Unified,2023-24,8000 Plant Services,1856.76,49.27,36.73,19528060.07,10517.27,10517.27,0.0,both,ok
Covina-Valley Unified,19644360000000,Unified,2024-25,1000 Instruction,13582.86,53.35,39.01,142479471.95,10489.65,10489.65,0.0,both,ok
Covina-Valley Unified,19644360000000,Unified,2024-25,2000 Instruction-Related Services,2202.01,53.35,39.01,23098263.95,10489.65,10489.65,0.0,both,ok
Covina-Valley Unified,19644360000000,Unified,2024-25,3000 Pupil Services,1627.72,53.35,39.01,17074239.44,10489.65,10489.65,0.0,both,ok
Covina-Valley Unified,19644360000000,Unified,2024-25,4000 Ancillary Services,41.55,53.35,39.01,435820.54,10489.65,10489.65,0.0,both,ok
Covina-Valley Unified,19644360000000,Unified,2024-25,7000 General Administration,1232.41,53.35,39.01,12927559.23,10489.65,10489.65,0.0,both,ok
Covina-Valley Unified,19644360000000,Unified,2024-25,8000 Plant Services,1976.8,53.35,39.01,20735939.84,10489.65,10489.65,0.0,both,ok
Culver City Unified,19644440000000,Unified,2022-23,1000 Instruction,9812.36,64.41,50.76,62962258.32,6416.63,6416.63,0.0,both,ok
Culver City Unified,19644440000000,Unified,2022-23,2000 Instruction-Related Services,2624.83,64.41,50.76,16842592.23,6416.63,6416.63,0.0,both,ok
Culver City Unified,19644440000000,Unified,2022-23,3000 Pupil Services,1864.02,64.41,50.76,11960696.73,6416.63,6416.63,0.0,both,ok
Culver City Unified,19644440000000,Unified,2022-23,4000 Ancillary Services,0.47,64.41,50.76,3024.17,6416.63,6416.63,0.0,both,ok
Culver City Unified,19644440000000,Unified,2022-23,7000 General Administration,1242.49,64.41,50.76,7972607.02,6416.63,6416.63,0.0,both,ok
Culver City Unified,19644440000000,Unified,2022-23,8000 Plant Services,1861.51,64.41,50.76,11944643.14,6416.63,6416.63,0.0,both,ok
Culver City Unified,19644440000000,Unified,2023-24,1000 Instruction,11661.54,63.1,51.2,74132615.44,6357.02,6357.02,0.0,both,ok
Culver City Unified,19644440000000,Unified,2023-24,2000 Instruction-Related Services,2923.65,63.1,51.2,18585696.5,6357.02,6357.02,0.0,both,ok
Culver City Unified,19644440000000,Unified,2023-24,3000 Pupil Services,1896.82,63.1,51.2,12058125.28,6357.02,6357.02,0.0,both,ok
Culver City Unified,19644440000000,Unified,2023-24,4000 Ancillary Services,19.76,63.1,51.2,125588.38,6357.02,6357.02,0.0,both,ok
Culver City Unified,19644440000000,Unified,2023-24,7000 General Administration,1633.81,63.1,51.2,10386171.92,6357.02,6357.02,0.0,both,ok
Culver City Unified,19644440000000,Unified,2023-24,8000 Plant Services,1885.22,63.1,51.2,11984400.96,6357.02,6357.02,0.0,both,ok
Culver City Unified,19644440000000,Unified,2024-25,1000 Instruction,11586.31,65.25,53.54,72084015.88,6221.48,6221.48,0.0,both,ok
Culver City Unified,19644440000000,Unified,2024-25,2000 Instruction-Related Services,2823.56,65.25,53.54,17566723.04,6221.48,6221.48,0.0,both,ok
Culver City Unified,19644440000000,Unified,2024-25,3000 Pupil Services,1946.43,65.25,53.54,12109698.94,6221.48,6221.48,0.0,both,ok
Culver City Unified,19644440000000,Unified,2024-25,4000 Ancillary Services,22.03,65.25,53.54,137056.6,6221.48,6221.48,0.0,both,ok
Culver City Unified,19644440000000,Unified,2024-25,7000 General Administration,1157.24,65.25,53.54,7199759.23,6221.48,6221.48,0.0,both,ok
Culver City Unified,19644440000000,Unified,2024-25,8000 Plant Services,1792.29,65.25,53.54,11150713.57,6221.48,6221.48,0.0,both,ok
Downey Unified,19644510000000,Unified,2022-23,1000 Instruction,12888.97,50.41,34.45,264809701.27,20545.45,20545.45,0.0,both,ok
Downey Unified,19644510000000,Unified,2022-23,2000 Instruction-Related Services,1890.28,50.41,34.45,38836605.2,20545.45,20545.45,0.0,both,ok
Downey Unified,19644510000000,Unified,2022-23,3000 Pupil Services,1605.55,50.41,34.45,32986699.64,20545.45,20545.45,0.0,both,ok
Downey Unified,19644510000000,Unified,2022-23,4000 Ancillary Services,69.28,50.41,34.45,1423364.34,20545.45,20545.45,0.0,both,ok
Downey Unified,19644510000000,Unified,2022-23,6000 Enterprise,49.88,50.41,34.45,1024875.66,20545.45,20545.45,0.0,both,ok
Downey Unified,19644510000000,Unified,2022-23,7000 General Administration,898.19,50.41,34.45,18453745.92,20545.45,20545.45,0.0,both,ok
Downey Unified,19644510000000,Unified,2022-23,8000 Plant Services,1251.11,50.41,34.45,25704562.13,20545.45,20545.45,0.0,both,ok
Downey Unified,19644510000000,Unified,2023-24,1000 Instruction,13419.85,52.56,37.21,279990270.54,20863.89,20863.89,0.0,both,ok
Downey Unified,19644510000000,Unified,2023-24,2000 Instruction-Related Services,2047.51,52.56,37.21,42718947.08,20863.89,20863.89,0.0,both,ok
Downey Unified,19644510000000,Unified,2023-24,3000 Pupil Services,1672.56,52.56,37.21,34896017.44,20863.89,20863.89,0.0,both,ok
Downey Unified,19644510000000,Unified,2023-24,4000 Ancillary Services,77.94,52.56,37.21,1626125.83,20863.89,20863.89,0.0,both,ok
Downey Unified,19644510000000,Unified,2023-24,6000 Enterprise,149.29,52.56,37.21,3114814.5,20863.89,20863.89,0.0,both,ok
Downey Unified,19644510000000,Unified,2023-24,7000 General Administration,1008.9,52.56,37.21,21049588.6,20863.89,20863.89,0.0,both,ok
Downey Unified,19644510000000,Unified,2023-24,8000 Plant Services,1329.65,52.56,37.21,27741764.54,20863.89,20863.89,0.0,both,ok
Downey Unified,19644510000000,Unified,2024-25,1000 Instruction,13726.48,55.27,41.5,289192075.26,21068.19,21068.19,0.0,both,ok
Downey Unified,19644510000000,Unified,2024-25,2000 Instruction-Related Services,2124.58,55.27,41.5,44761114.8,21068.19,21068.19,0.0,both,ok
Downey Unified,19644510000000,Unified,2024-25,3000 Pupil Services,1731.8,55.27,41.5,36485939.57,21068.19,21068.19,0.0,both,ok
Downey Unified,19644510000000,Unified,2024-25,4000 Ancillary Services,75.77,55.27,41.5,1596297.31,21068.19,21068.19,0.0,both,ok
Downey Unified,19644510000000,Unified,2024-25,6000 Enterprise,55.99,55.27,41.5,1179502.65,21068.19,21068.19,0.0,both,ok
Downey Unified,19644510000000,Unified,2024-25,7000 General Administration,862.11,55.27,41.5,18163107.58,21068.19,21068.19,0.0,both,ok
Downey Unified,19644510000000,Unified,2024-25,8000 Plant Services,1399.36,55.27,41.5,29481898.65,21068.19,21068.19,0.0,both,ok
Duarte Unified,19644690000000,Unified,2022-23,1000 Instruction,11092.73,46.38,32.27,30886148.29,2784.36,2784.36,0.0,both,ok
Duarte Unified,19644690000000,Unified,2022-23,2000 Instruction-Related Services,1636.59,46.38,32.27,4556852.7,2784.36,2784.36,0.0,both,ok
Duarte Unified,19644690000000,Unified,2022-23,3000 Pupil Services,1677.1,46.38,32.27,4669650.67,2784.36,2784.36,0.0,both,ok
Duarte Unified,19644690000000,Unified,2022-23,4000 Ancillary Services,146.94,46.38,32.27,409130.78,2784.36,2784.36,0.0,both,ok
Duarte Unified,19644690000000,Unified,2022-23,5000 Community Services,0.25,46.38,32.27,702.2,2784.36,2784.36,0.0,both,ok
Duarte Unified,19644690000000,Unified,2022-23,7000 General Administration,2155.86,46.38,32.27,6002690.29,2784.36,2784.36,0.0,both,ok
Duarte Unified,19644690000000,Unified,2022-23,8000 Plant Services,1961.94,46.38,32.27,5462745.77,2784.36,2784.36,0.0,both,ok
Duarte Unified,19644690000000,Unified,2023-24,1000 Instruction,12019.26,46.44,33.94,33464632.73,2784.25,2784.25,0.0,both,ok
Duarte Unified,19644690000000,Unified,2023-24,2000 Instruction-Related Services,1813.12,46.44,33.94,5048170.21,2784.25,2784.25,0.0,both,ok
Duarte Unified,19644690000000,Unified,2023-24,3000 Pupil Services,2272.83,46.44,33.94,6328120.1,2784.25,2784.25,0.0,both,ok
Duarte Unified,19644690000000,Unified,2023-24,4000 Ancillary Services,171.28,46.44,33.94,476879.63,2784.25,2784.25,0.0,both,ok
Duarte Unified,19644690000000,Unified,2023-24,5000 Community Services,2.08,46.44,33.94,5801.18,2784.25,2784.25,0.0,both,ok
Duarte Unified,19644690000000,Unified,2023-24,7000 General Administration,2284.23,46.44,33.94,6359876.84,2784.25,2784.25,0.0,both,ok
Duarte Unified,19644690000000,Unified,2023-24,8000 Plant Services,1816.64,46.44,33.94,5057980.29,2784.25,2784.25,0.0,both,ok
Duarte Unified,19644690000000,Unified,2024-25,1000 Instruction,12037.86,48.79,33.97,33528565.82,2785.26,2785.26,0.0,both,ok
Duarte Unified,19644690000000,Unified,2024-25,2000 Instruction-Related Services,1660.8,48.79,33.97,4625763.7,2785.26,2785.26,0.0,both,ok
Duarte Unified,19644690000000,Unified,2024-25,3000 Pupil Services,2137.22,48.79,33.97,5952702.35,2785.26,2785.26,0.0,both,ok
Duarte Unified,19644690000000,Unified,2024-25,4000 Ancillary Services,198.68,48.79,33.97,553382.02,2785.26,2785.26,0.0,both,ok
Duarte Unified,19644690000000,Unified,2024-25,5000 Community Services,0.5,48.79,33.97,1400.0,2785.26,2785.26,0.0,both,ok
Duarte Unified,19644690000000,Unified,2024-25,7000 General Administration,2085.27,48.79,33.97,5808029.8,2785.26,2785.26,0.0,both,ok
Duarte Unified,19644690000000,Unified,2024-25,8000 Plant Services,1864.72,48.79,33.97,5193739.58,2785.26,2785.26,0.0,both,ok
East Whittier City Elementary,19644850000000,Elementary,2022-23,1000 Instruction,12624.83,58.9,48.93,91228291.44,7226.1,7226.1,0.0,both,ok
East Whittier City Elementary,19644850000000,Elementary,2022-23,2000 Instruction-Related Services,1412.31,58.9,48.93,10205521.66,7226.1,7226.1,0.0,both,ok
East Whittier City Elementary,19644850000000,Elementary,2022-23,3000 Pupil Services,1108.56,58.9,48.93,8010576.33,7226.1,7226.1,0.0,both,ok
East Whittier City Elementary,19644850000000,Elementary,2022-23,7000 General Administration,1379.08,58.9,48.93,9965335.15,7226.1,7226.1,0.0,both,ok
East Whittier City Elementary,19644850000000,Elementary,2022-23,8000 Plant Services,1661.24,58.9,48.93,12004295.49,7226.1,7226.1,0.0,both,ok
East Whittier City Elementary,19644850000000,Elementary,2023-24,1000 Instruction,12820.5,57.75,49.48,94237452.84,7350.53,7350.53,0.0,both,ok
East Whittier City Elementary,19644850000000,Elementary,2023-24,2000 Instruction-Related Services,1452.23,57.75,49.48,10674624.77,7350.53,7350.53,0.0,both,ok
East Whittier City Elementary,19644850000000,Elementary,2023-24,3000 Pupil Services,1264.89,57.75,49.48,9297601.47,7350.53,7350.53,0.0,both,ok
East Whittier City Elementary,19644850000000,Elementary,2023-24,7000 General Administration,1484.44,57.75,49.48,10911422.54,7350.53,7350.53,0.0,both,ok
East Whittier City Elementary,19644850000000,Elementary,2023-24,8000 Plant Services,1594.3,57.75,49.48,11718938.09,7350.53,7350.53,0.0,both,ok
East Whittier City Elementary,19644850000000,Elementary,2024-25,1000 Instruction,13554.24,59.89,50.82,97629665.92,7202.89,7202.89,0.0,both,ok
East Whittier City Elementary,19644850000000,Elementary,2024-25,2000 Instruction-Related Services,1545.29,59.89,50.82,11130530.16,7202.89,7202.89,0.0,both,ok
East Whittier City Elementary,19644850000000,Elementary,2024-25,3000 Pupil Services,1370.08,59.89,50.82,9868534.61,7202.89,7202.89,0.0,both,ok
East Whittier City Elementary,19644850000000,Elementary,2024-25,7000 General Administration,1565.97,59.89,50.82,11279483.63,7202.89,7202.89,0.0,both,ok
East Whittier City Elementary,19644850000000,Elementary,2024-25,8000 Plant Services,1787.62,59.89,50.82,12876007.51,7202.89,7202.89,0.0,both,ok
Eastside Union Elementary,19644770000000,Elementary,2022-23,1000 Instruction,12239.74,21.35,12.48,33560278.61,2741.91,2741.91,0.0,both,ok
Eastside Union Elementary,19644770000000,Elementary,2022-23,2000 Instruction-Related Services,1488.54,21.35,12.48,4081431.09,2741.91,2741.91,0.0,both,ok
Eastside Union Elementary,19644770000000,Elementary,2022-23,3000 Pupil Services,2290.47,21.35,12.48,6280274.37,2741.91,2741.91,0.0,both,ok
Eastside Union Elementary,19644770000000,Elementary,2022-23,7000 General Administration,1603.93,21.35,12.48,4397821.22,2741.91,2741.91,0.0,both,ok
Eastside Union Elementary,19644770000000,Elementary,2022-23,8000 Plant Services,2243.99,21.35,12.48,6152818.32,2741.91,2741.91,0.0,both,ok
Eastside Union Elementary,19644770000000,Elementary,2023-24,1000 Instruction,13548.91,21.02,14.41,36393060.98,2686.05,2686.05,0.0,both,ok
Eastside Union Elementary,19644770000000,Elementary,2023-24,2000 Instruction-Related Services,1767.4,21.02,14.41,4747328.75,2686.05,2686.05,0.0,both,ok
Eastside Union Elementary,19644770000000,Elementary,2023-24,3000 Pupil Services,2687.3,21.02,14.41,7218234.23,2686.05,2686.05,0.0,both,ok
Eastside Union Elementary,19644770000000,Elementary,2023-24,7000 General Administration,1750.96,21.02,14.41,4703175.57,2686.05,2686.05,0.0,both,ok
Eastside Union Elementary,19644770000000,Elementary,2023-24,8000 Plant Services,2880.81,21.02,14.41,7737991.22,2686.05,2686.05,0.0,both,ok
Eastside Union Elementary,19644770000000,Elementary,2024-25,1000 Instruction,13314.3,22.53,14.93,36044751.86,2707.22,2707.22,0.0,both,ok
Eastside Union Elementary,19644770000000,Elementary,2024-25,2000 Instruction-Related Services,1958.65,22.53,14.93,5302486.23,2707.22,2707.22,0.0,both,ok
Eastside Union Elementary,19644770000000,Elementary,2024-25,3000 Pupil Services,2964.69,22.53,14.93,8026062.22,2707.22,2707.22,0.0,both,ok
Eastside Union Elementary,19644770000000,Elementary,2024-25,7000 General Administration,2433.73,22.53,14.93,6588643.01,2707.22,2707.22,0.0,both,ok
Eastside Union Elementary,19644770000000,Elementary,2024-25,8000 Plant Services,2490.42,22.53,14.93,6742102.32,2707.22,2707.22,0.0,both,ok
El Monte City,19645010000000,Elementary,2022-23,1000 Instruction,14549.17,46.99,35.85,99992353.17,6872.72,6872.72,0.0,both,ok
El Monte City,19645010000000,Elementary,2022-23,2000 Instruction-Related Services,3202.98,46.99,35.85,22013184.77,6872.72,6872.72,0.0,both,ok
El Monte City,19645010000000,Elementary,2022-23,3000 Pupil Services,1837.78,46.99,35.85,12630530.56,6872.72,6872.72,0.0,both,ok
El Monte City,19645010000000,Elementary,2022-23,5000 Community Services,23.34,46.99,35.85,160384.36,6872.72,6872.72,0.0,both,ok
El Monte City,19645010000000,Elementary,2022-23,7000 General Administration,1017.7,46.99,35.85,6994392.62,6872.72,6872.72,0.0,both,ok
El Monte City,19645010000000,Elementary,2022-23,8000 Plant Services,1923.37,46.99,35.85,13218783.96,6872.72,6872.72,0.0,both,ok
El Monte City,19645010000000,Elementary,2022-23,9000 Other Outgo,0.22,46.99,35.85,1500.0,6872.72,6872.72,0.0,both,ok
El Monte City,19645010000000,Elementary,2023-24,1000 Instruction,15929.06,46.67,36.28,109220486.22,6856.68,6856.68,0.0,both,ok
El Monte City,19645010000000,Elementary,2023-24,2000 Instruction-Related Services,3043.55,46.67,36.28,20868663.56,6856.68,6856.68,0.0,both,ok
El Monte City,19645010000000,Elementary,2023-24,3000 Pupil Services,2421.43,46.67,36.28,16602984.55,6856.68,6856.68,0.0,both,ok
El Monte City,19645010000000,Elementary,2023-24,5000 Community Services,42.28,46.67,36.28,289913.75,6856.68,6856.68,0.0,both,ok
El Monte City,19645010000000,Elementary,2023-24,7000 General Administration,1072.35,46.67,36.28,7352738.01,6856.68,6856.68,0.0,both,ok
El Monte City,19645010000000,Elementary,2023-24,8000 Plant Services,2091.02,46.67,36.28,14337456.5,6856.68,6856.68,0.0,both,ok
El Monte City,19645010000000,Elementary,2023-24,9000 Other Outgo,0.29,46.67,36.28,2000.0,6856.68,6856.68,0.0,both,ok
El Monte City,19645010000000,Elementary,2024-25,1000 Instruction,17549.13,47.86,36.59,116467622.65,6636.66,6636.66,0.0,both,ok
El Monte City,19645010000000,Elementary,2024-25,2000 Instruction-Related Services,3147.86,47.86,36.59,20891284.37,6636.66,6636.66,0.0,both,ok
El Monte City,19645010000000,Elementary,2024-25,3000 Pupil Services,3120.37,47.86,36.59,20708818.78,6636.66,6636.66,0.0,both,ok
El Monte City,19645010000000,Elementary,2024-25,5000 Community Services,87.48,47.86,36.59,580548.0,6636.66,6636.66,0.0,both,ok
El Monte City,19645010000000,Elementary,2024-25,7000 General Administration,1281.76,47.86,36.59,8506586.67,6636.66,6636.66,0.0,both,ok
El Monte City,19645010000000,Elementary,2024-25,8000 Plant Services,2410.65,47.86,36.59,15998678.91,6636.66,6636.66,0.0,both,ok
El Monte City,19645010000000,Elementary,2024-25,9000 Other Outgo,0.49,47.86,36.59,3250.0,6636.66,6636.66,0.0,both,ok
El Monte Union High,19645190000000,High School,2022-23,1000 Instruction,11144.97,60.18,25.17,80458212.96,7219.24,7219.24,0.0,both,ok
El Monte Union High,19645190000000,High School,2022-23,2000 Instruction-Related Services,2135.43,60.18,25.17,15416181.16,7219.24,7219.24,0.0,both,ok
El Monte Union High,19645190000000,High School,2022-23,3000 Pupil Services,3028.1,60.18,25.17,21860565.32,7219.24,7219.24,0.0,both,ok
El Monte Union High,19645190000000,High School,2022-23,4000 Ancillary Services,689.97,60.18,25.17,4981075.5,7219.24,7219.24,0.0,both,ok
El Monte Union High,19645190000000,High School,2022-23,5000 Community Services,5.78,60.18,25.17,41700.0,7219.24,7219.24,0.0,both,ok
El Monte Union High,19645190000000,High School,2022-23,7000 General Administration,1306.94,60.18,25.17,9435092.66,7219.24,7219.24,0.0,both,ok
El Monte Union High,19645190000000,High School,2022-23,8000 Plant Services,2239.16,60.18,25.17,16165011.27,7219.24,7219.24,0.0,both,ok
El Monte Union High,19645190000000,High School,2023-24,1000 Instruction,13289.55,57.75,28.14,88757827.05,6678.77,6678.77,0.0,both,ok
El Monte Union High,19645190000000,High School,2023-24,2000 Instruction-Related Services,2466.66,57.75,28.14,16474258.68,6678.77,6678.77,0.0,both,ok
El Monte Union High,19645190000000,High School,2023-24,3000 Pupil Services,3818.76,57.75,28.14,25504628.38,6678.77,6678.77,0.0,both,ok
El Monte Union High,19645190000000,High School,2023-24,4000 Ancillary Services,663.45,57.75,28.14,4431037.12,6678.77,6678.77,0.0,both,ok
El Monte Union High,19645190000000,High School,2023-24,5000 Community Services,4.48,57.75,28.14,29889.15,6678.77,6678.77,0.0,both,ok
El Monte Union High,19645190000000,High School,2023-24,7000 General Administration,1614.78,57.75,28.14,10784777.59,6678.77,6678.77,0.0,both,ok
El Monte Union High,19645190000000,High School,2023-24,8000 Plant Services,3381.01,57.75,28.14,22581011.94,6678.77,6678.77,0.0,both,ok
El Monte Union High,19645190000000,High School,2024-25,1000 Instruction,12803.89,58.32,30.13,86045591.16,6720.27,6720.27,0.0,both,ok
El Monte Union High,19645190000000,High School,2024-25,2000 Instruction-Related Services,2503.86,58.32,30.13,16826603.36,6720.27,6720.27,0.0,both,ok
El Monte Union High,19645190000000,High School,2024-25,3000 Pupil Services,4107.82,58.32,30.13,27605689.62,6720.27,6720.27,0.0,both,ok
El Monte Union High,19645190000000,High School,2024-25,4000 Ancillary Services,698.82,58.32,30.13,4696233.68,6720.27,6720.27,0.0,both,ok
El Monte Union High,19645190000000,High School,2024-25,5000 Community Services,4.9,58.32,30.13,32900.0,6720.27,6720.27,0.0,both,ok
El Monte Union High,19645190000000,High School,2024-25,7000 General Administration,1537.49,58.32,30.13,10332356.22,6720.27,6720.27,0.0,both,ok
El Monte Union High,19645190000000,High School,2024-25,8000 Plant Services,3525.49,58.32,30.13,23692251.83,6720.27,6720.27,0.0,both,ok
El Rancho Unified,19645270000000,Unified,2022-23,1000 Instruction,11367.06,38.15,23.94,76224991.35,6705.78,6705.78,0.0,both,ok
El Rancho Unified,19645270000000,Unified,2022-23,2000 Instruction-Related Services,2076.65,38.15,23.94,13925569.36,6705.78,6705.78,0.0,both,ok
El Rancho Unified,19645270000000,Unified,2022-23,3000 Pupil Services,1671.9,38.15,23.94,11211383.14,6705.78,6705.78,0.0,both,ok
El Rancho Unified,19645270000000,Unified,2022-23,4000 Ancillary Services,45.85,38.15,23.94,307483.74,6705.78,6705.78,0.0,both,ok
El Rancho Unified,19645270000000,Unified,2022-23,6000 Enterprise,99.71,38.15,23.94,668639.23,6705.78,6705.78,0.0,both,ok
El Rancho Unified,19645270000000,Unified,2022-23,7000 General Administration,1514.42,38.15,23.94,10155361.7,6705.78,6705.78,0.0,both,ok
El Rancho Unified,19645270000000,Unified,2022-23,8000 Plant Services,2042.06,38.15,23.94,13693625.58,6705.78,6705.78,0.0,both,ok
El Rancho Unified,19645270000000,Unified,2023-24,1000 Instruction,11963.12,38.77,26.45,78928572.42,6597.66,6597.66,0.0,both,ok
El Rancho Unified,19645270000000,Unified,2023-24,2000 Instruction-Related Services,2441.66,38.77,26.45,16109248.14,6597.66,6597.66,0.0,both,ok
El Rancho Unified,19645270000000,Unified,2023-24,3000 Pupil Services,1888.08,38.77,26.45,12456915.34,6597.66,6597.66,0.0,both,ok
El Rancho Unified,19645270000000,Unified,2023-24,4000 Ancillary Services,94.41,38.77,26.45,622908.16,6597.66,6597.66,0.0,both,ok
El Rancho Unified,19645270000000,Unified,2023-24,6000 Enterprise,129.17,38.77,26.45,852208.1,6597.66,6597.66,0.0,both,ok
El Rancho Unified,19645270000000,Unified,2023-24,7000 General Administration,1530.12,38.77,26.45,10095197.54,6597.66,6597.66,0.0,both,ok
El Rancho Unified,19645270000000,Unified,2023-24,8000 Plant Services,2189.61,38.77,26.45,14446285.92,6597.66,6597.66,0.0,both,ok
El Rancho Unified,19645270000000,Unified,2024-25,1000 Instruction,13084.58,39.99,29.35,83763182.77,6401.67,6401.67,0.0,both,ok
El Rancho Unified,19645270000000,Unified,2024-25,2000 Instruction-Related Services,2898.93,39.99,29.35,18557962.31,6401.67,6401.67,0.0,both,ok
El Rancho Unified,19645270000000,Unified,2024-25,3000 Pupil Services,2286.66,39.99,29.35,14638412.3,6401.67,6401.67,0.0,both,ok
El Rancho Unified,19645270000000,Unified,2024-25,4000 Ancillary Services,143.43,39.99,29.35,918181.26,6401.67,6401.67,0.0,both,ok
El Rancho Unified,19645270000000,Unified,2024-25,6000 Enterprise,138.66,39.99,29.35,887634.5,6401.67,6401.67,0.0,both,ok
El Rancho Unified,19645270000000,Unified,2024-25,7000 General Administration,1792.58,39.99,29.35,11475496.78,6401.67,6401.67,0.0,both,ok
El Rancho Unified,19645270000000,Unified,2024-25,8000 Plant Services,2729.99,39.99,29.35,17476525.84,6401.67,6401.67,0.0,both,ok
El Segundo Unified,19645350000000,Unified,2022-23,1000 Instruction,8844.86,74.61,69.27,29424565.51,3326.74,3326.74,0.0,both,ok
El Segundo Unified,19645350000000,Unified,2022-23,2000 Instruction-Related Services,1099.11,74.61,69.27,3656442.44,3326.74,3326.74,0.0,both,ok
El Segundo Unified,19645350000000,Unified,2022-23,3000 Pupil Services,970.17,74.61,69.27,3227501.28,3326.74,3326.74,0.0,both,ok
El Segundo Unified,19645350000000,Unified,2022-23,4000 Ancillary Services,28.16,74.61,69.27,93668.61,3326.74,3326.74,0.0,both,ok
El Segundo Unified,19645350000000,Unified,2022-23,5000 Community Services,503.0,74.61,69.27,1673345.82,3326.74,3326.74,0.0,both,ok
El Segundo Unified,19645350000000,Unified,2022-23,6000 Enterprise,268.52,74.61,69.27,893290.51,3326.74,3326.74,0.0,both,ok
El Segundo Unified,19645350000000,Unified,2022-23,7000 General Administration,1396.55,74.61,69.27,4645959.4,3326.74,3326.74,0.0,both,ok
El Segundo Unified,19645350000000,Unified,2022-23,8000 Plant Services,1437.3,74.61,69.27,4781536.1,3326.74,3326.74,0.0,both,ok
El Segundo Unified,19645350000000,Unified,2023-24,1000 Instruction,9901.94,75.89,70.3,33936928.68,3427.3,3427.3,0.0,both,ok
El Segundo Unified,19645350000000,Unified,2023-24,2000 Instruction-Related Services,1168.87,75.89,70.3,4006061.36,3427.3,3427.3,0.0,both,ok
El Segundo Unified,19645350000000,Unified,2023-24,3000 Pupil Services,1120.63,75.89,70.3,3840720.65,3427.3,3427.3,0.0,both,ok
El Segundo Unified,19645350000000,Unified,2023-24,4000 Ancillary Services,27.93,75.89,70.3,95726.9,3427.3,3427.3,0.0,both,ok
El Segundo Unified,19645350000000,Unified,2023-24,5000 Community Services,672.18,75.89,70.3,2303752.9,3427.3,3427.3,0.0,both,ok
El Segundo Unified,19645350000000,Unified,2023-24,6000 Enterprise,278.65,75.89,70.3,955024.86,3427.3,3427.3,0.0,both,ok
El Segundo Unified,19645350000000,Unified,2023-24,7000 General Administration,1431.35,75.89,70.3,4905666.63,3427.3,3427.3,0.0,both,ok
El Segundo Unified,19645350000000,Unified,2023-24,8000 Plant Services,1702.67,75.89,70.3,5835545.68,3427.3,3427.3,0.0,both,ok
El Segundo Unified,19645350000000,Unified,2024-25,1000 Instruction,10199.9,76.98,70.21,33971077.51,3330.53,3330.53,0.0,both,ok
El Segundo Unified,19645350000000,Unified,2024-25,2000 Instruction-Related Services,1222.11,76.98,70.21,4070285.6,3330.53,3330.53,0.0,both,ok
El Segundo Unified,19645350000000,Unified,2024-25,3000 Pupil Services,1219.58,76.98,70.21,4061853.89,3330.53,3330.53,0.0,both,ok
El Segundo Unified,19645350000000,Unified,2024-25,4000 Ancillary Services,23.99,76.98,70.21,79901.25,3330.53,3330.53,0.0,both,ok
El Segundo Unified,19645350000000,Unified,2024-25,5000 Community Services,748.46,76.98,70.21,2492767.94,3330.53,3330.53,0.0,both,ok
El Segundo Unified,19645350000000,Unified,2024-25,6000 Enterprise,197.92,76.98,70.21,659181.18,3330.53,3330.53,0.0,both,ok
El Segundo Unified,19645350000000,Unified,2024-25,7000 General Administration,1531.81,76.98,70.21,5101729.24,3330.53,3330.53,0.0,both,ok
El Segundo Unified,19645350000000,Unified,2024-25,8000 Plant Services,1924.71,76.98,70.21,6410292.5,3330.53,3330.53,0.0,both,ok
Garvey Elementary,19645500000000,Elementary,2022-23,1000 Instruction,12814.09,56.5,53.38,51828756.72,4044.67,4044.67,0.0,both,ok
Garvey Elementary,19645500000000,Elementary,2022-23,2000 Instruction-Related Services,2137.42,56.5,53.38,8645178.67,4044.67,4044.67,0.0,both,ok
Garvey Elementary,19645500000000,Elementary,2022-23,3000 Pupil Services,2438.09,56.5,53.38,9861260.71,4044.67,4044.67,0.0,both,ok
Garvey Elementary,19645500000000,Elementary,2022-23,7000 General Administration,2012.47,56.5,53.38,8139780.36,4044.67,4044.67,0.0,both,ok
Garvey Elementary,19645500000000,Elementary,2022-23,8000 Plant Services,1803.87,56.5,53.38,7296056.29,4044.67,4044.67,0.0,both,ok
Garvey Elementary,19645500000000,Elementary,2023-24,1000 Instruction,12494.63,56.5,52.0,50955705.8,4078.21,4078.21,0.0,both,ok
Garvey Elementary,19645500000000,Elementary,2023-24,2000 Instruction-Related Services,2885.44,56.5,52.0,11767449.78,4078.21,4078.21,0.0,both,ok
Garvey Elementary,19645500000000,Elementary,2023-24,3000 Pupil Services,2246.11,56.5,52.0,9160115.01,4078.21,4078.21,0.0,both,ok
Garvey Elementary,19645500000000,Elementary,2023-24,7000 General Administration,1532.87,56.5,52.0,6251372.25,4078.21,4078.21,0.0,both,ok
Garvey Elementary,19645500000000,Elementary,2023-24,8000 Plant Services,1937.46,56.5,52.0,7901379.83,4078.21,4078.21,0.0,both,ok
Garvey Elementary,19645500000000,Elementary,2024-25,1000 Instruction,12930.48,55.86,51.85,52822173.3,4085.09,4085.09,0.0,both,ok
Garvey Elementary,19645500000000,Elementary,2024-25,2000 Instruction-Related Services,2563.83,55.86,51.85,10473476.53,4085.09,4085.09,0.0,both,ok
Garvey Elementary,19645500000000,Elementary,2024-25,3000 Pupil Services,2304.78,55.86,51.85,9415251.04,4085.09,4085.09,0.0,both,ok
Garvey Elementary,19645500000000,Elementary,2024-25,7000 General Administration,1769.78,55.86,51.85,7229709.83,4085.09,4085.09,0.0,both,ok
Garvey Elementary,19645500000000,Elementary,2024-25,8000 Plant Services,2196.51,55.86,51.85,8972947.55,4085.09,4085.09,0.0,both,ok
Glendale Unified,19645680000000,Unified,2022-23,1000 Instruction,12018.47,62.04,52.32,278540363.65,23176.02,23176.02,0.0,both,ok
Glendale Unified,19645680000000,Unified,2022-23,2000 Instruction-Related Services,1803.21,62.04,52.32,41791144.82,23176.02,23176.02,0.0,both,ok
Glendale Unified,19645680000000,Unified,2022-23,3000 Pupil Services,1141.0,62.04,52.32,26443857.08,23176.02,23176.02,0.0,both,ok
Glendale Unified,19645680000000,Unified,2022-23,4000 Ancillary Services,79.34,62.04,52.32,1838773.38,23176.02,23176.02,0.0,both,ok
Glendale Unified,19645680000000,Unified,2022-23,5000 Community Services,26.44,62.04,52.32,612687.2,23176.02,23176.02,0.0,both,ok
Glendale Unified,19645680000000,Unified,2022-23,7000 General Administration,931.83,62.04,52.32,21596031.88,23176.02,23176.02,0.0,both,ok
Glendale Unified,19645680000000,Unified,2022-23,8000 Plant Services,1315.21,62.04,52.32,30481252.02,23176.02,23176.02,0.0,both,ok
Glendale Unified,19645680000000,Unified,2023-24,1000 Instruction,11398.12,59.79,51.1,271149498.69,23788.96,23788.96,0.0,both,ok
Glendale Unified,19645680000000,Unified,2023-24,2000 Instruction-Related Services,1814.92,59.79,51.1,43175030.28,23788.96,23788.96,0.0,both,ok
Glendale Unified,19645680000000,Unified,2023-24,3000 Pupil Services,1218.61,59.79,51.1,28989493.02,23788.96,23788.96,0.0,both,ok
Glendale Unified,19645680000000,Unified,2023-24,4000 Ancillary Services,75.5,59.79,51.1,1795968.45,23788.96,23788.96,0.0,both,ok
Glendale Unified,19645680000000,Unified,2023-24,5000 Community Services,29.83,59.79,51.1,709530.93,23788.96,23788.96,0.0,both,ok
Glendale Unified,19645680000000,Unified,2023-24,7000 General Administration,828.59,59.79,51.1,19711329.72,23788.96,23788.96,0.0,both,ok
Glendale Unified,19645680000000,Unified,2023-24,8000 Plant Services,1279.86,59.79,51.1,30446533.22,23788.96,23788.96,0.0,both,ok
Glendale Unified,19645680000000,Unified,2024-25,1000 Instruction,11714.46,60.12,52.27,283164367.01,24172.2,24172.2,0.0,both,ok
Glendale Unified,19645680000000,Unified,2024-25,2000 Instruction-Related Services,2358.89,60.12,52.27,57019573.8,24172.2,24172.2,0.0,both,ok
Glendale Unified,19645680000000,Unified,2024-25,3000 Pupil Services,1232.15,60.12,52.27,29783891.7,24172.2,24172.2,0.0,both,ok
Glendale Unified,19645680000000,Unified,2024-25,4000 Ancillary Services,91.11,60.12,52.27,2202335.97,24172.2,24172.2,0.0,both,ok
Glendale Unified,19645680000000,Unified,2024-25,5000 Community Services,32.04,60.12,52.27,774461.82,24172.2,24172.2,0.0,both,ok
Glendale Unified,19645680000000,Unified,2024-25,7000 General Administration,793.22,60.12,52.27,19173990.69,24172.2,24172.2,0.0,both,ok
Glendale Unified,19645680000000,Unified,2024-25,8000 Plant Services,1434.73,60.12,52.27,34680619.29,24172.2,24172.2,0.0,both,ok
Glendora Unified,19645760000000,Unified,2022-23,1000 Instruction,9989.35,61.84,51.48,61672959.19,6173.87,6173.87,0.0,both,ok
Glendora Unified,19645760000000,Unified,2022-23,2000 Instruction-Related Services,1352.72,61.84,51.48,8351508.78,6173.87,6173.87,0.0,both,ok
Glendora Unified,19645760000000,Unified,2022-23,3000 Pupil Services,918.17,61.84,51.48,5668688.24,6173.87,6173.87,0.0,both,ok
Glendora Unified,19645760000000,Unified,2022-23,4000 Ancillary Services,28.49,61.84,51.48,175914.87,6173.87,6173.87,0.0,both,ok
Glendora Unified,19645760000000,Unified,2022-23,7000 General Administration,855.75,61.84,51.48,5283306.59,6173.87,6173.87,0.0,both,ok
Glendora Unified,19645760000000,Unified,2022-23,8000 Plant Services,1171.26,61.84,51.48,7231233.58,6173.87,6173.87,0.0,both,ok
Glendora Unified,19645760000000,Unified,2023-24,1000 Instruction,11377.03,61.23,50.77,69839505.62,6138.64,6138.64,0.0,both,ok
Glendora Unified,19645760000000,Unified,2023-24,2000 Instruction-Related Services,1675.37,61.23,50.77,10284468.29,6138.64,6138.64,0.0,both,ok
Glendora Unified,19645760000000,Unified,2023-24,3000 Pupil Services,1018.69,61.23,50.77,6253361.71,6138.64,6138.64,0.0,both,ok
Glendora Unified,19645760000000,Unified,2023-24,4000 Ancillary Services,32.07,61.23,50.77,196865.09,6138.64,6138.64,0.0,both,ok
Glendora Unified,19645760000000,Unified,2023-24,6000 Enterprise,203.98,61.23,50.77,1252180.36,6138.64,6138.64,0.0,both,ok
Glendora Unified,19645760000000,Unified,2023-24,7000 General Administration,843.02,61.23,50.77,5174983.7,6138.64,6138.64,0.0,both,ok
Glendora Unified,19645760000000,Unified,2023-24,8000 Plant Services,1315.39,61.23,50.77,8074697.66,6138.64,6138.64,0.0,both,ok
Glendora Unified,19645760000000,Unified,2024-25,1000 Instruction,11527.53,61.93,54.37,70502113.29,6115.98,6115.98,0.0,both,ok
Glendora Unified,19645760000000,Unified,2024-25,2000 Instruction-Related Services,1618.06,61.93,54.37,9895997.25,6115.98,6115.98,0.0,both,ok
Glendora Unified,19645760000000,Unified,2024-25,3000 Pupil Services,1062.78,61.93,54.37,6499914.4,6115.98,6115.98,0.0,both,ok
Glendora Unified,19645760000000,Unified,2024-25,4000 Ancillary Services,18.03,61.93,54.37,110298.51,6115.98,6115.98,0.0,both,ok
Glendora Unified,19645760000000,Unified,2024-25,6000 Enterprise,109.78,61.93,54.37,671392.48,6115.98,6115.98,0.0,both,ok
Glendora Unified,19645760000000,Unified,2024-25,7000 General Administration,1049.91,61.93,54.37,6421250.59,6115.98,6115.98,0.0,both,ok
Glendora Unified,19645760000000,Unified,2024-25,8000 Plant Services,1533.07,61.93,54.37,9376207.16,6115.98,6115.98,0.0,both,ok
Gorman Joint,19645840000000,Elementary,2022-23,1000 Instruction,8177.58,47.27,25.45,665164.58,81.34,81.34,0.0,both,ok
Gorman Joint,19645840000000,Elementary,2022-23,2000 Instruction-Related Services,2348.89,47.27,25.45,191058.62,81.34,81.34,0.0,both,ok
Gorman Joint,19645840000000,Elementary,2022-23,3000 Pupil Services,3525.34,47.27,25.45,286750.75,81.34,81.34,0.0,both,ok
Gorman Joint,19645840000000,Elementary,2022-23,7000 General Administration,2589.66,47.27,25.45,210643.24,81.34,81.34,0.0,both,ok
Gorman Joint,19645840000000,Elementary,2022-23,8000 Plant Services,2080.09,47.27,25.45,169194.77,81.34,81.34,0.0,both,ok
Gorman Joint,19645840000000,Elementary,2023-24,1000 Instruction,8779.0,49.23,32.31,769303.59,87.63,87.63,0.0,both,ok
Gorman Joint,19645840000000,Elementary,2023-24,2000 Instruction-Related Services,3388.58,49.23,32.31,296941.54,87.63,87.63,0.0,both,ok
Gorman Joint,19645840000000,Elementary,2023-24,3000 Pupil Services,3140.39,49.23,32.31,275192.16,87.63,87.63,0.0,both,ok
Gorman Joint,19645840000000,Elementary,2023-24,7000 General Administration,1648.98,49.23,32.31,144499.87,87.63,87.63,0.0,both,ok
Gorman Joint,19645840000000,Elementary,2023-24,8000 Plant Services,1637.93,49.23,32.31,143531.66,87.63,87.63,0.0,both,ok
Gorman Joint,19645840000000,Elementary,2024-25,1000 Instruction,8594.16,54.67,41.33,1012048.56,117.76,117.76,0.0,both,ok
Gorman Joint,19645840000000,Elementary,2024-25,2000 Instruction-Related Services,2437.41,54.67,41.33,287029.07,117.76,117.76,0.0,both,ok
Gorman Joint,19645840000000,Elementary,2024-25,3000 Pupil Services,3441.1,54.67,41.33,405223.7,117.76,117.76,0.0,both,ok
Gorman Joint,19645840000000,Elementary,2024-25,7000 General Administration,1477.46,54.67,41.33,173985.25,117.76,117.76,0.0,both,ok
Gorman Joint,19645840000000,Elementary,2024-25,8000 Plant Services,1729.58,54.67,41.33,203675.1,117.76,117.76,0.0,both,ok
Hacienda la Puente Unified,19734450000000,Unified,2022-23,1000 Instruction,10773.53,48.37,35.21,161403135.93,14981.45,14981.45,0.0,both,ok
Hacienda la Puente Unified,19734450000000,Unified,2022-23,2000 Instruction-Related Services,2245.78,48.37,35.21,33645076.4,14981.45,14981.45,0.0,both,ok
Hacienda la Puente Unified,19734450000000,Unified,2022-23,3000 Pupil Services,1686.31,48.37,35.21,25263333.22,14981.45,14981.45,0.0,both,ok
Hacienda la Puente Unified,19734450000000,Unified,2022-23,4000 Ancillary Services,94.86,48.37,35.21,1421142.78,14981.45,14981.45,0.0,both,ok
Hacienda la Puente Unified,19734450000000,Unified,2022-23,5000 Community Services,6.78,48.37,35.21,101602.91,14981.45,14981.45,0.0,both,ok
Hacienda la Puente Unified,19734450000000,Unified,2022-23,7000 General Administration,1159.82,48.37,35.21,17375847.77,14981.45,14981.45,0.0,both,ok
Hacienda la Puente Unified,19734450000000,Unified,2022-23,8000 Plant Services,1899.42,48.37,35.21,28456074.74,14981.45,14981.45,0.0,both,ok
Hacienda la Puente Unified,19734450000000,Unified,2023-24,1000 Instruction,12000.59,48.59,36.92,178274078.74,14855.44,14855.44,0.0,both,ok
Hacienda la Puente Unified,19734450000000,Unified,2023-24,2000 Instruction-Related Services,2584.77,48.59,36.92,38397941.15,14855.44,14855.44,0.0,both,ok
Hacienda la Puente Unified,19734450000000,Unified,2023-24,3000 Pupil Services,1823.3,48.59,36.92,27085849.91,14855.44,14855.44,0.0,both,ok
Hacienda la Puente Unified,19734450000000,Unified,2023-24,4000 Ancillary Services,132.83,48.59,36.92,1973238.19,14855.44,14855.44,0.0,both,ok
Hacienda la Puente Unified,19734450000000,Unified,2023-24,5000 Community Services,8.08,48.59,36.92,120073.29,14855.44,14855.44,0.0,both,ok
Hacienda la Puente Unified,19734450000000,Unified,2023-24,7000 General Administration,1199.08,48.59,36.92,17812884.71,14855.44,14855.44,0.0,both,ok
Hacienda la Puente Unified,19734450000000,Unified,2023-24,8000 Plant Services,2125.61,48.59,36.92,31576863.74,14855.44,14855.44,0.0,both,ok
Hacienda la Puente Unified,19734450000000,Unified,2024-25,1000 Instruction,13073.09,50.39,40.12,189569798.42,14500.76,14500.76,0.0,both,ok
Hacienda la Puente Unified,19734450000000,Unified,2024-25,2000 Instruction-Related Services,2646.16,50.39,40.12,38371299.53,14500.76,14500.76,0.0,both,ok
Hacienda la Puente Unified,19734450000000,Unified,2024-25,3000 Pupil Services,1803.96,50.39,40.12,26158790.63,14500.76,14500.76,0.0,both,ok
Hacienda la Puente Unified,19734450000000,Unified,2024-25,4000 Ancillary Services,137.0,50.39,40.12,1986551.24,14500.76,14500.76,0.0,both,ok
Hacienda la Puente Unified,19734450000000,Unified,2024-25,5000 Community Services,5.52,50.39,40.12,80094.71,14500.76,14500.76,0.0,both,ok
Hacienda la Puente Unified,19734450000000,Unified,2024-25,7000 General Administration,1318.34,50.39,40.12,19116936.47,14500.76,14500.76,0.0,both,ok
Hacienda la Puente Unified,19734450000000,Unified,2024-25,8000 Plant Services,3668.0,50.39,40.12,53188778.29,14500.76,14500.76,0.0,both,ok
Hawthorne,19645920000000,Elementary,2022-23,1000 Instruction,12978.19,41.01,31.48,78226412.52,6027.53,6027.53,0.0,both,ok
Hawthorne,19645920000000,Elementary,2022-23,2000 Instruction-Related Services,2276.02,41.01,31.48,13718761.33,6027.53,6027.53,0.0,both,ok
Hawthorne,19645920000000,Elementary,2022-23,3000 Pupil Services,1801.19,41.01,31.48,10856726.52,6027.53,6027.53,0.0,both,ok
Hawthorne,19645920000000,Elementary,2022-23,4000 Ancillary Services,0.02,41.01,31.48,107.99,6027.53,6027.53,0.0,both,ok
Hawthorne,19645920000000,Elementary,2022-23,5000 Community Services,294.84,41.01,31.48,1777139.85,6027.53,6027.53,0.0,both,ok
Hawthorne,19645920000000,Elementary,2022-23,7000 General Administration,1183.18,41.01,31.48,7131638.1,6027.53,6027.53,0.0,both,ok
Hawthorne,19645920000000,Elementary,2022-23,8000 Plant Services,2266.67,41.01,31.48,13662413.94,6027.53,6027.53,0.0,both,ok
Hawthorne,19645920000000,Elementary,2023-24,1000 Instruction,12791.45,39.32,29.88,76910238.5,6012.63,6012.63,0.0,both,ok
Hawthorne,19645920000000,Elementary,2023-24,2000 Instruction-Related Services,2591.26,39.32,29.88,15580287.46,6012.63,6012.63,0.0,both,ok
Hawthorne,19645920000000,Elementary,2023-24,3000 Pupil Services,2126.12,39.32,29.88,12783553.54,6012.63,6012.63,0.0,both,ok
Hawthorne,19645920000000,Elementary,2023-24,4000 Ancillary Services,0.56,39.32,29.88,3392.6,6012.63,6012.63,0.0,both,ok
Hawthorne,19645920000000,Elementary,2023-24,5000 Community Services,522.72,39.32,29.88,3142921.5,6012.63,6012.63,0.0,both,ok
Hawthorne,19645920000000,Elementary,2023-24,7000 General Administration,1344.97,39.32,29.88,8086805.48,6012.63,6012.63,0.0,both,ok
Hawthorne,19645920000000,Elementary,2023-24,8000 Plant Services,2661.84,39.32,29.88,16004664.9,6012.63,6012.63,0.0,both,ok
Hawthorne,19645920000000,Elementary,2024-25,1000 Instruction,14790.65,41.94,33.62,87346193.23,5905.5,5905.5,0.0,both,ok
Hawthorne,19645920000000,Elementary,2024-25,2000 Instruction-Related Services,2713.41,41.94,33.62,16024029.27,5905.5,5905.5,0.0,both,ok
Hawthorne,19645920000000,Elementary,2024-25,3000 Pupil Services,2464.23,41.94,33.62,14552505.23,5905.5,5905.5,0.0,both,ok
Hawthorne,19645920000000,Elementary,2024-25,4000 Ancillary Services,3.4,41.94,33.62,20066.94,5905.5,5905.5,0.0,both,ok
Hawthorne,19645920000000,Elementary,2024-25,5000 Community Services,629.11,41.94,33.62,3715225.05,5905.5,5905.5,0.0,both,ok
Hawthorne,19645920000000,Elementary,2024-25,7000 General Administration,1472.08,41.94,33.62,8693380.31,5905.5,5905.5,0.0,both,ok
Hawthorne,19645920000000,Elementary,2024-25,8000 Plant Services,2674.05,41.94,33.62,15791606.82,5905.5,5905.5,0.0,both,ok
Hermosa Beach City Elementary,19646000000000,Elementary,2022-23,1000 Instruction,9288.78,77.02,73.98,11206912.45,1206.5,1206.5,0.0,both,ok
Hermosa Beach City Elementary,19646000000000,Elementary,2022-23,2000 Instruction-Related Services,1212.9,77.02,73.98,1463359.37,1206.5,1206.5,0.0,both,ok
Hermosa Beach City Elementary,19646000000000,Elementary,2022-23,3000 Pupil Services,999.89,77.02,73.98,1206372.49,1206.5,1206.5,0.0,both,ok
Hermosa Beach City Elementary,19646000000000,Elementary,2022-23,7000 General Administration,1589.26,77.02,73.98,1917445.71,1206.5,1206.5,0.0,both,ok
Hermosa Beach City Elementary,19646000000000,Elementary,2022-23,8000 Plant Services,1460.28,77.02,73.98,1761822.55,1206.5,1206.5,0.0,both,ok
Hermosa Beach City Elementary,19646000000000,Elementary,2023-24,1000 Instruction,10224.84,77.78,73.7,13011003.17,1272.49,1272.49,0.0,both,ok
Hermosa Beach City Elementary,19646000000000,Elementary,2023-24,2000 Instruction-Related Services,1243.57,77.78,73.7,1582428.92,1272.49,1272.49,0.0,both,ok
Hermosa Beach City Elementary,19646000000000,Elementary,2023-24,3000 Pupil Services,1075.62,77.78,73.7,1368719.41,1272.49,1272.49,0.0,both,ok
Hermosa Beach City Elementary,19646000000000,Elementary,2023-24,7000 General Administration,1717.31,77.78,73.7,2185262.14,1272.49,1272.49,0.0,both,ok
Hermosa Beach City Elementary,19646000000000,Elementary,2023-24,8000 Plant Services,1565.94,77.78,73.7,1992644.67,1272.49,1272.49,0.0,both,ok
Hermosa Beach City Elementary,19646000000000,Elementary,2024-25,1000 Instruction,10087.54,79.18,74.4,13626451.33,1350.82,1350.82,0.0,both,ok
Hermosa Beach City Elementary,19646000000000,Elementary,2024-25,2000 Instruction-Related Services,1264.59,79.18,74.4,1708237.86,1350.82,1350.82,0.0,both,ok
Hermosa Beach City Elementary,19646000000000,Elementary,2024-25,3000 Pupil Services,1172.4,79.18,74.4,1583694.76,1350.82,1350.82,0.0,both,ok
Hermosa Beach City Elementary,19646000000000,Elementary,2024-25,7000 General Administration,1538.88,79.18,74.4,2078746.01,1350.82,1350.82,0.0,both,ok
Hermosa Beach City Elementary,19646000000000,Elementary,2024-25,8000 Plant Services,1538.49,79.18,74.4,2078220.58,1350.82,1350.82,0.0,both,ok
Hughes-Elizabeth Lakes Union Elementary,19646260000000,Elementary,2022-23,1000 Instruction,8663.51,61.26,41.44,1371606.19,158.32,158.32,0.0,both,ok
Hughes-Elizabeth Lakes Union Elementary,19646260000000,Elementary,2022-23,2000 Instruction-Related Services,1493.98,61.26,41.44,236526.3,158.32,158.32,0.0,both,ok
Hughes-Elizabeth Lakes Union Elementary,19646260000000,Elementary,2022-23,3000 Pupil Services,475.84,61.26,41.44,75335.15,158.32,158.32,0.0,both,ok
Hughes-Elizabeth Lakes Union Elementary,19646260000000,Elementary,2022-23,7000 General Administration,2011.76,61.26,41.44,318502.2,158.32,158.32,0.0,both,ok
Hughes-Elizabeth Lakes Union Elementary,19646260000000,Elementary,2022-23,8000 Plant Services,1100.04,61.26,41.44,174157.73,158.32,158.32,0.0,both,ok
Hughes-Elizabeth Lakes Union Elementary,19646260000000,Elementary,2023-24,1000 Instruction,8323.93,51.15,35.88,1561486.59,187.59,187.59,0.0,both,ok
Hughes-Elizabeth Lakes Union Elementary,19646260000000,Elementary,2023-24,2000 Instruction-Related Services,1545.16,51.15,35.88,289856.96,187.59,187.59,0.0,both,ok
Hughes-Elizabeth Lakes Union Elementary,19646260000000,Elementary,2023-24,3000 Pupil Services,344.86,51.15,35.88,64692.13,187.59,187.59,0.0,both,ok
Hughes-Elizabeth Lakes Union Elementary,19646260000000,Elementary,2023-24,7000 General Administration,1703.32,51.15,35.88,319525.72,187.59,187.59,0.0,both,ok
Hughes-Elizabeth Lakes Union Elementary,19646260000000,Elementary,2023-24,8000 Plant Services,1042.58,51.15,35.88,195577.42,187.59,187.59,0.0,both,ok
Hughes-Elizabeth Lakes Union Elementary,19646260000000,Elementary,2024-25,1000 Instruction,9238.74,46.03,32.54,1702237.08,184.25,184.25,0.0,both,ok
Hughes-Elizabeth Lakes Union Elementary,19646260000000,Elementary,2024-25,2000 Instruction-Related Services,1451.3,46.03,32.54,267402.09,184.25,184.25,0.0,both,ok
Hughes-Elizabeth Lakes Union Elementary,19646260000000,Elementary,2024-25,3000 Pupil Services,440.43,46.03,32.54,81148.52,184.25,184.25,0.0,both,ok
Hughes-Elizabeth Lakes Union Elementary,19646260000000,Elementary,2024-25,7000 General Administration,2043.7,46.03,32.54,376551.23,184.25,184.25,0.0,both,ok
Hughes-Elizabeth Lakes Union Elementary,19646260000000,Elementary,2024-25,8000 Plant Services,1306.66,46.03,32.54,240751.46,184.25,184.25,0.0,both,ok
Inglewood Unified,19646340000000,Unified,2022-23,1000 Instruction,15141.5,27.92,16.62,99326895.45,6559.91,5722.86,837.05,both,ok
Inglewood Unified,19646340000000,Unified,2022-23,2000 Instruction-Related Services,2110.09,27.92,16.62,13842016.34,6559.91,5722.86,837.05,both,ok
Inglewood Unified,19646340000000,Unified,2022-23,3000 Pupil Services,1597.36,27.92,16.62,10478538.46,6559.91,5722.86,837.05,both,ok
Inglewood Unified,19646340000000,Unified,2022-23,6000 Enterprise,192.43,27.92,16.62,1262350.33,6559.91,5722.86,837.05,both,ok
Inglewood Unified,19646340000000,Unified,2022-23,7000 General Administration,1639.14,27.92,16.62,10752592.8,6559.91,5722.86,837.05,both,ok
Inglewood Unified,19646340000000,Unified,2022-23,8000 Plant Services,2399.42,27.92,16.62,15739979.7,6559.91,5722.86,837.05,both,ok
Inglewood Unified,19646340000000,Unified,2023-24,1000 Instruction,18006.25,29.16,16.66,114704327.92,6370.25,5545.76,824.49,both,ok
Inglewood Unified,19646340000000,Unified,2023-24,2000 Instruction-Related Services,2650.47,29.16,16.66,16884148.78,6370.25,5545.76,824.49,both,ok
Inglewood Unified,19646340000000,Unified,2023-24,3000 Pupil Services,1712.26,29.16,16.66,10907509.3,6370.25,5545.76,824.49,both,ok
Inglewood Unified,19646340000000,Unified,2023-24,6000 Enterprise,213.88,29.16,16.66,1362488.31,6370.25,5545.76,824.49,both,ok
Inglewood Unified,19646340000000,Unified,2023-24,7000 General Administration,1719.08,29.16,16.66,10950996.28,6370.25,5545.76,824.49,both,ok
Inglewood Unified,19646340000000,Unified,2023-24,8000 Plant Services,3327.29,29.16,16.66,21195685.09,6370.25,5545.76,824.49,both,ok
Inglewood Unified,19646340000000,Unified,2024-25,1000 Instruction,18482.51,33.02,19.93,108763275.64,5884.66,5074.04,810.62,both,ok
Inglewood Unified,19646340000000,Unified,2024-25,2000 Instruction-Related Services,3098.62,33.02,19.93,18234351.2,5884.66,5074.04,810.62,both,ok
Inglewood Unified,19646340000000,Unified,2024-25,3000 Pupil Services,1771.51,33.02,19.93,10424712.42,5884.66,5074.04,810.62,both,ok
Inglewood Unified,19646340000000,Unified,2024-25,6000 Enterprise,441.13,33.02,19.93,2595894.37,5884.66,5074.04,810.62,both,ok
Inglewood Unified,19646340000000,Unified,2024-25,7000 General Administration,2089.35,33.02,19.93,12295139.95,5884.66,5074.04,810.62,both,ok
Inglewood Unified,19646340000000,Unified,2024-25,8000 Plant Services,3282.56,33.02,19.93,19316721.25,5884.66,5074.04,810.62,both,ok
Keppel Union Elementary,19646420000000,Elementary,2022-23,1000 Instruction,11748.95,26.99,16.54,26915795.44,2290.91,2290.91,0.0,both,ok
Keppel Union Elementary,19646420000000,Elementary,2022-23,2000 Instruction-Related Services,1764.36,26.99,16.54,4041998.32,2290.91,2290.91,0.0,both,ok
Keppel Union Elementary,19646420000000,Elementary,2022-23,3000 Pupil Services,1153.4,26.99,16.54,2642331.76,2290.91,2290.91,0.0,both,ok
Keppel Union Elementary,19646420000000,Elementary,2022-23,4000 Ancillary Services,44.7,26.99,16.54,102400.38,2290.91,2290.91,0.0,both,ok
Keppel Union Elementary,19646420000000,Elementary,2022-23,5000 Community Services,64.78,26.99,16.54,148408.02,2290.91,2290.91,0.0,both,ok
Keppel Union Elementary,19646420000000,Elementary,2022-23,7000 General Administration,1871.03,26.99,16.54,4286372.46,2290.91,2290.91,0.0,both,ok
Keppel Union Elementary,19646420000000,Elementary,2022-23,8000 Plant Services,1892.2,26.99,16.54,4334856.24,2290.91,2290.91,0.0,both,ok
Keppel Union Elementary,19646420000000,Elementary,2023-24,1000 Instruction,12208.81,24.97,16.94,28595970.02,2342.24,2342.24,0.0,both,ok
Keppel Union Elementary,19646420000000,Elementary,2023-24,2000 Instruction-Related Services,2046.67,24.97,16.94,4793796.0,2342.24,2342.24,0.0,both,ok
Keppel Union Elementary,19646420000000,Elementary,2023-24,3000 Pupil Services,1704.76,24.97,16.94,3992963.82,2342.24,2342.24,0.0,both,ok
Keppel Union Elementary,19646420000000,Elementary,2023-24,4000 Ancillary Services,47.61,24.97,16.94,111503.12,2342.24,2342.24,0.0,both,ok
Keppel Union Elementary,19646420000000,Elementary,2023-24,5000 Community Services,26.84,24.97,16.94,62860.05,2342.24,2342.24,0.0,both,ok
Keppel Union Elementary,19646420000000,Elementary,2023-24,7000 General Administration,1931.13,24.97,16.94,4523178.04,2342.24,2342.24,0.0,both,ok
Keppel Union Elementary,19646420000000,Elementary,2023-24,8000 Plant Services,2202.71,24.97,16.94,5159286.22,2342.24,2342.24,0.0,both,ok
Keppel Union Elementary,19646420000000,Elementary,2024-25,1000 Instruction,13749.58,21.54,16.16,32680963.55,2376.87,2376.87,0.0,both,ok
Keppel Union Elementary,19646420000000,Elementary,2024-25,2000 Instruction-Related Services,1649.77,21.54,16.16,3921285.45,2376.87,2376.87,0.0,both,ok
Keppel Union Elementary,19646420000000,Elementary,2024-25,3000 Pupil Services,1836.03,21.54,16.16,4363995.09,2376.87,2376.87,0.0,both,ok
Keppel Union Elementary,19646420000000,Elementary,2024-25,4000 Ancillary Services,23.34,21.54,16.16,55466.39,2376.87,2376.87,0.0,both,ok
Keppel Union Elementary,19646420000000,Elementary,2024-25,5000 Community Services,28.6,21.54,16.16,67970.36,2376.87,2376.87,0.0,both,ok
Keppel Union Elementary,19646420000000,Elementary,2024-25,7000 General Administration,1880.28,21.54,16.16,4469176.65,2376.87,2376.87,0.0,both,ok
Keppel Union Elementary,19646420000000,Elementary,2024-25,8000 Plant Services,2036.13,21.54,16.16,4839615.45,2376.87,2376.87,0.0,both,ok
La Canada Unified,19646590000000,Unified,2022-23,1000 Instruction,10638.55,88.66,85.12,39751458.78,3736.55,3736.55,0.0,both,ok
La Canada Unified,19646590000000,Unified,2022-23,2000 Instruction-Related Services,1505.89,88.66,85.12,5626833.2,3736.55,3736.55,0.0,both,ok
La Canada Unified,19646590000000,Unified,2022-23,3000 Pupil Services,1193.6,88.66,85.12,4459954.73,3736.55,3736.55,0.0,both,ok
La Canada Unified,19646590000000,Unified,2022-23,4000 Ancillary Services,23.3,88.66,85.12,87058.63,3736.55,3736.55,0.0,both,ok
La Canada Unified,19646590000000,Unified,2022-23,5000 Community Services,18.0,88.66,85.12,67245.78,3736.55,3736.55,0.0,both,ok
La Canada Unified,19646590000000,Unified,2022-23,7000 General Administration,1412.25,88.66,85.12,5276928.79,3736.55,3736.55,0.0,both,ok
La Canada Unified,19646590000000,Unified,2022-23,8000 Plant Services,1876.67,88.66,85.12,7012256.39,3736.55,3736.55,0.0,both,ok
La Canada Unified,19646590000000,Unified,2023-24,1000 Instruction,10993.02,86.75,83.95,41823818.77,3804.58,3804.58,0.0,both,ok
La Canada Unified,19646590000000,Unified,2023-24,2000 Instruction-Related Services,1546.8,86.75,83.95,5884940.72,3804.58,3804.58,0.0,both,ok
La Canada Unified,19646590000000,Unified,2023-24,3000 Pupil Services,1321.93,86.75,83.95,5029390.26,3804.58,3804.58,0.0,both,ok
La Canada Unified,19646590000000,Unified,2023-24,4000 Ancillary Services,23.52,86.75,83.95,89466.7,3804.58,3804.58,0.0,both,ok
La Canada Unified,19646590000000,Unified,2023-24,5000 Community Services,17.92,86.75,83.95,68170.08,3804.58,3804.58,0.0,both,ok
La Canada Unified,19646590000000,Unified,2023-24,7000 General Administration,1517.17,86.75,83.95,5772205.8,3804.58,3804.58,0.0,both,ok
La Canada Unified,19646590000000,Unified,2023-24,8000 Plant Services,1879.17,86.75,83.95,7149460.72,3804.58,3804.58,0.0,both,ok
La Canada Unified,19646590000000,Unified,2024-25,1000 Instruction,11246.33,89.08,84.01,43363276.13,3855.77,3855.77,0.0,both,ok
La Canada Unified,19646590000000,Unified,2024-25,2000 Instruction-Related Services,1470.01,89.08,84.01,5668002.82,3855.77,3855.77,0.0,both,ok
La Canada Unified,19646590000000,Unified,2024-25,3000 Pupil Services,1252.54,89.08,84.01,4829491.76,3855.77,3855.77,0.0,both,ok
La Canada Unified,19646590000000,Unified,2024-25,4000 Ancillary Services,37.42,89.08,84.01,144266.61,3855.77,3855.77,0.0,both,ok
La Canada Unified,19646590000000,Unified,2024-25,5000 Community Services,16.89,89.08,84.01,65131.56,3855.77,3855.77,0.0,both,ok
La Canada Unified,19646590000000,Unified,2024-25,7000 General Administration,1388.68,89.08,84.01,5354443.7,3855.77,3855.77,0.0,both,ok
La Canada Unified,19646590000000,Unified,2024-25,8000 Plant Services,2021.76,89.08,84.01,7795441.51,3855.77,3855.77,0.0,both,ok
Lancaster Elementary,19646670000000,Elementary,2022-23,1000 Instruction,11551.85,23.48,13.04,144449019.76,12504.41,12504.41,0.0,both,ok
Lancaster Elementary,19646670000000,Elementary,2022-23,2000 Instruction-Related Services,1809.81,23.48,13.04,22630605.67,12504.41,12504.41,0.0,both,ok
Lancaster Elementary,19646670000000,Elementary,2022-23,3000 Pupil Services,2181.66,23.48,13.04,27280427.86,12504.41,12504.41,0.0,both,ok
Lancaster Elementary,19646670000000,Elementary,2022-23,4000 Ancillary Services,0.65,23.48,13.04,8086.0,12504.41,12504.41,0.0,both,ok
Lancaster Elementary,19646670000000,Elementary,2022-23,5000 Community Services,118.37,23.48,13.04,1480090.73,12504.41,12504.41,0.0,both,ok
Lancaster Elementary,19646670000000,Elementary,2022-23,6000 Enterprise,136.7,23.48,13.04,1709412.91,12504.41,12504.41,0.0,both,ok
Lancaster Elementary,19646670000000,Elementary,2022-23,7000 General Administration,1098.9,23.48,13.04,13741143.58,12504.41,12504.41,0.0,both,ok
Lancaster Elementary,19646670000000,Elementary,2022-23,8000 Plant Services,1838.41,23.48,13.04,22988194.28,12504.41,12504.41,0.0,both,ok
Lancaster Elementary,19646670000000,Elementary,2023-24,1000 Instruction,13440.69,22.8,13.7,169779087.06,12631.72,12631.72,0.0,both,ok
Lancaster Elementary,19646670000000,Elementary,2023-24,2000 Instruction-Related Services,1954.96,22.8,13.7,24694551.43,12631.72,12631.72,0.0,both,ok
Lancaster Elementary,19646670000000,Elementary,2023-24,3000 Pupil Services,2388.81,22.8,13.7,30174737.75,12631.72,12631.72,0.0,both,ok
Lancaster Elementary,19646670000000,Elementary,2023-24,5000 Community Services,176.49,22.8,13.7,2229421.13,12631.72,12631.72,0.0,both,ok
Lancaster Elementary,19646670000000,Elementary,2023-24,6000 Enterprise,169.45,22.8,13.7,2140446.22,12631.72,12631.72,0.0,both,ok
Lancaster Elementary,19646670000000,Elementary,2023-24,7000 General Administration,1360.8,22.8,13.7,17189218.06,12631.72,12631.72,0.0,both,ok
Lancaster Elementary,19646670000000,Elementary,2023-24,8000 Plant Services,2263.81,22.8,13.7,28595846.74,12631.72,12631.72,0.0,both,ok
Lancaster Elementary,19646670000000,Elementary,2024-25,1000 Instruction,15108.37,24.8,14.46,190520415.59,12610.26,12610.26,0.0,both,ok
Lancaster Elementary,19646670000000,Elementary,2024-25,2000 Instruction-Related Services,1975.68,24.8,14.46,24913780.92,12610.26,12610.26,0.0,both,ok
Lancaster Elementary,19646670000000,Elementary,2024-25,3000 Pupil Services,2506.28,24.8,14.46,31604903.4,12610.26,12610.26,0.0,both,ok
Lancaster Elementary,19646670000000,Elementary,2024-25,5000 Community Services,404.81,24.8,14.46,5104719.86,12610.26,12610.26,0.0,both,ok
Lancaster Elementary,19646670000000,Elementary,2024-25,6000 Enterprise,148.78,24.8,14.46,1876108.44,12610.26,12610.26,0.0,both,ok
Lancaster Elementary,19646670000000,Elementary,2024-25,7000 General Administration,1107.88,24.8,14.46,13970641.26,12610.26,12610.26,0.0,both,ok
Lancaster Elementary,19646670000000,Elementary,2024-25,8000 Plant Services,2382.34,24.8,14.46,30041870.14,12610.26,12610.26,0.0,both,ok
Las Virgenes Unified,19646830000000,Unified,2022-23,1000 Instruction,10087.5,68.3,54.75,91873448.0,9107.65,9107.65,0.0,both,ok
Las Virgenes Unified,19646830000000,Unified,2022-23,2000 Instruction-Related Services,1791.99,68.3,54.75,16320828.33,9107.65,9107.65,0.0,both,ok
Las Virgenes Unified,19646830000000,Unified,2022-23,3000 Pupil Services,1353.96,68.3,54.75,12331395.23,9107.65,9107.65,0.0,both,ok
Las Virgenes Unified,19646830000000,Unified,2022-23,4000 Ancillary Services,188.09,68.3,54.75,1713053.07,9107.65,9107.65,0.0,both,ok
Las Virgenes Unified,19646830000000,Unified,2022-23,7000 General Administration,1311.46,68.3,54.75,11944341.21,9107.65,9107.65,0.0,both,ok
Las Virgenes Unified,19646830000000,Unified,2022-23,8000 Plant Services,1546.3,68.3,54.75,14083136.83,9107.65,9107.65,0.0,both,ok
Las Virgenes Unified,19646830000000,Unified,2023-24,1000 Instruction,10795.42,69.65,58.62,98099401.4,9087.13,9087.13,0.0,both,ok
Las Virgenes Unified,19646830000000,Unified,2023-24,2000 Instruction-Related Services,1777.9,69.65,58.62,16156032.17,9087.13,9087.13,0.0,both,ok
Las Virgenes Unified,19646830000000,Unified,2023-24,3000 Pupil Services,1513.73,69.65,58.62,13755471.58,9087.13,9087.13,0.0,both,ok
Las Virgenes Unified,19646830000000,Unified,2023-24,4000 Ancillary Services,239.86,69.65,58.62,2179645.99,9087.13,9087.13,0.0,both,ok
Las Virgenes Unified,19646830000000,Unified,2023-24,7000 General Administration,1291.83,69.65,58.62,11739045.61,9087.13,9087.13,0.0,both,ok
Las Virgenes Unified,19646830000000,Unified,2023-24,8000 Plant Services,1681.73,69.65,58.62,15282087.5,9087.13,9087.13,0.0,both,ok
Las Virgenes Unified,19646830000000,Unified,2024-25,1000 Instruction,11087.44,68.1,60.15,101896423.1,9190.26,9190.26,0.0,both,ok
Las Virgenes Unified,19646830000000,Unified,2024-25,2000 Instruction-Related Services,2057.59,68.1,60.15,18909803.62,9190.26,9190.26,0.0,both,ok
Las Virgenes Unified,19646830000000,Unified,2024-25,3000 Pupil Services,1590.48,68.1,60.15,14616934.38,9190.26,9190.26,0.0,both,ok
Las Virgenes Unified,19646830000000,Unified,2024-25,4000 Ancillary Services,117.63,68.1,60.15,1081055.83,9190.26,9190.26,0.0,both,ok
Las Virgenes Unified,19646830000000,Unified,2024-25,7000 General Administration,1437.63,68.1,60.15,13212216.17,9190.26,9190.26,0.0,both,ok
Las Virgenes Unified,19646830000000,Unified,2024-25,8000 Plant Services,1882.75,68.1,60.15,17302976.02,9190.26,9190.26,0.0,both,ok
Lawndale Elementary,19646910000000,Elementary,2022-23,1000 Instruction,14066.31,47.49,32.69,61957300.38,4404.66,4404.66,0.0,both,ok
Lawndale Elementary,19646910000000,Elementary,2022-23,2000 Instruction-Related Services,3249.64,47.49,32.69,14313537.43,4404.66,4404.66,0.0,both,ok
Lawndale Elementary,19646910000000,Elementary,2022-23,3000 Pupil Services,1732.68,47.49,32.69,7631887.2,4404.66,4404.66,0.0,both,ok
Lawndale Elementary,19646910000000,Elementary,2022-23,5000 Community Services,83.39,47.49,32.69,367284.77,4404.66,4404.66,0.0,both,ok
Lawndale Elementary,19646910000000,Elementary,2022-23,7000 General Administration,1570.55,47.49,32.69,6917731.64,4404.66,4404.66,0.0,both,ok
Lawndale Elementary,19646910000000,Elementary,2022-23,8000 Plant Services,1376.84,47.49,32.69,6064524.29,4404.66,4404.66,0.0,both,ok
Lawndale Elementary,19646910000000,Elementary,2023-24,1000 Instruction,18053.31,48.66,35.65,75185883.8,4164.66,4164.66,0.0,both,ok
Lawndale Elementary,19646910000000,Elementary,2023-24,2000 Instruction-Related Services,3633.71,48.66,35.65,15133151.4,4164.66,4164.66,0.0,both,ok
Lawndale Elementary,19646910000000,Elementary,2023-24,3000 Pupil Services,1938.75,48.66,35.65,8074226.73,4164.66,4164.66,0.0,both,ok
Lawndale Elementary,19646910000000,Elementary,2023-24,5000 Community Services,96.76,48.66,35.65,402971.06,4164.66,4164.66,0.0,both,ok
Lawndale Elementary,19646910000000,Elementary,2023-24,7000 General Administration,1995.17,48.66,35.65,8309201.02,4164.66,4164.66,0.0,both,ok
Lawndale Elementary,19646910000000,Elementary,2023-24,8000 Plant Services,1769.13,48.66,35.65,7367844.14,4164.66,4164.66,0.0,both,ok
Lawndale Elementary,19646910000000,Elementary,2024-25,1000 Instruction,18657.55,50.09,37.92,76244836.79,4086.54,4086.54,0.0,both,ok
Lawndale Elementary,19646910000000,Elementary,2024-25,2000 Instruction-Related Services,3914.22,50.09,37.92,15995600.16,4086.54,4086.54,0.0,both,ok
Lawndale Elementary,19646910000000,Elementary,2024-25,3000 Pupil Services,2189.77,50.09,37.92,8948575.52,4086.54,4086.54,0.0,both,ok
Lawndale Elementary,19646910000000,Elementary,2024-25,5000 Community Services,129.96,50.09,37.92,531088.79,4086.54,4086.54,0.0,both,ok
Lawndale Elementary,19646910000000,Elementary,2024-25,7000 General Administration,2100.99,50.09,37.92,8585795.59,4086.54,4086.54,0.0,both,ok
Lawndale Elementary,19646910000000,Elementary,2024-25,8000 Plant Services,1851.92,50.09,37.92,7567932.06,4086.54,4086.54,0.0,both,ok
Lennox,19647090000000,Elementary,2022-23,1000 Instruction,14580.77,41.1,28.84,55897000.58,3833.61,3833.61,0.0,both,ok
Lennox,19647090000000,Elementary,2022-23,2000 Instruction-Related Services,2211.44,41.1,28.84,8477795.26,3833.61,3833.61,0.0,both,ok
Lennox,19647090000000,Elementary,2022-23,3000 Pupil Services,1289.51,41.1,28.84,4943497.06,3833.61,3833.61,0.0,both,ok
Lennox,19647090000000,Elementary,2022-23,5000 Community Services,37.04,41.1,28.84,141979.44,3833.61,3833.61,0.0,both,ok
Lennox,19647090000000,Elementary,2022-23,6000 Enterprise,0.06,41.1,28.84,240.1,3833.61,3833.61,0.0,both,ok
Lennox,19647090000000,Elementary,2022-23,7000 General Administration,1539.02,41.1,28.84,5899993.45,3833.61,3833.61,0.0,both,ok
Lennox,19647090000000,Elementary,2022-23,8000 Plant Services,1924.71,41.1,28.84,7378599.02,3833.61,3833.61,0.0,both,ok
Lennox,19647090000000,Elementary,2023-24,1000 Instruction,15705.82,41.5,30.42,58976750.37,3755.09,3755.09,0.0,both,ok
Lennox,19647090000000,Elementary,2023-24,2000 Instruction-Related Services,2443.54,41.5,30.42,9175708.53,3755.09,3755.09,0.0,both,ok
Lennox,19647090000000,Elementary,2023-24,3000 Pupil Services,1501.13,41.5,30.42,5636890.28,3755.09,3755.09,0.0,both,ok
Lennox,19647090000000,Elementary,2023-24,5000 Community Services,72.59,41.5,30.42,272593.52,3755.09,3755.09,0.0,both,ok
Lennox,19647090000000,Elementary,2023-24,7000 General Administration,1611.65,41.5,30.42,6051885.49,3755.09,3755.09,0.0,both,ok
Lennox,19647090000000,Elementary,2023-24,8000 Plant Services,2300.92,41.5,30.42,8640144.68,3755.09,3755.09,0.0,both,ok
Lennox,19647090000000,Elementary,2024-25,1000 Instruction,15532.65,42.03,32.63,57315775.68,3690.02,3690.02,0.0,both,ok
Lennox,19647090000000,Elementary,2024-25,2000 Instruction-Related Services,2406.81,42.03,32.63,8881172.81,3690.02,3690.02,0.0,both,ok
Lennox,19647090000000,Elementary,2024-25,3000 Pupil Services,1276.64,42.03,32.63,4710830.33,3690.02,3690.02,0.0,both,ok
Lennox,19647090000000,Elementary,2024-25,5000 Community Services,55.92,42.03,32.63,206328.49,3690.02,3690.02,0.0,both,ok
Lennox,19647090000000,Elementary,2024-25,7000 General Administration,1749.69,42.03,32.63,6456405.28,3690.02,3690.02,0.0,both,ok
Lennox,19647090000000,Elementary,2024-25,8000 Plant Services,2037.38,42.03,32.63,7517969.4,3690.02,3690.02,0.0,both,ok
Little Lake City Elementary,19647170000000,Elementary,2022-23,1000 Instruction,12257.9,55.94,38.1,42729697.78,3485.89,3485.89,0.0,both,ok
Little Lake City Elementary,19647170000000,Elementary,2022-23,2000 Instruction-Related Services,1790.03,55.94,38.1,6239848.87,3485.89,3485.89,0.0,both,ok
Little Lake City Elementary,19647170000000,Elementary,2022-23,3000 Pupil Services,1557.86,55.94,38.1,5430532.59,3485.89,3485.89,0.0,both,ok
Little Lake City Elementary,19647170000000,Elementary,2022-23,7000 General Administration,1496.34,55.94,38.1,5216060.02,3485.89,3485.89,0.0,both,ok
Little Lake City Elementary,19647170000000,Elementary,2022-23,8000 Plant Services,1543.6,55.94,38.1,5380803.37,3485.89,3485.89,0.0,both,ok
Little Lake City Elementary,19647170000000,Elementary,2023-24,1000 Instruction,13616.02,57.84,41.73,46371114.28,3405.63,3405.63,0.0,both,ok
Little Lake City Elementary,19647170000000,Elementary,2023-24,2000 Instruction-Related Services,1850.65,57.84,41.73,6302640.68,3405.63,3405.63,0.0,both,ok
Little Lake City Elementary,19647170000000,Elementary,2023-24,3000 Pupil Services,1887.39,57.84,41.73,6427748.35,3405.63,3405.63,0.0,both,ok
Little Lake City Elementary,19647170000000,Elementary,2023-24,7000 General Administration,1826.29,57.84,41.73,6219666.89,3405.63,3405.63,0.0,both,ok
Little Lake City Elementary,19647170000000,Elementary,2023-24,8000 Plant Services,2163.15,57.84,41.73,7366882.38,3405.63,3405.63,0.0,both,ok
Little Lake City Elementary,19647170000000,Elementary,2024-25,1000 Instruction,14181.0,60.24,44.19,46885916.5,3306.25,3306.25,0.0,both,ok
Little Lake City Elementary,19647170000000,Elementary,2024-25,2000 Instruction-Related Services,1747.38,60.24,44.19,5777282.01,3306.25,3306.25,0.0,both,ok
Little Lake City Elementary,19647170000000,Elementary,2024-25,3000 Pupil Services,1797.57,60.24,44.19,5943217.98,3306.25,3306.25,0.0,both,ok
Little Lake City Elementary,19647170000000,Elementary,2024-25,7000 General Administration,1905.75,60.24,44.19,6300892.96,3306.25,3306.25,0.0,both,ok
Little Lake City Elementary,19647170000000,Elementary,2024-25,8000 Plant Services,2439.6,60.24,44.19,8065935.4,3306.25,3306.25,0.0,both,ok
Long Beach Unified,19647250000000,Unified,2022-23,1000 Instruction,12331.7,48.15,34.46,731815129.6,59344.2,59344.2,0.0,both,ok
Long Beach Unified,19647250000000,Unified,2022-23,2000 Instruction-Related Services,2601.23,48.15,34.46,154367779.84,59344.2,59344.2,0.0,both,ok
Long Beach Unified,19647250000000,Unified,2022-23,3000 Pupil Services,1651.17,48.15,34.46,97987401.05,59344.2,59344.2,0.0,both,ok
Long Beach Unified,19647250000000,Unified,2022-23,4000 Ancillary Services,83.16,48.15,34.46,4935329.46,59344.2,59344.2,0.0,both,ok
Long Beach Unified,19647250000000,Unified,2022-23,5000 Community Services,266.6,48.15,34.46,15821288.83,59344.2,59344.2,0.0,both,ok
Long Beach Unified,19647250000000,Unified,2022-23,6000 Enterprise,9.84,48.15,34.46,583810.68,59344.2,59344.2,0.0,both,ok
Long Beach Unified,19647250000000,Unified,2022-23,7000 General Administration,884.0,48.15,34.46,52460131.18,59344.2,59344.2,0.0,both,ok
Long Beach Unified,19647250000000,Unified,2022-23,8000 Plant Services,2119.87,48.15,34.46,125802230.94,59344.2,59344.2,0.0,both,ok
Long Beach Unified,19647250000000,Unified,2023-24,1000 Instruction,13902.14,49.52,36.36,813969658.48,58549.95,58549.95,0.0,both,ok
Long Beach Unified,19647250000000,Unified,2023-24,2000 Instruction-Related Services,2926.32,49.52,36.36,171335959.51,58549.95,58549.95,0.0,both,ok
Long Beach Unified,19647250000000,Unified,2023-24,3000 Pupil Services,1917.18,49.52,36.36,112250889.3,58549.95,58549.95,0.0,both,ok
Long Beach Unified,19647250000000,Unified,2023-24,4000 Ancillary Services,106.05,49.52,36.36,6209024.76,58549.95,58549.95,0.0,both,ok
Long Beach Unified,19647250000000,Unified,2023-24,5000 Community Services,167.12,49.52,36.36,9784962.3,58549.95,58549.95,0.0,both,ok
Long Beach Unified,19647250000000,Unified,2023-24,6000 Enterprise,10.41,49.52,36.36,609241.55,58549.95,58549.95,0.0,both,ok
Long Beach Unified,19647250000000,Unified,2023-24,7000 General Administration,983.99,49.52,36.36,57612682.53,58549.95,58549.95,0.0,both,ok
Long Beach Unified,19647250000000,Unified,2023-24,8000 Plant Services,2682.81,49.52,36.36,157078274.32,58549.95,58549.95,0.0,both,ok
Long Beach Unified,19647250000000,Unified,2024-25,1000 Instruction,12862.88,51.72,38.5,737568284.86,57340.83,57340.83,0.0,both,ok
Long Beach Unified,19647250000000,Unified,2024-25,2000 Instruction-Related Services,2684.85,51.72,38.5,153951566.64,57340.83,57340.83,0.0,both,ok
Long Beach Unified,19647250000000,Unified,2024-25,3000 Pupil Services,2356.19,51.72,38.5,135105935.02,57340.83,57340.83,0.0,both,ok
Long Beach Unified,19647250000000,Unified,2024-25,4000 Ancillary Services,119.32,51.72,38.5,6841871.43,57340.83,57340.83,0.0,both,ok
Long Beach Unified,19647250000000,Unified,2024-25,5000 Community Services,221.3,51.72,38.5,12689736.38,57340.83,57340.83,0.0,both,ok
Long Beach Unified,19647250000000,Unified,2024-25,6000 Enterprise,9.91,51.72,38.5,568416.29,57340.83,57340.83,0.0,both,ok
Long Beach Unified,19647250000000,Unified,2024-25,7000 General Administration,1028.48,51.72,38.5,58974089.97,57340.83,57340.83,0.0,both,ok
Long Beach Unified,19647250000000,Unified,2024-25,8000 Plant Services,2239.53,51.72,38.5,128416750.15,57340.83,57340.83,0.0,both,ok
Los Angeles Unified,19647330000000,Unified,2022-23,1000 Instruction,13268.21,41.17,30.5,5090480263.93,383659.84,348194.24,35465.6,both,ok
Los Angeles Unified,19647330000000,Unified,2022-23,2000 Instruction-Related Services,4152.78,41.17,30.5,1593254283.72,383659.84,348194.24,35465.6,both,ok
Los Angeles Unified,19647330000000,Unified,2022-23,3000 Pupil Services,2268.88,41.17,30.5,870477105.59,383659.84,348194.24,35465.6,both,ok
Los Angeles Unified,19647330000000,Unified,2022-23,4000 Ancillary Services,442.49,41.17,30.5,169765405.38,383659.84,348194.24,35465.6,both,ok
Los Angeles Unified,19647330000000,Unified,2022-23,5000 Community Services,11.18,41.17,30.5,4287571.99,383659.84,348194.24,35465.6,both,ok
Los Angeles Unified,19647330000000,Unified,2022-23,6000 Enterprise,-0.0,41.17,30.5,-193.63,383659.84,348194.24,35465.6,both,ok
Los Angeles Unified,19647330000000,Unified,2022-23,7000 General Administration,1462.11,41.17,30.5,560952881.51,383659.84,348194.24,35465.6,both,ok
Los Angeles Unified,19647330000000,Unified,2022-23,8000 Plant Services,2607.9,41.17,30.5,1000548220.3,383659.84,348194.24,35465.6,both,ok
Los Angeles Unified,19647330000000,Unified,2022-23,9000 Other Outgo,0.87,41.17,30.5,332709.18,383659.84,348194.24,35465.6,both,ok
Los Angeles Unified,19647330000000,Unified,2023-24,1000 Instruction,14610.2,43.06,32.83,5565390973.43,380925.11,345338.43,35586.68,both,ok
Los Angeles Unified,19647330000000,Unified,2023-24,2000 Instruction-Related Services,4415.48,43.06,32.83,1681968052.71,380925.11,345338.43,35586.68,both,ok
Los Angeles Unified,19647330000000,Unified,2023-24,3000 Pupil Services,2852.58,43.06,32.83,1086618115.65,380925.11,345338.43,35586.68,both,ok
Los Angeles Unified,19647330000000,Unified,2023-24,4000 Ancillary Services,621.88,43.06,32.83,236890347.24,380925.11,345338.43,35586.68,both,ok
Los Angeles Unified,19647330000000,Unified,2023-24,5000 Community Services,13.53,43.06,32.83,5154779.04,380925.11,345338.43,35586.68,both,ok
Los Angeles Unified,19647330000000,Unified,2023-24,6000 Enterprise,0.15,43.06,32.83,57833.55,380925.11,345338.43,35586.68,both,ok
Los Angeles Unified,19647330000000,Unified,2023-24,7000 General Administration,1944.34,43.06,32.83,740646044.4,380925.11,345338.43,35586.68,both,ok
Los Angeles Unified,19647330000000,Unified,2023-24,8000 Plant Services,2800.18,43.06,32.83,1066658394.44,380925.11,345338.43,35586.68,both,ok
Los Angeles Unified,19647330000000,Unified,2023-24,9000 Other Outgo,5.01,43.06,32.83,1906770.9,380925.11,345338.43,35586.68,both,ok
Los Angeles Unified,19647330000000,Unified,2024-25,1000 Instruction,15233.19,46.45,36.76,5656726075.13,371342.1,336446.66,34895.44,both,ok
Los Angeles Unified,19647330000000,Unified,2024-25,2000 Instruction-Related Services,4836.08,46.45,36.76,1795838887.35,371342.1,336446.66,34895.44,both,ok
Los Angeles Unified,19647330000000,Unified,2024-25,3000 Pupil Services,3724.34,46.45,36.76,1383005206.11,371342.1,336446.66,34895.44,both,ok
Los Angeles Unified,19647330000000,Unified,2024-25,4000 Ancillary Services,703.05,46.45,36.76,261072019.46,371342.1,336446.66,34895.44,both,ok
Los Angeles Unified,19647330000000,Unified,2024-25,5000 Community Services,16.22,46.45,36.76,6023321.64,371342.1,336446.66,34895.44,both,ok
Los Angeles Unified,19647330000000,Unified,2024-25,7000 General Administration,1951.33,46.45,36.76,724610133.8,371342.1,336446.66,34895.44,both,ok
Los Angeles Unified,19647330000000,Unified,2024-25,8000 Plant Services,3043.27,46.45,36.76,1130095727.63,371342.1,336446.66,34895.44,both,ok
Los Angeles Unified,19647330000000,Unified,2024-25,9000 Other Outgo,2.31,46.45,36.76,859389.46,371342.1,336446.66,34895.44,both,ok
Los Nietos,19647580000000,Elementary,2022-23,1000 Instruction,14041.42,50.55,36.79,16082905.45,1145.39,1145.39,0.0,both,ok
Los Nietos,19647580000000,Elementary,2022-23,2000 Instruction-Related Services,1863.23,50.55,36.79,2134120.82,1145.39,1145.39,0.0,both,ok
Los Nietos,19647580000000,Elementary,2022-23,3000 Pupil Services,1692.37,50.55,36.79,1938421.62,1145.39,1145.39,0.0,both,ok
Los Nietos,19647580000000,Elementary,2022-23,6000 Enterprise,32.37,50.55,36.79,37076.18,1145.39,1145.39,0.0,both,ok
Los Nietos,19647580000000,Elementary,2022-23,7000 General Administration,2278.44,50.55,36.79,2609699.67,1145.39,1145.39,0.0,both,ok
Los Nietos,19647580000000,Elementary,2022-23,8000 Plant Services,2146.03,50.55,36.79,2458040.94,1145.39,1145.39,0.0,both,ok
Los Nietos,19647580000000,Elementary,2023-24,1000 Instruction,15262.63,50.7,37.69,17597199.09,1152.96,1152.96,0.0,both,ok
Los Nietos,19647580000000,Elementary,2023-24,2000 Instruction-Related Services,2044.36,50.7,37.69,2357061.99,1152.96,1152.96,0.0,both,ok
Los Nietos,19647580000000,Elementary,2023-24,3000 Pupil Services,1961.73,50.7,37.69,2261801.51,1152.96,1152.96,0.0,both,ok
Los Nietos,19647580000000,Elementary,2023-24,6000 Enterprise,7.43,50.7,37.69,8570.65,1152.96,1152.96,0.0,both,ok
Los Nietos,19647580000000,Elementary,2023-24,7000 General Administration,2566.16,50.7,37.69,2958681.89,1152.96,1152.96,0.0,both,ok
Los Nietos,19647580000000,Elementary,2023-24,8000 Plant Services,2260.15,50.7,37.69,2605861.2,1152.96,1152.96,0.0,both,ok
Los Nietos,19647580000000,Elementary,2024-25,1000 Instruction,16102.3,49.56,35.64,18458709.26,1146.34,1146.34,0.0,both,ok
Los Nietos,19647580000000,Elementary,2024-25,2000 Instruction-Related Services,2427.34,49.56,35.64,2782553.86,1146.34,1146.34,0.0,both,ok
Los Nietos,19647580000000,Elementary,2024-25,3000 Pupil Services,1806.36,49.56,35.64,2070697.99,1146.34,1146.34,0.0,both,ok
Los Nietos,19647580000000,Elementary,2024-25,7000 General Administration,2424.43,49.56,35.64,2779225.65,1146.34,1146.34,0.0,both,ok
Los Nietos,19647580000000,Elementary,2024-25,8000 Plant Services,2395.89,49.56,35.64,2746505.94,1146.34,1146.34,0.0,both,ok
Lynwood Unified,19647740000000,Unified,2022-23,1000 Instruction,12168.83,30.57,17.94,130295548.65,10707.32,10707.32,0.0,both,ok
Lynwood Unified,19647740000000,Unified,2022-23,2000 Instruction-Related Services,2733.88,30.57,17.94,29272567.02,10707.32,10707.32,0.0,both,ok
Lynwood Unified,19647740000000,Unified,2022-23,3000 Pupil Services,1872.74,30.57,17.94,20052053.0,10707.32,10707.32,0.0,both,ok
Lynwood Unified,19647740000000,Unified,2022-23,4000 Ancillary Services,181.79,30.57,17.94,1946469.61,10707.32,10707.32,0.0,both,ok
Lynwood Unified,19647740000000,Unified,2022-23,5000 Community Services,165.62,30.57,17.94,1773376.72,10707.32,10707.32,0.0,both,ok
Lynwood Unified,19647740000000,Unified,2022-23,7000 General Administration,2030.34,30.57,17.94,21739520.35,10707.32,10707.32,0.0,both,ok
Lynwood Unified,19647740000000,Unified,2022-23,8000 Plant Services,2639.75,30.57,17.94,28264634.09,10707.32,10707.32,0.0,both,ok
Lynwood Unified,19647740000000,Unified,2023-24,1000 Instruction,13056.78,31.61,19.7,133035482.63,10189.0,10189.0,0.0,both,ok
Lynwood Unified,19647740000000,Unified,2023-24,2000 Instruction-Related Services,2749.11,31.61,19.7,28010730.89,10189.0,10189.0,0.0,both,ok
Lynwood Unified,19647740000000,Unified,2023-24,3000 Pupil Services,2453.1,31.61,19.7,24994638.61,10189.0,10189.0,0.0,both,ok
Lynwood Unified,19647740000000,Unified,2023-24,4000 Ancillary Services,176.73,31.61,19.7,1800735.26,10189.0,10189.0,0.0,both,ok
Lynwood Unified,19647740000000,Unified,2023-24,5000 Community Services,185.78,31.61,19.7,1892926.86,10189.0,10189.0,0.0,both,ok
Lynwood Unified,19647740000000,Unified,2023-24,6000 Enterprise,4.82,31.61,19.7,49081.3,10189.0,10189.0,0.0,both,ok
Lynwood Unified,19647740000000,Unified,2023-24,7000 General Administration,1881.87,31.61,19.7,19174372.96,10189.0,10189.0,0.0,both,ok
Lynwood Unified,19647740000000,Unified,2023-24,8000 Plant Services,2730.62,31.61,19.7,27822279.26,10189.0,10189.0,0.0,both,ok
Lynwood Unified,19647740000000,Unified,2024-25,1000 Instruction,14102.78,34.53,22.98,139607503.69,9899.29,9899.29,0.0,both,ok
Lynwood Unified,19647740000000,Unified,2024-25,2000 Instruction-Related Services,3061.56,34.53,22.98,30307278.81,9899.29,9899.29,0.0,both,ok
Lynwood Unified,19647740000000,Unified,2024-25,3000 Pupil Services,2592.76,34.53,22.98,25666456.16,9899.29,9899.29,0.0,both,ok
Lynwood Unified,19647740000000,Unified,2024-25,4000 Ancillary Services,168.7,34.53,22.98,1670043.89,9899.29,9899.29,0.0,both,ok
Lynwood Unified,19647740000000,Unified,2024-25,5000 Community Services,162.87,34.53,22.98,1612328.77,9899.29,9899.29,0.0,both,ok
Lynwood Unified,19647740000000,Unified,2024-25,7000 General Administration,1920.16,34.53,22.98,19008199.12,9899.29,9899.29,0.0,both,ok
Lynwood Unified,19647740000000,Unified,2024-25,8000 Plant Services,3281.65,34.53,22.98,32486053.33,9899.29,9899.29,0.0,both,ok
Manhattan Beach Unified,19753330000000,Unified,2022-23,1000 Instruction,11412.26,79.53,73.0,64201022.8,5625.62,5625.62,0.0,both,ok
Manhattan Beach Unified,19753330000000,Unified,2022-23,2000 Instruction-Related Services,1202.55,79.53,73.0,6765069.99,5625.62,5625.62,0.0,both,ok
Manhattan Beach Unified,19753330000000,Unified,2022-23,3000 Pupil Services,1567.77,79.53,73.0,8819700.56,5625.62,5625.62,0.0,both,ok
Manhattan Beach Unified,19753330000000,Unified,2022-23,4000 Ancillary Services,102.56,79.53,73.0,576966.32,5625.62,5625.62,0.0,both,ok
Manhattan Beach Unified,19753330000000,Unified,2022-23,7000 General Administration,1336.74,79.53,73.0,7519991.69,5625.62,5625.62,0.0,both,ok
Manhattan Beach Unified,19753330000000,Unified,2022-23,8000 Plant Services,1707.54,79.53,73.0,9605970.55,5625.62,5625.62,0.0,both,ok
Manhattan Beach Unified,19753330000000,Unified,2022-23,9000 Other Outgo,57.07,79.53,73.0,321067.68,5625.62,5625.62,0.0,both,ok
Manhattan Beach Unified,19753330000000,Unified,2023-24,1000 Instruction,11342.64,81.17,75.07,64261932.6,5665.52,5665.52,0.0,both,ok
Manhattan Beach Unified,19753330000000,Unified,2023-24,2000 Instruction-Related Services,1307.27,81.17,75.07,7406342.15,5665.52,5665.52,0.0,both,ok
Manhattan Beach Unified,19753330000000,Unified,2023-24,3000 Pupil Services,1636.13,81.17,75.07,9269501.31,5665.52,5665.52,0.0,both,ok
Manhattan Beach Unified,19753330000000,Unified,2023-24,4000 Ancillary Services,101.42,81.17,75.07,574598.08,5665.52,5665.52,0.0,both,ok
Manhattan Beach Unified,19753330000000,Unified,2023-24,7000 General Administration,1408.45,81.17,75.07,7979574.19,5665.52,5665.52,0.0,both,ok
Manhattan Beach Unified,19753330000000,Unified,2023-24,8000 Plant Services,1841.22,81.17,75.07,10431474.27,5665.52,5665.52,0.0,both,ok
Manhattan Beach Unified,19753330000000,Unified,2023-24,9000 Other Outgo,99.46,81.17,75.07,563499.94,5665.52,5665.52,0.0,both,ok
Manhattan Beach Unified,19753330000000,Unified,2024-25,1000 Instruction,11964.85,83.25,75.66,68035969.31,5686.32,5686.32,0.0,both,ok
Manhattan Beach Unified,19753330000000,Unified,2024-25,2000 Instruction-Related Services,1337.07,83.25,75.66,7603003.1,5686.32,5686.32,0.0,both,ok
Manhattan Beach Unified,19753330000000,Unified,2024-25,3000 Pupil Services,1663.09,83.25,75.66,9456888.16,5686.32,5686.32,0.0,both,ok
Manhattan Beach Unified,19753330000000,Unified,2024-25,4000 Ancillary Services,116.44,83.25,75.66,662105.22,5686.32,5686.32,0.0,both,ok
Manhattan Beach Unified,19753330000000,Unified,2024-25,7000 General Administration,1639.74,83.25,75.66,9324072.84,5686.32,5686.32,0.0,both,ok
Manhattan Beach Unified,19753330000000,Unified,2024-25,8000 Plant Services,1896.45,83.25,75.66,10783799.16,5686.32,5686.32,0.0,both,ok
Manhattan Beach Unified,19753330000000,Unified,2024-25,9000 Other Outgo,94.85,83.25,75.66,539374.03,5686.32,5686.32,0.0,both,ok
Monrovia Unified,19647900000000,Unified,2022-23,1000 Instruction,10605.97,52.14,38.93,48953566.27,4615.66,4615.66,0.0,both,ok
Monrovia Unified,19647900000000,Unified,2022-23,2000 Instruction-Related Services,1935.25,52.14,38.93,8932460.57,4615.66,4615.66,0.0,both,ok
Monrovia Unified,19647900000000,Unified,2022-23,3000 Pupil Services,1800.29,52.14,38.93,8309517.81,4615.66,4615.66,0.0,both,ok
Monrovia Unified,19647900000000,Unified,2022-23,4000 Ancillary Services,133.77,52.14,38.93,617442.84,4615.66,4615.66,0.0,both,ok
Monrovia Unified,19647900000000,Unified,2022-23,6000 Enterprise,1.06,52.14,38.93,4902.5,4615.66,4615.66,0.0,both,ok
Monrovia Unified,19647900000000,Unified,2022-23,7000 General Administration,1500.82,52.14,38.93,6927286.18,4615.66,4615.66,0.0,both,ok
Monrovia Unified,19647900000000,Unified,2022-23,8000 Plant Services,1509.07,52.14,38.93,6965373.35,4615.66,4615.66,0.0,both,ok
Monrovia Unified,19647900000000,Unified,2023-24,1000 Instruction,11426.28,53.84,39.54,52766428.36,4617.99,4617.99,0.0,both,ok
Monrovia Unified,19647900000000,Unified,2023-24,2000 Instruction-Related Services,1974.21,53.84,39.54,9116899.86,4617.99,4617.99,0.0,both,ok
Monrovia Unified,19647900000000,Unified,2023-24,3000 Pupil Services,1928.66,53.84,39.54,8906534.54,4617.99,4617.99,0.0,both,ok
Monrovia Unified,19647900000000,Unified,2023-24,4000 Ancillary Services,191.03,53.84,39.54,882164.46,4617.99,4617.99,0.0,both,ok
Monrovia Unified,19647900000000,Unified,2023-24,6000 Enterprise,2.74,53.84,39.54,12658.72,4617.99,4617.99,0.0,both,ok
Monrovia Unified,19647900000000,Unified,2023-24,7000 General Administration,1582.65,53.84,39.54,7308653.56,4617.99,4617.99,0.0,both,ok
Monrovia Unified,19647900000000,Unified,2023-24,8000 Plant Services,1619.56,53.84,39.54,7479115.82,4617.99,4617.99,0.0,both,ok
Monrovia Unified,19647900000000,Unified,2024-25,1000 Instruction,11270.7,54.78,42.04,52070425.41,4619.98,4619.98,0.0,both,ok
Monrovia Unified,19647900000000,Unified,2024-25,2000 Instruction-Related Services,1777.34,54.78,42.04,8211270.81,4619.98,4619.98,0.0,both,ok
Monrovia Unified,19647900000000,Unified,2024-25,3000 Pupil Services,1926.33,54.78,42.04,8899597.01,4619.98,4619.98,0.0,both,ok
Monrovia Unified,19647900000000,Unified,2024-25,4000 Ancillary Services,161.7,54.78,42.04,747033.23,4619.98,4619.98,0.0,both,ok
Monrovia Unified,19647900000000,Unified,2024-25,5000 Community Services,0.05,54.78,42.04,219.02,4619.98,4619.98,0.0,both,ok
Monrovia Unified,19647900000000,Unified,2024-25,6000 Enterprise,0.72,54.78,42.04,3342.12,4619.98,4619.98,0.0,both,ok
Monrovia Unified,19647900000000,Unified,2024-25,7000 General Administration,1538.15,54.78,42.04,7106243.86,4619.98,4619.98,0.0,both,ok
Monrovia Unified,19647900000000,Unified,2024-25,8000 Plant Services,1855.04,54.78,42.04,8570262.48,4619.98,4619.98,0.0,both,ok
Montebello Unified,19648080000000,Unified,2022-23,1000 Instruction,15072.94,33.97,20.5,282008652.82,18709.6,18709.6,0.0,both,ok
Montebello Unified,19648080000000,Unified,2022-23,2000 Instruction-Related Services,3196.0,33.97,20.5,59795818.98,18709.6,18709.6,0.0,both,ok
Montebello Unified,19648080000000,Unified,2022-23,3000 Pupil Services,2799.66,33.97,20.5,52380533.33,18709.6,18709.6,0.0,both,ok
Montebello Unified,19648080000000,Unified,2022-23,4000 Ancillary Services,155.18,33.97,20.5,2903293.67,18709.6,18709.6,0.0,both,ok
Montebello Unified,19648080000000,Unified,2022-23,5000 Community Services,12.2,33.97,20.5,228312.5,18709.6,18709.6,0.0,both,ok
Montebello Unified,19648080000000,Unified,2022-23,7000 General Administration,1258.82,33.97,20.5,23552067.91,18709.6,18709.6,0.0,both,ok
Montebello Unified,19648080000000,Unified,2022-23,8000 Plant Services,2366.45,33.97,20.5,44275314.0,18709.6,18709.6,0.0,both,ok
Montebello Unified,19648080000000,Unified,2023-24,1000 Instruction,15957.29,35.72,22.33,293208954.1,18374.61,18374.61,0.0,both,ok
Montebello Unified,19648080000000,Unified,2023-24,2000 Instruction-Related Services,3301.71,35.72,22.33,60667566.9,18374.61,18374.61,0.0,both,ok
Montebello Unified,19648080000000,Unified,2023-24,3000 Pupil Services,3059.41,35.72,22.33,56215423.26,18374.61,18374.61,0.0,both,ok
Montebello Unified,19648080000000,Unified,2023-24,4000 Ancillary Services,156.38,35.72,22.33,2873407.78,18374.61,18374.61,0.0,both,ok
Montebello Unified,19648080000000,Unified,2023-24,5000 Community Services,7.19,35.72,22.33,132129.83,18374.61,18374.61,0.0,both,ok
Montebello Unified,19648080000000,Unified,2023-24,6000 Enterprise,0.54,35.72,22.33,10000.0,18374.61,18374.61,0.0,both,ok
Montebello Unified,19648080000000,Unified,2023-24,7000 General Administration,1220.52,35.72,22.33,22426533.58,18374.61,18374.61,0.0,both,ok
Montebello Unified,19648080000000,Unified,2023-24,8000 Plant Services,2448.71,35.72,22.33,44994178.19,18374.61,18374.61,0.0,both,ok
Montebello Unified,19648080000000,Unified,2024-25,1000 Instruction,14744.27,37.01,25.92,262468756.39,17801.41,17801.41,0.0,both,ok
Montebello Unified,19648080000000,Unified,2024-25,2000 Instruction-Related Services,3039.55,37.01,25.92,54108291.93,17801.41,17801.41,0.0,both,ok
Montebello Unified,19648080000000,Unified,2024-25,3000 Pupil Services,3270.21,37.01,25.92,58214383.99,17801.41,17801.41,0.0,both,ok
Montebello Unified,19648080000000,Unified,2024-25,4000 Ancillary Services,179.35,37.01,25.92,3192690.96,17801.41,17801.41,0.0,both,ok
Montebello Unified,19648080000000,Unified,2024-25,5000 Community Services,6.3,37.01,25.92,112137.21,17801.41,17801.41,0.0,both,ok
Montebello Unified,19648080000000,Unified,2024-25,6000 Enterprise,0.56,37.01,25.92,10000.0,17801.41,17801.41,0.0,both,ok
Montebello Unified,19648080000000,Unified,2024-25,7000 General Administration,1127.69,37.01,25.92,20074469.32,17801.41,17801.41,0.0,both,ok
Montebello Unified,19648080000000,Unified,2024-25,8000 Plant Services,2425.3,37.01,25.92,43173719.27,17801.41,17801.41,0.0,both,ok
Mountain View Elementary,19648160000000,Elementary,2022-23,1000 Instruction,15067.72,28.3,17.47,68407612.41,4540.01,4540.01,0.0,both,ok
Mountain View Elementary,19648160000000,Elementary,2022-23,2000 Instruction-Related Services,3123.66,28.3,17.47,14181461.21,4540.01,4540.01,0.0,both,ok
Mountain View Elementary,19648160000000,Elementary,2022-23,3000 Pupil Services,1302.18,28.3,17.47,5911909.2,4540.01,4540.01,0.0,both,ok
Mountain View Elementary,19648160000000,Elementary,2022-23,5000 Community Services,0.41,28.3,17.47,1854.33,4540.01,4540.01,0.0,both,ok
Mountain View Elementary,19648160000000,Elementary,2022-23,7000 General Administration,1187.35,28.3,17.47,5390559.98,4540.01,4540.01,0.0,both,ok
Mountain View Elementary,19648160000000,Elementary,2022-23,8000 Plant Services,1761.9,28.3,17.47,7999028.29,4540.01,4540.01,0.0,both,ok
Mountain View Elementary,19648160000000,Elementary,2023-24,1000 Instruction,16783.71,28.55,17.98,72672644.18,4329.95,4329.95,0.0,both,ok
Mountain View Elementary,19648160000000,Elementary,2023-24,2000 Instruction-Related Services,4349.99,28.55,17.98,18835253.99,4329.95,4329.95,0.0,both,ok
Mountain View Elementary,19648160000000,Elementary,2023-24,3000 Pupil Services,1899.53,28.55,17.98,8224848.78,4329.95,4329.95,0.0,both,ok
Mountain View Elementary,19648160000000,Elementary,2023-24,5000 Community Services,0.41,28.55,17.98,1768.41,4329.95,4329.95,0.0,both,ok
Mountain View Elementary,19648160000000,Elementary,2023-24,7000 General Administration,1483.34,28.55,17.98,6422780.45,4329.95,4329.95,0.0,both,ok
Mountain View Elementary,19648160000000,Elementary,2023-24,8000 Plant Services,2238.72,28.55,17.98,9693564.2,4329.95,4329.95,0.0,both,ok
Mountain View Elementary,19648160000000,Elementary,2024-25,1000 Instruction,17816.07,32.3,19.4,74863320.66,4202.01,4202.01,0.0,both,ok
Mountain View Elementary,19648160000000,Elementary,2024-25,2000 Instruction-Related Services,3852.07,32.3,19.4,16186424.45,4202.01,4202.01,0.0,both,ok
Mountain View Elementary,19648160000000,Elementary,2024-25,3000 Pupil Services,1620.87,32.3,19.4,6810931.85,4202.01,4202.01,0.0,both,ok
Mountain View Elementary,19648160000000,Elementary,2024-25,5000 Community Services,0.56,32.3,19.4,2333.12,4202.01,4202.01,0.0,both,ok
Mountain View Elementary,19648160000000,Elementary,2024-25,7000 General Administration,1619.78,32.3,19.4,6806347.53,4202.01,4202.01,0.0,both,ok
Mountain View Elementary,19648160000000,Elementary,2024-25,8000 Plant Services,2137.66,32.3,19.4,8982458.97,4202.01,4202.01,0.0,both,ok
Newhall,19648320000000,Elementary,2022-23,1000 Instruction,9600.64,66.75,62.38,53929700.88,5617.3,5617.3,0.0,both,ok
Newhall,19648320000000,Elementary,2022-23,2000 Instruction-Related Services,1520.68,66.75,62.38,8542107.72,5617.3,5617.3,0.0,both,ok
Newhall,19648320000000,Elementary,2022-23,3000 Pupil Services,891.06,66.75,62.38,5005334.34,5617.3,5617.3,0.0,both,ok
Newhall,19648320000000,Elementary,2022-23,4000 Ancillary Services,51.59,66.75,62.38,289796.91,5617.3,5617.3,0.0,both,ok
Newhall,19648320000000,Elementary,2022-23,7000 General Administration,1033.49,66.75,62.38,5805429.41,5617.3,5617.3,0.0,both,ok
Newhall,19648320000000,Elementary,2022-23,8000 Plant Services,1348.01,66.75,62.38,7572164.02,5617.3,5617.3,0.0,both,ok
Newhall,19648320000000,Elementary,2023-24,1000 Instruction,10176.78,67.13,63.58,57889782.09,5688.42,5688.42,0.0,both,ok
Newhall,19648320000000,Elementary,2023-24,2000 Instruction-Related Services,1563.02,67.13,63.58,8891142.59,5688.42,5688.42,0.0,both,ok
Newhall,19648320000000,Elementary,2023-24,3000 Pupil Services,904.83,67.13,63.58,5147068.37,5688.42,5688.42,0.0,both,ok
Newhall,19648320000000,Elementary,2023-24,4000 Ancillary Services,39.22,67.13,63.58,223119.46,5688.42,5688.42,0.0,both,ok
Newhall,19648320000000,Elementary,2023-24,7000 General Administration,1096.29,67.13,63.58,6236142.3,5688.42,5688.42,0.0,both,ok
Newhall,19648320000000,Elementary,2023-24,8000 Plant Services,1630.73,67.13,63.58,9276259.98,5688.42,5688.42,0.0,both,ok
Newhall,19648320000000,Elementary,2024-25,1000 Instruction,11191.1,69.37,63.56,64599283.8,5772.38,5772.38,0.0,both,ok
Newhall,19648320000000,Elementary,2024-25,2000 Instruction-Related Services,1763.33,69.37,63.56,10178635.8,5772.38,5772.38,0.0,both,ok
Newhall,19648320000000,Elementary,2024-25,3000 Pupil Services,1049.98,69.37,63.56,6060867.17,5772.38,5772.38,0.0,both,ok
Newhall,19648320000000,Elementary,2024-25,4000 Ancillary Services,38.53,69.37,63.56,222421.91,5772.38,5772.38,0.0,both,ok
Newhall,19648320000000,Elementary,2024-25,5000 Community Services,0.02,69.37,63.56,105.1,5772.38,5772.38,0.0,both,ok
Newhall,19648320000000,Elementary,2024-25,7000 General Administration,1336.28,69.37,63.56,7713529.65,5772.38,5772.38,0.0,both,ok
Newhall,19648320000000,Elementary,2024-25,8000 Plant Services,1536.05,69.37,63.56,8866635.5,5772.38,5772.38,0.0,both,ok
Norwalk-La Mirada Unified,19648400000000,Unified,2022-23,1000 Instruction,12000.59,44.37,30.14,169426311.49,14118.17,14118.17,0.0,both,ok
Norwalk-La Mirada Unified,19648400000000,Unified,2022-23,2000 Instruction-Related Services,2495.53,44.37,30.14,35232249.23,14118.17,14118.17,0.0,both,ok
Norwalk-La Mirada Unified,19648400000000,Unified,2022-23,3000 Pupil Services,1907.62,44.37,30.14,26932065.97,14118.17,14118.17,0.0,both,ok
Norwalk-La Mirada Unified,19648400000000,Unified,2022-23,4000 Ancillary Services,235.01,44.37,30.14,3317918.63,14118.17,14118.17,0.0,both,ok
Norwalk-La Mirada Unified,19648400000000,Unified,2022-23,6000 Enterprise,31.66,44.37,30.14,447025.84,14118.17,14118.17,0.0,both,ok
Norwalk-La Mirada Unified,19648400000000,Unified,2022-23,7000 General Administration,1368.93,44.37,30.14,19326791.72,14118.17,14118.17,0.0,both,ok
Norwalk-La Mirada Unified,19648400000000,Unified,2022-23,8000 Plant Services,2216.4,44.37,30.14,31291579.38,14118.17,14118.17,0.0,both,ok
Norwalk-La Mirada Unified,19648400000000,Unified,2023-24,1000 Instruction,12756.49,46.06,30.78,177523305.21,13916.31,13916.31,0.0,both,ok
Norwalk-La Mirada Unified,19648400000000,Unified,2023-24,2000 Instruction-Related Services,2639.23,46.06,30.78,36728324.16,13916.31,13916.31,0.0,both,ok
Norwalk-La Mirada Unified,19648400000000,Unified,2023-24,3000 Pupil Services,2135.35,46.06,30.78,29716171.42,13916.31,13916.31,0.0,both,ok
Norwalk-La Mirada Unified,19648400000000,Unified,2023-24,4000 Ancillary Services,253.03,46.06,30.78,3521300.92,13916.31,13916.31,0.0,both,ok
Norwalk-La Mirada Unified,19648400000000,Unified,2023-24,6000 Enterprise,17.8,46.06,30.78,247774.23,13916.31,13916.31,0.0,both,ok
Norwalk-La Mirada Unified,19648400000000,Unified,2023-24,7000 General Administration,1535.85,46.06,30.78,21373338.53,13916.31,13916.31,0.0,both,ok
Norwalk-La Mirada Unified,19648400000000,Unified,2023-24,8000 Plant Services,2232.92,46.06,30.78,31074029.99,13916.31,13916.31,0.0,both,ok
Norwalk-La Mirada Unified,19648400000000,Unified,2024-25,1000 Instruction,12609.27,49.54,36.32,171142537.52,13572.76,13572.76,0.0,both,ok
Norwalk-La Mirada Unified,19648400000000,Unified,2024-25,2000 Instruction-Related Services,2506.34,49.54,36.32,34018000.79,13572.76,13572.76,0.0,both,ok
Norwalk-La Mirada Unified,19648400000000,Unified,2024-25,3000 Pupil Services,2406.69,49.54,36.32,32665410.76,13572.76,13572.76,0.0,both,ok
Norwalk-La Mirada Unified,19648400000000,Unified,2024-25,4000 Ancillary Services,284.94,49.54,36.32,3867368.04,13572.76,13572.76,0.0,both,ok
Norwalk-La Mirada Unified,19648400000000,Unified,2024-25,6000 Enterprise,-111.16,49.54,36.32,-1508787.61,13572.76,13572.76,0.0,both,ok
Norwalk-La Mirada Unified,19648400000000,Unified,2024-25,7000 General Administration,1308.19,49.54,36.32,17755704.31,13572.76,13572.76,0.0,both,ok
Norwalk-La Mirada Unified,19648400000000,Unified,2024-25,8000 Plant Services,2354.65,49.54,36.32,31959119.87,13572.76,13572.76,0.0,both,ok
Palmdale Elementary,19648570000000,Elementary,2022-23,1000 Instruction,11333.79,27.13,16.39,177260083.62,15639.96,15639.96,0.0,both,ok
Palmdale Elementary,19648570000000,Elementary,2022-23,2000 Instruction-Related Services,2270.12,27.13,16.39,35504617.51,15639.96,15639.96,0.0,both,ok
Palmdale Elementary,19648570000000,Elementary,2022-23,3000 Pupil Services,2265.38,27.13,16.39,35430390.66,15639.96,15639.96,0.0,both,ok
Palmdale Elementary,19648570000000,Elementary,2022-23,4000 Ancillary Services,61.58,27.13,16.39,963135.04,15639.96,15639.96,0.0,both,ok
Palmdale Elementary,19648570000000,Elementary,2022-23,5000 Community Services,210.13,27.13,16.39,3286424.84,15639.96,15639.96,0.0,both,ok
Palmdale Elementary,19648570000000,Elementary,2022-23,7000 General Administration,1170.64,27.13,16.39,18308727.22,15639.96,15639.96,0.0,both,ok
Palmdale Elementary,19648570000000,Elementary,2022-23,8000 Plant Services,1910.95,27.13,16.39,29887203.04,15639.96,15639.96,0.0,both,ok
Palmdale Elementary,19648570000000,Elementary,2023-24,1000 Instruction,12488.05,27.55,16.62,196950205.49,15771.09,15771.09,0.0,both,ok
Palmdale Elementary,19648570000000,Elementary,2023-24,2000 Instruction-Related Services,2404.44,27.55,16.62,37920607.38,15771.09,15771.09,0.0,both,ok
Palmdale Elementary,19648570000000,Elementary,2023-24,3000 Pupil Services,2541.28,27.55,16.62,40078730.46,15771.09,15771.09,0.0,both,ok
Palmdale Elementary,19648570000000,Elementary,2023-24,4000 Ancillary Services,63.29,27.55,16.62,998220.8,15771.09,15771.09,0.0,both,ok
Palmdale Elementary,19648570000000,Elementary,2023-24,5000 Community Services,0.29,27.55,16.62,4570.8,15771.09,15771.09,0.0,both,ok
Palmdale Elementary,19648570000000,Elementary,2023-24,7000 General Administration,1275.25,27.55,16.62,20112078.52,15771.09,15771.09,0.0,both,ok
Palmdale Elementary,19648570000000,Elementary,2023-24,8000 Plant Services,2009.21,27.55,16.62,31687386.77,15771.09,15771.09,0.0,both,ok
Palmdale Elementary,19648570000000,Elementary,2024-25,1000 Instruction,13661.11,30.4,18.66,212434077.93,15550.28,15550.28,0.0,both,ok
Palmdale Elementary,19648570000000,Elementary,2024-25,2000 Instruction-Related Services,2608.6,30.4,18.66,40564410.27,15550.28,15550.28,0.0,both,ok
Palmdale Elementary,19648570000000,Elementary,2024-25,3000 Pupil Services,2811.37,30.4,18.66,43717635.48,15550.28,15550.28,0.0,both,ok
Palmdale Elementary,19648570000000,Elementary,2024-25,4000 Ancillary Services,100.01,30.4,18.66,1555118.25,15550.28,15550.28,0.0,both,ok
Palmdale Elementary,19648570000000,Elementary,2024-25,5000 Community Services,0.22,30.4,18.66,3420.8,15550.28,15550.28,0.0,both,ok
Palmdale Elementary,19648570000000,Elementary,2024-25,7000 General Administration,1453.7,30.4,18.66,22605405.05,15550.28,15550.28,0.0,both,ok
Palmdale Elementary,19648570000000,Elementary,2024-25,8000 Plant Services,2244.98,30.4,18.66,34910095.99,15550.28,15550.28,0.0,both,ok
Palos Verdes Peninsula Unified,19648650000000,Unified,2022-23,1000 Instruction,10572.41,81.83,74.8,104935882.89,9925.45,9925.45,0.0,both,ok
Palos Verdes Peninsula Unified,19648650000000,Unified,2022-23,2000 Instruction-Related Services,1053.41,81.83,74.8,10455542.89,9925.45,9925.45,0.0,both,ok
Palos Verdes Peninsula Unified,19648650000000,Unified,2022-23,3000 Pupil Services,1148.97,81.83,74.8,11404079.58,9925.45,9925.45,0.0,both,ok
Palos Verdes Peninsula Unified,19648650000000,Unified,2022-23,4000 Ancillary Services,222.66,81.83,74.8,2210012.44,9925.45,9925.45,0.0,both,ok
Palos Verdes Peninsula Unified,19648650000000,Unified,2022-23,5000 Community Services,14.63,81.83,74.8,145205.31,9925.45,9925.45,0.0,both,ok
Palos Verdes Peninsula Unified,19648650000000,Unified,2022-23,7000 General Administration,988.32,81.83,74.8,9809536.44,9925.45,9925.45,0.0,both,ok
Palos Verdes Peninsula Unified,19648650000000,Unified,2022-23,8000 Plant Services,1490.69,81.83,74.8,14795736.19,9925.45,9925.45,0.0,both,ok
Palos Verdes Peninsula Unified,19648650000000,Unified,2023-24,1000 Instruction,11935.45,81.16,75.48,117965445.74,9883.62,9883.62,0.0,both,ok
Palos Verdes Peninsula Unified,19648650000000,Unified,2023-24,2000 Instruction-Related Services,1116.08,81.16,75.48,11030915.48,9883.62,9883.62,0.0,both,ok
Palos Verdes Peninsula Unified,19648650000000,Unified,2023-24,3000 Pupil Services,1391.04,81.16,75.48,13748478.73,9883.62,9883.62,0.0,both,ok
Palos Verdes Peninsula Unified,19648650000000,Unified,2023-24,4000 Ancillary Services,226.59,81.16,75.48,2239546.06,9883.62,9883.62,0.0,both,ok
Palos Verdes Peninsula Unified,19648650000000,Unified,2023-24,5000 Community Services,18.72,81.16,75.48,185006.03,9883.62,9883.62,0.0,both,ok
Palos Verdes Peninsula Unified,19648650000000,Unified,2023-24,7000 General Administration,1048.71,81.16,75.48,10365087.09,9883.62,9883.62,0.0,both,ok
Palos Verdes Peninsula Unified,19648650000000,Unified,2023-24,8000 Plant Services,1659.69,81.16,75.48,16403710.42,9883.62,9883.62,0.0,both,ok
Palos Verdes Peninsula Unified,19648650000000,Unified,2024-25,1000 Instruction,11826.95,80.84,75.41,114552378.04,9685.71,9685.71,0.0,both,ok
Palos Verdes Peninsula Unified,19648650000000,Unified,2024-25,2000 Instruction-Related Services,1174.92,80.84,75.41,11379936.47,9685.71,9685.71,0.0,both,ok
Palos Verdes Peninsula Unified,19648650000000,Unified,2024-25,3000 Pupil Services,1494.17,80.84,75.41,14472113.71,9685.71,9685.71,0.0,both,ok
Palos Verdes Peninsula Unified,19648650000000,Unified,2024-25,4000 Ancillary Services,242.26,80.84,75.41,2346447.1,9685.71,9685.71,0.0,both,ok
Palos Verdes Peninsula Unified,19648650000000,Unified,2024-25,5000 Community Services,19.35,80.84,75.41,187382.95,9685.71,9685.71,0.0,both,ok
Palos Verdes Peninsula Unified,19648650000000,Unified,2024-25,7000 General Administration,1182.78,80.84,75.41,11456095.82,9685.71,9685.71,0.0,both,ok
Palos Verdes Peninsula Unified,19648650000000,Unified,2024-25,8000 Plant Services,1737.58,80.84,75.41,16829670.92,9685.71,9685.71,0.0,both,ok
Paramount Unified,19648730000000,Unified,2022-23,1000 Instruction,13403.06,39.19,21.58,157326513.16,11738.1,11738.1,0.0,both,ok
Paramount Unified,19648730000000,Unified,2022-23,2000 Instruction-Related Services,3108.96,39.19,21.58,36493317.13,11738.1,11738.1,0.0,both,ok
Paramount Unified,19648730000000,Unified,2022-23,3000 Pupil Services,1823.3,39.19,21.58,21402074.2,11738.1,11738.1,0.0,both,ok
Paramount Unified,19648730000000,Unified,2022-23,4000 Ancillary Services,1.75,39.19,21.58,20539.0,11738.1,11738.1,0.0,both,ok
Paramount Unified,19648730000000,Unified,2022-23,7000 General Administration,1442.7,39.19,21.58,16934516.57,11738.1,11738.1,0.0,both,ok
Paramount Unified,19648730000000,Unified,2022-23,8000 Plant Services,2148.26,39.19,21.58,25216541.35,11738.1,11738.1,0.0,both,ok
Paramount Unified,19648730000000,Unified,2023-24,1000 Instruction,14916.54,40.05,22.48,166043343.08,11131.49,11131.49,0.0,both,ok
Paramount Unified,19648730000000,Unified,2023-24,2000 Instruction-Related Services,3486.91,40.05,22.48,38814455.59,11131.49,11131.49,0.0,both,ok
Paramount Unified,19648730000000,Unified,2023-24,3000 Pupil Services,2069.73,40.05,22.48,23039139.64,11131.49,11131.49,0.0,both,ok
Paramount Unified,19648730000000,Unified,2023-24,4000 Ancillary Services,7.01,40.05,22.48,78062.87,11131.49,11131.49,0.0,both,ok
Paramount Unified,19648730000000,Unified,2023-24,7000 General Administration,1142.45,40.05,22.48,12717201.74,11131.49,11131.49,0.0,both,ok
Paramount Unified,19648730000000,Unified,2023-24,8000 Plant Services,2551.91,40.05,22.48,28406506.11,11131.49,11131.49,0.0,both,ok
Paramount Unified,19648730000000,Unified,2024-25,1000 Instruction,18246.99,43.38,25.02,197281168.43,10811.71,10811.71,0.0,both,ok
Paramount Unified,19648730000000,Unified,2024-25,2000 Instruction-Related Services,2975.6,43.38,25.02,32171293.74,10811.71,10811.71,0.0,both,ok
Paramount Unified,19648730000000,Unified,2024-25,3000 Pupil Services,2012.16,43.38,25.02,21754894.03,10811.71,10811.71,0.0,both,ok
Paramount Unified,19648730000000,Unified,2024-25,5000 Community Services,3.75,43.38,25.02,40511.32,10811.71,10811.71,0.0,both,ok
Paramount Unified,19648730000000,Unified,2024-25,7000 General Administration,945.85,43.38,25.02,10226210.43,10811.71,10811.71,0.0,both,ok
Paramount Unified,19648730000000,Unified,2024-25,8000 Plant Services,2536.3,43.38,25.02,27421793.89,10811.71,10811.71,0.0,both,ok
Pasadena Unified,19648810000000,Unified,2022-23,1000 Instruction,12528.77,45.18,33.98,162202654.63,12946.41,12946.41,0.0,both,ok
Pasadena Unified,19648810000000,Unified,2022-23,2000 Instruction-Related Services,3421.57,45.18,33.98,44297056.12,12946.41,12946.41,0.0,both,ok
Pasadena Unified,19648810000000,Unified,2022-23,3000 Pupil Services,2627.7,45.18,33.98,34019234.59,12946.41,12946.41,0.0,both,ok
Pasadena Unified,19648810000000,Unified,2022-23,4000 Ancillary Services,109.12,45.18,33.98,1412776.71,12946.41,12946.41,0.0,both,ok
Pasadena Unified,19648810000000,Unified,2022-23,5000 Community Services,13.04,45.18,33.98,168774.13,12946.41,12946.41,0.0,both,ok
Pasadena Unified,19648810000000,Unified,2022-23,6000 Enterprise,0.48,45.18,33.98,6233.5,12946.41,12946.41,0.0,both,ok
Pasadena Unified,19648810000000,Unified,2022-23,7000 General Administration,1475.09,45.18,33.98,19097081.35,12946.41,12946.41,0.0,both,ok
Pasadena Unified,19648810000000,Unified,2022-23,8000 Plant Services,2407.58,45.18,33.98,31169504.93,12946.41,12946.41,0.0,both,ok
Pasadena Unified,19648810000000,Unified,2023-24,1000 Instruction,14200.26,45.87,35.15,183217757.14,12902.42,12902.42,0.0,both,ok
Pasadena Unified,19648810000000,Unified,2023-24,2000 Instruction-Related Services,4385.01,45.87,35.15,56577235.79,12902.42,12902.42,0.0,both,ok
Pasadena Unified,19648810000000,Unified,2023-24,3000 Pupil Services,2900.67,45.87,35.15,37425710.18,12902.42,12902.42,0.0,both,ok
Pasadena Unified,19648810000000,Unified,2023-24,4000 Ancillary Services,132.62,45.87,35.15,1711139.61,12902.42,12902.42,0.0,both,ok
Pasadena Unified,19648810000000,Unified,2023-24,5000 Community Services,20.32,45.87,35.15,262153.49,12902.42,12902.42,0.0,both,ok
Pasadena Unified,19648810000000,Unified,2023-24,7000 General Administration,1711.39,45.87,35.15,22081023.48,12902.42,12902.42,0.0,both,ok
Pasadena Unified,19648810000000,Unified,2023-24,8000 Plant Services,2823.94,45.87,35.15,36435668.4,12902.42,12902.42,0.0,both,ok
Pasadena Unified,19648810000000,Unified,2024-25,1000 Instruction,14167.34,48.18,36.31,179284700.63,12654.79,12654.79,0.0,both,ok
Pasadena Unified,19648810000000,Unified,2024-25,2000 Instruction-Related Services,4246.05,48.18,36.31,53732927.25,12654.79,12654.79,0.0,both,ok
Pasadena Unified,19648810000000,Unified,2024-25,3000 Pupil Services,2750.41,48.18,36.31,34805864.72,12654.79,12654.79,0.0,both,ok
Pasadena Unified,19648810000000,Unified,2024-25,4000 Ancillary Services,149.7,48.18,36.31,1894403.04,12654.79,12654.79,0.0,both,ok
Pasadena Unified,19648810000000,Unified,2024-25,5000 Community Services,25.06,48.18,36.31,317096.28,12654.79,12654.79,0.0,both,ok
Pasadena Unified,19648810000000,Unified,2024-25,7000 General Administration,2133.37,48.18,36.31,26997307.48,12654.79,12654.79,0.0,both,ok
Pasadena Unified,19648810000000,Unified,2024-25,8000 Plant Services,7632.49,48.18,36.31,96587523.15,12654.79,12654.79,0.0,both,ok
Pomona Unified,19649070000000,Unified,2022-23,1000 Instruction,11681.68,36.93,21.51,211750258.4,18126.7,18126.7,0.0,both,ok
Pomona Unified,19649070000000,Unified,2022-23,2000 Instruction-Related Services,2794.98,36.93,21.51,50663793.79,18126.7,18126.7,0.0,both,ok
Pomona Unified,19649070000000,Unified,2022-23,3000 Pupil Services,1858.34,36.93,21.51,33685486.77,18126.7,18126.7,0.0,both,ok
Pomona Unified,19649070000000,Unified,2022-23,4000 Ancillary Services,41.59,36.93,21.51,753935.69,18126.7,18126.7,0.0,both,ok
Pomona Unified,19649070000000,Unified,2022-23,5000 Community Services,31.15,36.93,21.51,564610.43,18126.7,18126.7,0.0,both,ok
Pomona Unified,19649070000000,Unified,2022-23,7000 General Administration,1076.4,36.93,21.51,19511623.7,18126.7,18126.7,0.0,both,ok
Pomona Unified,19649070000000,Unified,2022-23,8000 Plant Services,1908.98,36.93,21.51,34603438.21,18126.7,18126.7,0.0,both,ok
Pomona Unified,19649070000000,Unified,2023-24,1000 Instruction,13676.44,35.69,22.67,244992423.28,17913.46,17913.46,0.0,both,ok
Pomona Unified,19649070000000,Unified,2023-24,2000 Instruction-Related Services,3369.03,35.69,22.67,60350947.61,17913.46,17913.46,0.0,both,ok
Pomona Unified,19649070000000,Unified,2023-24,3000 Pupil Services,2192.89,35.69,22.67,39282235.84,17913.46,17913.46,0.0,both,ok
Pomona Unified,19649070000000,Unified,2023-24,4000 Ancillary Services,43.93,35.69,22.67,787009.8,17913.46,17913.46,0.0,both,ok
Pomona Unified,19649070000000,Unified,2023-24,5000 Community Services,32.92,35.69,22.67,589799.51,17913.46,17913.46,0.0,both,ok
Pomona Unified,19649070000000,Unified,2023-24,7000 General Administration,1406.16,35.69,22.67,25189145.96,17913.46,17913.46,0.0,both,ok
Pomona Unified,19649070000000,Unified,2023-24,8000 Plant Services,2066.8,35.69,22.67,37023468.88,17913.46,17913.46,0.0,both,ok
Pomona Unified,19649070000000,Unified,2024-25,1000 Instruction,14820.41,37.31,23.97,258931374.16,17471.27,17471.27,0.0,both,ok
Pomona Unified,19649070000000,Unified,2024-25,2000 Instruction-Related Services,3713.29,37.31,23.97,64875874.39,17471.27,17471.27,0.0,both,ok
Pomona Unified,19649070000000,Unified,2024-25,3000 Pupil Services,2460.88,37.31,23.97,42994656.06,17471.27,17471.27,0.0,both,ok
Pomona Unified,19649070000000,Unified,2024-25,4000 Ancillary Services,79.2,37.31,23.97,1383676.6,17471.27,17471.27,0.0,both,ok
Pomona Unified,19649070000000,Unified,2024-25,5000 Community Services,35.35,37.31,23.97,617550.1,17471.27,17471.27,0.0,both,ok
Pomona Unified,19649070000000,Unified,2024-25,7000 General Administration,1243.77,37.31,23.97,21730295.93,17471.27,17471.27,0.0,both,ok
Pomona Unified,19649070000000,Unified,2024-25,8000 Plant Services,2463.76,37.31,23.97,43044979.44,17471.27,17471.27,0.0,both,ok
Redondo Beach Unified,19753410000000,Unified,2022-23,1000 Instruction,9242.76,73.1,67.16,83434768.12,9027.04,9027.04,0.0,both,ok
Redondo Beach Unified,19753410000000,Unified,2022-23,2000 Instruction-Related Services,1199.68,73.1,67.16,10829569.47,9027.04,9027.04,0.0,both,ok
Redondo Beach Unified,19753410000000,Unified,2022-23,3000 Pupil Services,1114.31,73.1,67.16,10058964.22,9027.04,9027.04,0.0,both,ok
Redondo Beach Unified,19753410000000,Unified,2022-23,5000 Community Services,47.96,73.1,67.16,432905.8,9027.04,9027.04,0.0,both,ok
Redondo Beach Unified,19753410000000,Unified,2022-23,7000 General Administration,969.9,73.1,67.16,8755338.1,9027.04,9027.04,0.0,both,ok
Redondo Beach Unified,19753410000000,Unified,2022-23,8000 Plant Services,1121.41,73.1,67.16,10123027.61,9027.04,9027.04,0.0,both,ok
Redondo Beach Unified,19753410000000,Unified,2023-24,1000 Instruction,10132.74,73.57,69.47,91548555.4,9034.93,9034.93,0.0,both,ok
Redondo Beach Unified,19753410000000,Unified,2023-24,2000 Instruction-Related Services,1295.0,73.57,69.47,11700207.46,9034.93,9034.93,0.0,both,ok
Redondo Beach Unified,19753410000000,Unified,2023-24,3000 Pupil Services,1151.01,73.57,69.47,10399310.63,9034.93,9034.93,0.0,both,ok
Redondo Beach Unified,19753410000000,Unified,2023-24,5000 Community Services,52.85,73.57,69.47,477481.81,9034.93,9034.93,0.0,both,ok
Redondo Beach Unified,19753410000000,Unified,2023-24,7000 General Administration,1247.83,73.57,69.47,11274043.5,9034.93,9034.93,0.0,both,ok
Redondo Beach Unified,19753410000000,Unified,2023-24,8000 Plant Services,1211.84,73.57,69.47,10948892.48,9034.93,9034.93,0.0,both,ok
Redondo Beach Unified,19753410000000,Unified,2024-25,1000 Instruction,10019.17,71.39,67.46,90256750.11,9008.41,9008.41,0.0,both,ok
Redondo Beach Unified,19753410000000,Unified,2024-25,2000 Instruction-Related Services,1241.44,71.39,67.46,11183361.07,9008.41,9008.41,0.0,both,ok
Redondo Beach Unified,19753410000000,Unified,2024-25,3000 Pupil Services,1156.82,71.39,67.46,10421122.83,9008.41,9008.41,0.0,both,ok
Redondo Beach Unified,19753410000000,Unified,2024-25,5000 Community Services,50.87,71.39,67.46,458238.83,9008.41,9008.41,0.0,both,ok
Redondo Beach Unified,19753410000000,Unified,2024-25,7000 General Administration,1363.88,71.39,67.46,12286358.35,9008.41,9008.41,0.0,both,ok
Redondo Beach Unified,19753410000000,Unified,2024-25,8000 Plant Services,1246.61,71.39,67.46,11229965.11,9008.41,9008.41,0.0,both,ok
Rosemead Elementary,19649310000000,Elementary,2022-23,1000 Instruction,13394.45,57.66,50.71,29612722.86,2210.82,2210.82,0.0,both,ok
Rosemead Elementary,19649310000000,Elementary,2022-23,2000 Instruction-Related Services,1512.92,57.66,50.71,3344787.48,2210.82,2210.82,0.0,both,ok
Rosemead Elementary,19649310000000,Elementary,2022-23,3000 Pupil Services,1079.92,57.66,50.71,2387504.35,2210.82,2210.82,0.0,both,ok
Rosemead Elementary,19649310000000,Elementary,2022-23,4000 Ancillary Services,21.31,57.66,50.71,47110.2,2210.82,2210.82,0.0,both,ok
Rosemead Elementary,19649310000000,Elementary,2022-23,7000 General Administration,1221.04,57.66,50.71,2699495.27,2210.82,2210.82,0.0,both,ok
Rosemead Elementary,19649310000000,Elementary,2022-23,8000 Plant Services,1433.73,57.66,50.71,3169723.06,2210.82,2210.82,0.0,both,ok
Rosemead Elementary,19649310000000,Elementary,2023-24,1000 Instruction,14629.76,60.22,52.74,32631835.33,2230.51,2230.51,0.0,both,ok
Rosemead Elementary,19649310000000,Elementary,2023-24,2000 Instruction-Related Services,1656.09,60.22,52.74,3693932.69,2230.51,2230.51,0.0,both,ok
Rosemead Elementary,19649310000000,Elementary,2023-24,3000 Pupil Services,1453.94,60.22,52.74,3243021.87,2230.51,2230.51,0.0,both,ok
Rosemead Elementary,19649310000000,Elementary,2023-24,4000 Ancillary Services,15.34,60.22,52.74,34219.49,2230.51,2230.51,0.0,both,ok
Rosemead Elementary,19649310000000,Elementary,2023-24,7000 General Administration,1425.43,60.22,52.74,3179439.71,2230.51,2230.51,0.0,both,ok
Rosemead Elementary,19649310000000,Elementary,2023-24,8000 Plant Services,1699.52,60.22,52.74,3790793.3,2230.51,2230.51,0.0,both,ok
Rosemead Elementary,19649310000000,Elementary,2024-25,1000 Instruction,14945.46,59.24,54.16,33299370.85,2228.06,2228.06,0.0,both,ok
Rosemead Elementary,19649310000000,Elementary,2024-25,2000 Instruction-Related Services,1623.33,59.24,54.16,3616884.7,2228.06,2228.06,0.0,both,ok
Rosemead Elementary,19649310000000,Elementary,2024-25,3000 Pupil Services,1776.43,59.24,54.16,3957982.39,2228.06,2228.06,0.0,both,ok
Rosemead Elementary,19649310000000,Elementary,2024-25,4000 Ancillary Services,17.87,59.24,54.16,39820.75,2228.06,2228.06,0.0,both,ok
Rosemead Elementary,19649310000000,Elementary,2024-25,7000 General Administration,1461.36,59.24,54.16,3255991.7,2228.06,2228.06,0.0,both,ok
Rosemead Elementary,19649310000000,Elementary,2024-25,8000 Plant Services,1647.82,59.24,54.16,3671440.77,2228.06,2228.06,0.0,both,ok
Rowland Unified,19734520000000,Unified,2022-23,1000 Instruction,12891.99,48.23,34.47,143166111.5,11105.04,11105.04,0.0,both,ok
Rowland Unified,19734520000000,Unified,2022-23,2000 Instruction-Related Services,2817.94,48.23,34.47,31293304.94,11105.04,11105.04,0.0,both,ok
Rowland Unified,19734520000000,Unified,2022-23,3000 Pupil Services,1523.19,48.23,34.47,16915124.95,11105.04,11105.04,0.0,both,ok
Rowland Unified,19734520000000,Unified,2022-23,4000 Ancillary Services,129.71,48.23,34.47,1440391.79,11105.04,11105.04,0.0,both,ok
Rowland Unified,19734520000000,Unified,2022-23,5000 Community Services,37.73,48.23,34.47,418946.31,11105.04,11105.04,0.0,both,ok
Rowland Unified,19734520000000,Unified,2022-23,7000 General Administration,1148.94,48.23,34.47,12759067.55,11105.04,11105.04,0.0,both,ok
Rowland Unified,19734520000000,Unified,2022-23,8000 Plant Services,1934.66,48.23,34.47,21484474.87,11105.04,11105.04,0.0,both,ok
Rowland Unified,19734520000000,Unified,2023-24,1000 Instruction,14885.85,47.81,35.39,164156646.52,11027.7,11027.7,0.0,both,ok
Rowland Unified,19734520000000,Unified,2023-24,2000 Instruction-Related Services,3100.88,47.81,35.39,34195584.94,11027.7,11027.7,0.0,both,ok
Rowland Unified,19734520000000,Unified,2023-24,3000 Pupil Services,1663.74,47.81,35.39,18347221.13,11027.7,11027.7,0.0,both,ok
Rowland Unified,19734520000000,Unified,2023-24,4000 Ancillary Services,170.19,47.81,35.39,1876760.06,11027.7,11027.7,0.0,both,ok
Rowland Unified,19734520000000,Unified,2023-24,5000 Community Services,35.74,47.81,35.39,394164.61,11027.7,11027.7,0.0,both,ok
Rowland Unified,19734520000000,Unified,2023-24,7000 General Administration,1265.58,47.81,35.39,13956451.56,11027.7,11027.7,0.0,both,ok
Rowland Unified,19734520000000,Unified,2023-24,8000 Plant Services,1887.73,47.81,35.39,20817356.07,11027.7,11027.7,0.0,both,ok
Rowland Unified,19734520000000,Unified,2024-25,1000 Instruction,13942.89,48.49,35.8,153204585.47,10988.01,10988.01,0.0,both,ok
Rowland Unified,19734520000000,Unified,2024-25,2000 Instruction-Related Services,3040.4,48.49,35.8,33407913.63,10988.01,10988.01,0.0,both,ok
Rowland Unified,19734520000000,Unified,2024-25,3000 Pupil Services,1716.87,48.49,35.8,18865017.64,10988.01,10988.01,0.0,both,ok
Rowland Unified,19734520000000,Unified,2024-25,4000 Ancillary Services,224.24,48.49,35.8,2463971.63,10988.01,10988.01,0.0,both,ok
Rowland Unified,19734520000000,Unified,2024-25,5000 Community Services,35.57,48.49,35.8,390790.21,10988.01,10988.01,0.0,both,ok
Rowland Unified,19734520000000,Unified,2024-25,7000 General Administration,1207.73,48.49,35.8,13270513.57,10988.01,10988.01,0.0,both,ok
Rowland Unified,19734520000000,Unified,2024-25,8000 Plant Services,1850.39,48.49,35.8,20332085.03,10988.01,10988.01,0.0,both,ok
San Gabriel Unified,19752910000000,Unified,2022-23,1000 Instruction,11293.53,57.88,47.51,48615702.95,4304.74,4304.74,0.0,both,ok
San Gabriel Unified,19752910000000,Unified,2022-23,2000 Instruction-Related Services,1967.07,57.88,47.51,8467712.13,4304.74,4304.74,0.0,both,ok
San Gabriel Unified,19752910000000,Unified,2022-23,3000 Pupil Services,1674.55,57.88,47.51,7208484.72,4304.74,4304.74,0.0,both,ok
San Gabriel Unified,19752910000000,Unified,2022-23,4000 Ancillary Services,90.29,57.88,47.51,388688.11,4304.74,4304.74,0.0,both,ok
San Gabriel Unified,19752910000000,Unified,2022-23,7000 General Administration,1543.01,57.88,47.51,6642272.78,4304.74,4304.74,0.0,both,ok
San Gabriel Unified,19752910000000,Unified,2022-23,8000 Plant Services,1748.51,57.88,47.51,7526896.61,4304.74,4304.74,0.0,both,ok
San Gabriel Unified,19752910000000,Unified,2022-23,9000 Other Outgo,45.97,57.88,47.51,197871.76,4304.74,4304.74,0.0,both,ok
San Gabriel Unified,19752910000000,Unified,2023-24,1000 Instruction,12303.09,58.57,48.74,53362330.93,4337.31,4337.31,0.0,both,ok
San Gabriel Unified,19752910000000,Unified,2023-24,2000 Instruction-Related Services,2113.74,58.57,48.74,9167946.3,4337.31,4337.31,0.0,both,ok
San Gabriel Unified,19752910000000,Unified,2023-24,3000 Pupil Services,1728.37,58.57,48.74,7496485.06,4337.31,4337.31,0.0,both,ok
San Gabriel Unified,19752910000000,Unified,2023-24,4000 Ancillary Services,103.2,58.57,48.74,447615.96,4337.31,4337.31,0.0,both,ok
San Gabriel Unified,19752910000000,Unified,2023-24,7000 General Administration,1771.95,58.57,48.74,7685481.25,4337.31,4337.31,0.0,both,ok
San Gabriel Unified,19752910000000,Unified,2023-24,8000 Plant Services,1837.85,58.57,48.74,7971345.56,4337.31,4337.31,0.0,both,ok
San Gabriel Unified,19752910000000,Unified,2024-25,1000 Instruction,12814.92,58.95,49.15,54913729.0,4285.14,4285.14,0.0,both,ok
San Gabriel Unified,19752910000000,Unified,2024-25,2000 Instruction-Related Services,2247.22,58.95,49.15,9629635.22,4285.14,4285.14,0.0,both,ok
San Gabriel Unified,19752910000000,Unified,2024-25,3000 Pupil Services,1944.85,58.95,49.15,8333951.53,4285.14,4285.14,0.0,both,ok
San Gabriel Unified,19752910000000,Unified,2024-25,4000 Ancillary Services,94.17,58.95,49.15,403519.94,4285.14,4285.14,0.0,both,ok
San Gabriel Unified,19752910000000,Unified,2024-25,7000 General Administration,1473.52,58.95,49.15,6314250.92,4285.14,4285.14,0.0,both,ok
San Gabriel Unified,19752910000000,Unified,2024-25,8000 Plant Services,1747.01,58.95,49.15,7486180.04,4285.14,4285.14,0.0,both,ok
San Marino Unified,19649640000000,Unified,2022-23,1000 Instruction,9791.18,88.63,85.96,25952004.56,2650.55,2650.55,0.0,both,ok
San Marino Unified,19649640000000,Unified,2022-23,2000 Instruction-Related Services,1651.76,88.63,85.96,4378083.16,2650.55,2650.55,0.0,both,ok
San Marino Unified,19649640000000,Unified,2022-23,3000 Pupil Services,1244.21,88.63,85.96,3297854.03,2650.55,2650.55,0.0,both,ok
San Marino Unified,19649640000000,Unified,2022-23,4000 Ancillary Services,452.89,88.63,85.96,1200395.2,2650.55,2650.55,0.0,both,ok
San Marino Unified,19649640000000,Unified,2022-23,5000 Community Services,21.92,88.63,85.96,58087.61,2650.55,2650.55,0.0,both,ok
San Marino Unified,19649640000000,Unified,2022-23,7000 General Administration,1626.18,88.63,85.96,4310273.75,2650.55,2650.55,0.0,both,ok
San Marino Unified,19649640000000,Unified,2022-23,8000 Plant Services,1788.39,88.63,85.96,4740220.73,2650.55,2650.55,0.0,both,ok
San Marino Unified,19649640000000,Unified,2023-24,1000 Instruction,10237.4,88.9,87.43,29104215.45,2842.93,2842.93,0.0,both,ok
San Marino Unified,19649640000000,Unified,2023-24,2000 Instruction-Related Services,1676.98,88.9,87.43,4767540.85,2842.93,2842.93,0.0,both,ok
San Marino Unified,19649640000000,Unified,2023-24,3000 Pupil Services,1240.1,88.9,87.43,3525521.77,2842.93,2842.93,0.0,both,ok
San Marino Unified,19649640000000,Unified,2023-24,4000 Ancillary Services,103.68,88.9,87.43,294761.66,2842.93,2842.93,0.0,both,ok
San Marino Unified,19649640000000,Unified,2023-24,5000 Community Services,12.26,88.9,87.43,34854.19,2842.93,2842.93,0.0,both,ok
San Marino Unified,19649640000000,Unified,2023-24,7000 General Administration,1548.48,88.9,87.43,4402213.13,2842.93,2842.93,0.0,both,ok
San Marino Unified,19649640000000,Unified,2023-24,8000 Plant Services,1849.54,88.9,87.43,5258105.93,2842.93,2842.93,0.0,both,ok
San Marino Unified,19649640000000,Unified,2024-25,1000 Instruction,10108.06,85.71,84.74,30651269.28,3032.36,3032.36,0.0,both,ok
San Marino Unified,19649640000000,Unified,2024-25,2000 Instruction-Related Services,1615.67,85.71,84.74,4899303.7,3032.36,3032.36,0.0,both,ok
San Marino Unified,19649640000000,Unified,2024-25,3000 Pupil Services,1360.61,85.71,84.74,4125865.26,3032.36,3032.36,0.0,both,ok
San Marino Unified,19649640000000,Unified,2024-25,4000 Ancillary Services,376.22,85.71,84.74,1140832.72,3032.36,3032.36,0.0,both,ok
San Marino Unified,19649640000000,Unified,2024-25,5000 Community Services,15.75,85.71,84.74,47765.87,3032.36,3032.36,0.0,both,ok
San Marino Unified,19649640000000,Unified,2024-25,6000 Enterprise,0.0,85.71,84.74,0.1,3032.36,3032.36,0.0,both,ok
San Marino Unified,19649640000000,Unified,2024-25,7000 General Administration,1580.09,85.71,84.74,4791409.39,3032.36,3032.36,0.0,both,ok
San Marino Unified,19649640000000,Unified,2024-25,8000 Plant Services,1717.05,85.71,84.74,5206711.87,3032.36,3032.36,0.0,both,ok
Santa Monica-Malibu Unified,19649800000000,Unified,2022-23,1000 Instruction,14774.78,73.06,57.85,121810826.83,8244.51,8244.51,0.0,both,ok
Santa Monica-Malibu Unified,19649800000000,Unified,2022-23,2000 Instruction-Related Services,2703.63,73.06,57.85,22290112.47,8244.51,8244.51,0.0,both,ok
Santa Monica-Malibu Unified,19649800000000,Unified,2022-23,3000 Pupil Services,2231.48,73.06,57.85,18397418.96,8244.51,8244.51,0.0,both,ok
Santa Monica-Malibu Unified,19649800000000,Unified,2022-23,4000 Ancillary Services,190.62,73.06,57.85,1571577.49,8244.51,8244.51,0.0,both,ok
Santa Monica-Malibu Unified,19649800000000,Unified,2022-23,5000 Community Services,401.68,73.06,57.85,3311643.34,8244.51,8244.51,0.0,both,ok
Santa Monica-Malibu Unified,19649800000000,Unified,2022-23,7000 General Administration,1987.08,73.06,57.85,16382492.4,8244.51,8244.51,0.0,both,ok
Santa Monica-Malibu Unified,19649800000000,Unified,2022-23,8000 Plant Services,2893.51,73.06,57.85,23855605.89,8244.51,8244.51,0.0,both,ok
Santa Monica-Malibu Unified,19649800000000,Unified,2023-24,1000 Instruction,13474.85,73.12,59.91,109276588.63,8109.67,8109.67,0.0,both,ok
Santa Monica-Malibu Unified,19649800000000,Unified,2023-24,2000 Instruction-Related Services,2624.94,73.12,59.91,21287393.26,8109.67,8109.67,0.0,both,ok
Santa Monica-Malibu Unified,19649800000000,Unified,2023-24,3000 Pupil Services,2199.85,73.12,59.91,17840032.5,8109.67,8109.67,0.0,both,ok
Santa Monica-Malibu Unified,19649800000000,Unified,2023-24,4000 Ancillary Services,192.77,73.12,59.91,1563274.6,8109.67,8109.67,0.0,both,ok
Santa Monica-Malibu Unified,19649800000000,Unified,2023-24,5000 Community Services,373.8,73.12,59.91,3031420.08,8109.67,8109.67,0.0,both,ok
Santa Monica-Malibu Unified,19649800000000,Unified,2023-24,7000 General Administration,1269.81,73.12,59.91,10297764.17,8109.67,8109.67,0.0,both,ok
Santa Monica-Malibu Unified,19649800000000,Unified,2023-24,8000 Plant Services,2943.63,73.12,59.91,23871843.14,8109.67,8109.67,0.0,both,ok
Santa Monica-Malibu Unified,19649800000000,Unified,2024-25,1000 Instruction,15181.03,72.39,59.97,122476460.42,8067.73,8067.73,0.0,both,ok
Santa Monica-Malibu Unified,19649800000000,Unified,2024-25,2000 Instruction-Related Services,2942.45,72.39,59.97,23738927.49,8067.73,8067.73,0.0,both,ok
Santa Monica-Malibu Unified,19649800000000,Unified,2024-25,3000 Pupil Services,2481.11,72.39,59.97,20016887.87,8067.73,8067.73,0.0,both,ok
Santa Monica-Malibu Unified,19649800000000,Unified,2024-25,4000 Ancillary Services,191.57,72.39,59.97,1545533.62,8067.73,8067.73,0.0,both,ok
Santa Monica-Malibu Unified,19649800000000,Unified,2024-25,5000 Community Services,445.45,72.39,59.97,3593774.66,8067.73,8067.73,0.0,both,ok
Santa Monica-Malibu Unified,19649800000000,Unified,2024-25,7000 General Administration,1986.82,72.39,59.97,16029102.5,8067.73,8067.73,0.0,both,ok
Santa Monica-Malibu Unified,19649800000000,Unified,2024-25,8000 Plant Services,3384.4,72.39,59.97,27304446.19,8067.73,8067.73,0.0,both,ok
Saugus Union,19649980000000,Elementary,2022-23,1000 Instruction,9629.1,63.75,59.25,83771977.74,8699.88,8699.88,0.0,both,ok
Saugus Union,19649980000000,Elementary,2022-23,2000 Instruction-Related Services,1183.82,63.75,59.25,10299126.84,8699.88,8699.88,0.0,both,ok
Saugus Union,19649980000000,Elementary,2022-23,3000 Pupil Services,1160.39,63.75,59.25,10095219.23,8699.88,8699.88,0.0,both,ok
Saugus Union,19649980000000,Elementary,2022-23,7000 General Administration,1267.41,63.75,59.25,11026276.12,8699.88,8699.88,0.0,both,ok
Saugus Union,19649980000000,Elementary,2022-23,8000 Plant Services,1341.44,63.75,59.25,11670409.46,8699.88,8699.88,0.0,both,ok
Saugus Union,19649980000000,Elementary,2023-24,1000 Instruction,9908.52,66.17,62.1,87883160.49,8869.45,8869.45,0.0,both,ok
Saugus Union,19649980000000,Elementary,2023-24,2000 Instruction-Related Services,1178.5,66.17,62.1,10452678.47,8869.45,8869.45,0.0,both,ok
Saugus Union,19649980000000,Elementary,2023-24,3000 Pupil Services,1293.49,66.17,62.1,11472527.08,8869.45,8869.45,0.0,both,ok
Saugus Union,19649980000000,Elementary,2023-24,6000 Enterprise,118.07,66.17,62.1,1047180.58,8869.45,8869.45,0.0,both,ok
Saugus Union,19649980000000,Elementary,2023-24,7000 General Administration,1271.38,66.17,62.1,11276465.9,8869.45,8869.45,0.0,both,ok
Saugus Union,19649980000000,Elementary,2023-24,8000 Plant Services,1347.32,66.17,62.1,11949991.3,8869.45,8869.45,0.0,both,ok
Saugus Union,19649980000000,Elementary,2024-25,1000 Instruction,10126.33,68.93,64.35,89808593.92,8868.82,8868.82,0.0,both,ok
Saugus Union,19649980000000,Elementary,2024-25,2000 Instruction-Related Services,1156.83,68.93,64.35,10259751.9,8868.82,8868.82,0.0,both,ok
Saugus Union,19649980000000,Elementary,2024-25,3000 Pupil Services,1451.59,68.93,64.35,12873886.82,8868.82,8868.82,0.0,both,ok
Saugus Union,19649980000000,Elementary,2024-25,4000 Ancillary Services,0.45,68.93,64.35,3950.06,8868.82,8868.82,0.0,both,ok
Saugus Union,19649980000000,Elementary,2024-25,6000 Enterprise,0.64,68.93,64.35,5649.89,8868.82,8868.82,0.0,both,ok
Saugus Union,19649980000000,Elementary,2024-25,7000 General Administration,1575.04,68.93,64.35,13968741.36,8868.82,8868.82,0.0,both,ok
Saugus Union,19649980000000,Elementary,2024-25,8000 Plant Services,1357.19,68.93,64.35,12036666.59,8868.82,8868.82,0.0,both,ok
South Pasadena Unified,19650290000000,Unified,2022-23,1000 Instruction,9844.33,81.5,77.89,43928471.81,4462.31,4462.31,0.0,both,ok
South Pasadena Unified,19650290000000,Unified,2022-23,2000 Instruction-Related Services,1590.31,81.5,77.89,7096463.67,4462.31,4462.31,0.0,both,ok
South Pasadena Unified,19650290000000,Unified,2022-23,3000 Pupil Services,1036.2,81.5,77.89,4623843.27,4462.31,4462.31,0.0,both,ok
South Pasadena Unified,19650290000000,Unified,2022-23,4000 Ancillary Services,152.8,81.5,77.89,681854.76,4462.31,4462.31,0.0,both,ok
South Pasadena Unified,19650290000000,Unified,2022-23,5000 Community Services,6.9,81.5,77.89,30769.33,4462.31,4462.31,0.0,both,ok
South Pasadena Unified,19650290000000,Unified,2022-23,7000 General Administration,994.31,81.5,77.89,4436905.83,4462.31,4462.31,0.0,both,ok
South Pasadena Unified,19650290000000,Unified,2022-23,8000 Plant Services,1548.76,81.5,77.89,6911028.83,4462.31,4462.31,0.0,both,ok
South Pasadena Unified,19650290000000,Unified,2023-24,1000 Instruction,10841.23,82.42,78.72,49246378.92,4542.51,4542.51,0.0,both,ok
South Pasadena Unified,19650290000000,Unified,2023-24,2000 Instruction-Related Services,1597.5,82.42,78.72,7256665.44,4542.51,4542.51,0.0,both,ok
South Pasadena Unified,19650290000000,Unified,2023-24,3000 Pupil Services,980.1,82.42,78.72,4452122.82,4542.51,4542.51,0.0,both,ok
South Pasadena Unified,19650290000000,Unified,2023-24,4000 Ancillary Services,196.21,82.42,78.72,891298.96,4542.51,4542.51,0.0,both,ok
South Pasadena Unified,19650290000000,Unified,2023-24,5000 Community Services,6.62,82.42,78.72,30091.03,4542.51,4542.51,0.0,both,ok
South Pasadena Unified,19650290000000,Unified,2023-24,7000 General Administration,1088.55,82.42,78.72,4944740.31,4542.51,4542.51,0.0,both,ok
South Pasadena Unified,19650290000000,Unified,2023-24,8000 Plant Services,1427.93,82.42,78.72,6486365.56,4542.51,4542.51,0.0,both,ok
South Pasadena Unified,19650290000000,Unified,2024-25,1000 Instruction,11055.51,84.05,78.84,50015459.73,4524.03,4524.03,0.0,both,ok
South Pasadena Unified,19650290000000,Unified,2024-25,2000 Instruction-Related Services,1700.1,84.05,78.84,7691323.48,4524.03,4524.03,0.0,both,ok
South Pasadena Unified,19650290000000,Unified,2024-25,3000 Pupil Services,1050.04,84.05,78.84,4750398.48,4524.03,4524.03,0.0,both,ok
South Pasadena Unified,19650290000000,Unified,2024-25,4000 Ancillary Services,224.28,84.05,78.84,1014669.16,4524.03,4524.03,0.0,both,ok
South Pasadena Unified,19650290000000,Unified,2024-25,5000 Community Services,6.17,84.05,78.84,27899.59,4524.03,4524.03,0.0,both,ok
South Pasadena Unified,19650290000000,Unified,2024-25,7000 General Administration,914.06,84.05,78.84,4135229.18,4524.03,4524.03,0.0,both,ok
South Pasadena Unified,19650290000000,Unified,2024-25,8000 Plant Services,1292.17,84.05,78.84,5845836.3,4524.03,4524.03,0.0,both,ok
South Whittier Elementary,19650370000000,Elementary,2022-23,1000 Instruction,15529.57,31.68,20.3,33108726.36,2131.98,2131.98,0.0,both,ok
South Whittier Elementary,19650370000000,Elementary,2022-23,2000 Instruction-Related Services,1352.48,31.68,20.3,2883452.24,2131.98,2131.98,0.0,both,ok
South Whittier Elementary,19650370000000,Elementary,2022-23,3000 Pupil Services,2227.72,31.68,20.3,4749448.1,2131.98,2131.98,0.0,both,ok
South Whittier Elementary,19650370000000,Elementary,2022-23,7000 General Administration,2460.43,31.68,20.3,5245590.32,2131.98,2131.98,0.0,both,ok
South Whittier Elementary,19650370000000,Elementary,2022-23,8000 Plant Services,1963.99,31.68,20.3,4187179.75,2131.98,2131.98,0.0,both,ok
South Whittier Elementary,19650370000000,Elementary,2023-24,1000 Instruction,16397.99,32.88,23.19,34528270.47,2105.64,2105.64,0.0,both,ok
South Whittier Elementary,19650370000000,Elementary,2023-24,2000 Instruction-Related Services,2094.26,32.88,23.19,4409765.45,2105.64,2105.64,0.0,both,ok
South Whittier Elementary,19650370000000,Elementary,2023-24,3000 Pupil Services,1775.5,32.88,23.19,3738567.6,2105.64,2105.64,0.0,both,ok
South Whittier Elementary,19650370000000,Elementary,2023-24,7000 General Administration,1816.31,32.88,23.19,3824498.34,2105.64,2105.64,0.0,both,ok
South Whittier Elementary,19650370000000,Elementary,2023-24,8000 Plant Services,1981.55,32.88,23.19,4172438.64,2105.64,2105.64,0.0,both,ok
South Whittier Elementary,19650370000000,Elementary,2024-25,1000 Instruction,16250.65,34.52,25.61,34489738.11,2122.36,2122.36,0.0,both,ok
South Whittier Elementary,19650370000000,Elementary,2024-25,2000 Instruction-Related Services,1714.61,34.52,25.61,3639027.1,2122.36,2122.36,0.0,both,ok
South Whittier Elementary,19650370000000,Elementary,2024-25,3000 Pupil Services,2165.91,34.52,25.61,4596846.53,2122.36,2122.36,0.0,both,ok
South Whittier Elementary,19650370000000,Elementary,2024-25,7000 General Administration,1846.3,34.52,25.61,3918503.73,2122.36,2122.36,0.0,both,ok
South Whittier Elementary,19650370000000,Elementary,2024-25,8000 Plant Services,2141.81,34.52,25.61,4545695.78,2122.36,2122.36,0.0,both,ok
Sulphur Springs Union,19650450000000,Elementary,2022-23,1000 Instruction,10504.27,49.03,38.91,51567342.19,4909.18,4909.18,0.0,both,ok
Sulphur Springs Union,19650450000000,Elementary,2022-23,2000 Instruction-Related Services,1314.85,49.03,38.91,6454850.72,4909.18,4909.18,0.0,both,ok
Sulphur Springs Union,19650450000000,Elementary,2022-23,3000 Pupil Services,1325.95,49.03,38.91,6509329.3,4909.18,4909.18,0.0,both,ok
Sulphur Springs Union,19650450000000,Elementary,2022-23,4000 Ancillary Services,308.19,49.03,38.91,1512965.88,4909.18,4909.18,0.0,both,ok
Sulphur Springs Union,19650450000000,Elementary,2022-23,7000 General Administration,1113.11,49.03,38.91,5464454.95,4909.18,4909.18,0.0,both,ok
Sulphur Springs Union,19650450000000,Elementary,2022-23,8000 Plant Services,1503.52,49.03,38.91,7381069.84,4909.18,4909.18,0.0,both,ok
Sulphur Springs Union,19650450000000,Elementary,2023-24,1000 Instruction,10578.05,50.43,41.62,52396985.65,4953.37,4953.37,0.0,both,ok
Sulphur Springs Union,19650450000000,Elementary,2023-24,2000 Instruction-Related Services,1368.1,50.43,41.62,6776721.17,4953.37,4953.37,0.0,both,ok
Sulphur Springs Union,19650450000000,Elementary,2023-24,3000 Pupil Services,1582.78,50.43,41.62,7840096.9,4953.37,4953.37,0.0,both,ok
Sulphur Springs Union,19650450000000,Elementary,2023-24,4000 Ancillary Services,601.63,50.43,41.62,2980112.16,4953.37,4953.37,0.0,both,ok
Sulphur Springs Union,19650450000000,Elementary,2023-24,7000 General Administration,1088.45,50.43,41.62,5391471.36,4953.37,4953.37,0.0,both,ok
Sulphur Springs Union,19650450000000,Elementary,2023-24,8000 Plant Services,1641.13,50.43,41.62,8129143.33,4953.37,4953.37,0.0,both,ok
Sulphur Springs Union,19650450000000,Elementary,2024-25,1000 Instruction,11045.6,52.82,42.76,54444656.06,4929.08,4929.08,0.0,both,ok
Sulphur Springs Union,19650450000000,Elementary,2024-25,2000 Instruction-Related Services,1363.23,52.82,42.76,6719447.41,4929.08,4929.08,0.0,both,ok
Sulphur Springs Union,19650450000000,Elementary,2024-25,3000 Pupil Services,1704.37,52.82,42.76,8400956.84,4929.08,4929.08,0.0,both,ok
Sulphur Springs Union,19650450000000,Elementary,2024-25,4000 Ancillary Services,675.75,52.82,42.76,3330842.91,4929.08,4929.08,0.0,both,ok
Sulphur Springs Union,19650450000000,Elementary,2024-25,7000 General Administration,1171.43,52.82,42.76,5774068.42,4929.08,4929.08,0.0,both,ok
Sulphur Springs Union,19650450000000,Elementary,2024-25,8000 Plant Services,1956.31,52.82,42.76,9642790.49,4929.08,4929.08,0.0,both,ok
Temple City Unified,19650520000000,Unified,2022-23,1000 Instruction,9894.15,70.07,65.26,49619278.94,5015.01,5015.01,0.0,both,ok
Temple City Unified,19650520000000,Unified,2022-23,2000 Instruction-Related Services,1674.76,70.07,65.26,8398958.55,5015.01,5015.01,0.0,both,ok
Temple City Unified,19650520000000,Unified,2022-23,3000 Pupil Services,1054.71,70.07,65.26,5289374.17,5015.01,5015.01,0.0,both,ok
Temple City Unified,19650520000000,Unified,2022-23,4000 Ancillary Services,104.78,70.07,65.26,525449.01,5015.01,5015.01,0.0,both,ok
Temple City Unified,19650520000000,Unified,2022-23,5000 Community Services,0.11,70.07,65.26,533.59,5015.01,5015.01,0.0,both,ok
Temple City Unified,19650520000000,Unified,2022-23,6000 Enterprise,88.67,70.07,65.26,444668.23,5015.01,5015.01,0.0,both,ok
Temple City Unified,19650520000000,Unified,2022-23,7000 General Administration,1697.19,70.07,65.26,8511428.43,5015.01,5015.01,0.0,both,ok
Temple City Unified,19650520000000,Unified,2022-23,8000 Plant Services,1717.67,70.07,65.26,8614144.41,5015.01,5015.01,0.0,both,ok
Temple City Unified,19650520000000,Unified,2023-24,1000 Instruction,11152.59,70.11,65.62,56536920.54,5069.4,5069.4,0.0,both,ok
Temple City Unified,19650520000000,Unified,2023-24,2000 Instruction-Related Services,1819.32,70.11,65.62,9222860.99,5069.4,5069.4,0.0,both,ok
Temple City Unified,19650520000000,Unified,2023-24,3000 Pupil Services,1195.62,70.11,65.62,6061099.97,5069.4,5069.4,0.0,both,ok
Temple City Unified,19650520000000,Unified,2023-24,4000 Ancillary Services,137.16,70.11,65.62,695305.69,5069.4,5069.4,0.0,both,ok
Temple City Unified,19650520000000,Unified,2023-24,7000 General Administration,1581.36,70.11,65.62,8016540.16,5069.4,5069.4,0.0,both,ok
Temple City Unified,19650520000000,Unified,2023-24,8000 Plant Services,1799.85,70.11,65.62,9124176.97,5069.4,5069.4,0.0,both,ok
Temple City Unified,19650520000000,Unified,2024-25,1000 Instruction,11154.77,69.16,66.03,57269016.28,5134.04,5134.04,0.0,both,ok
Temple City Unified,19650520000000,Unified,2024-25,2000 Instruction-Related Services,1701.05,69.16,66.03,8733255.5,5134.04,5134.04,0.0,both,ok
Temple City Unified,19650520000000,Unified,2024-25,3000 Pupil Services,1208.85,69.16,66.03,6206308.46,5134.04,5134.04,0.0,both,ok
Temple City Unified,19650520000000,Unified,2024-25,4000 Ancillary Services,160.15,69.16,66.03,822201.55,5134.04,5134.04,0.0,both,ok
Temple City Unified,19650520000000,Unified,2024-25,5000 Community Services,5.4,69.16,66.03,27741.01,5134.04,5134.04,0.0,both,ok
Temple City Unified,19650520000000,Unified,2024-25,7000 General Administration,1409.87,69.16,66.03,7238352.12,5134.04,5134.04,0.0,both,ok
Temple City Unified,19650520000000,Unified,2024-25,8000 Plant Services,1738.14,69.16,66.03,8923687.57,5134.04,5134.04,0.0,both,ok
Torrance Unified,19650600000000,Unified,2022-23,1000 Instruction,9347.63,68.21,59.18,191894869.53,20528.71,20528.71,0.0,both,ok
Torrance Unified,19650600000000,Unified,2022-23,2000 Instruction-Related Services,1562.61,68.21,59.18,32078436.95,20528.71,20528.71,0.0,both,ok
Torrance Unified,19650600000000,Unified,2022-23,3000 Pupil Services,1430.46,68.21,59.18,29365503.18,20528.71,20528.71,0.0,both,ok
Torrance Unified,19650600000000,Unified,2022-23,4000 Ancillary Services,186.56,68.21,59.18,3829793.17,20528.71,20528.71,0.0,both,ok
Torrance Unified,19650600000000,Unified,2022-23,7000 General Administration,869.03,68.21,59.18,17840158.64,20528.71,20528.71,0.0,both,ok
Torrance Unified,19650600000000,Unified,2022-23,8000 Plant Services,1227.96,68.21,59.18,25208443.93,20528.71,20528.71,0.0,both,ok
Torrance Unified,19650600000000,Unified,2023-24,1000 Instruction,9842.18,66.73,60.24,206158209.87,20946.39,20946.39,0.0,both,ok
Torrance Unified,19650600000000,Unified,2023-24,2000 Instruction-Related Services,1692.06,66.73,60.24,35442539.81,20946.39,20946.39,0.0,both,ok
Torrance Unified,19650600000000,Unified,2023-24,3000 Pupil Services,1507.68,66.73,60.24,31580399.48,20946.39,20946.39,0.0,both,ok
Torrance Unified,19650600000000,Unified,2023-24,4000 Ancillary Services,208.5,66.73,60.24,4367378.8,20946.39,20946.39,0.0,both,ok
Torrance Unified,19650600000000,Unified,2023-24,7000 General Administration,1004.96,66.73,60.24,21050355.37,20946.39,20946.39,0.0,both,ok
Torrance Unified,19650600000000,Unified,2023-24,8000 Plant Services,1339.59,66.73,60.24,28059667.55,20946.39,20946.39,0.0,both,ok
Torrance Unified,19650600000000,Unified,2024-25,1000 Instruction,10111.05,68.24,61.49,211444005.51,20912.17,20912.17,0.0,both,ok
Torrance Unified,19650600000000,Unified,2024-25,2000 Instruction-Related Services,1722.53,68.24,61.49,36021801.65,20912.17,20912.17,0.0,both,ok
Torrance Unified,19650600000000,Unified,2024-25,3000 Pupil Services,1487.91,68.24,61.49,31115381.46,20912.17,20912.17,0.0,both,ok
Torrance Unified,19650600000000,Unified,2024-25,4000 Ancillary Services,234.01,68.24,61.49,4893584.43,20912.17,20912.17,0.0,both,ok
Torrance Unified,19650600000000,Unified,2024-25,7000 General Administration,1062.57,68.24,61.49,22220568.5,20912.17,20912.17,0.0,both,ok
Torrance Unified,19650600000000,Unified,2024-25,8000 Plant Services,1459.03,68.24,61.49,30511583.19,20912.17,20912.17,0.0,both,ok
Valle Lindo Elementary,19650780000000,Elementary,2022-23,1000 Instruction,12867.28,50.25,39.9,10516815.94,817.33,817.33,0.0,both,ok
Valle Lindo Elementary,19650780000000,Elementary,2022-23,2000 Instruction-Related Services,1149.56,50.25,39.9,939569.21,817.33,817.33,0.0,both,ok
Valle Lindo Elementary,19650780000000,Elementary,2022-23,3000 Pupil Services,695.19,50.25,39.9,568196.66,817.33,817.33,0.0,both,ok
Valle Lindo Elementary,19650780000000,Elementary,2022-23,4000 Ancillary Services,19.05,50.25,39.9,15571.65,817.33,817.33,0.0,both,ok
Valle Lindo Elementary,19650780000000,Elementary,2022-23,5000 Community Services,37.07,50.25,39.9,30295.09,817.33,817.33,0.0,both,ok
Valle Lindo Elementary,19650780000000,Elementary,2022-23,7000 General Administration,2216.86,50.25,39.9,1811908.72,817.33,817.33,0.0,both,ok
Valle Lindo Elementary,19650780000000,Elementary,2022-23,8000 Plant Services,1541.89,50.25,39.9,1260233.32,817.33,817.33,0.0,both,ok
Valle Lindo Elementary,19650780000000,Elementary,2023-24,1000 Instruction,13763.39,51.08,42.52,11238630.52,816.56,816.56,0.0,both,ok
Valle Lindo Elementary,19650780000000,Elementary,2023-24,2000 Instruction-Related Services,1240.29,51.08,42.52,1012772.46,816.56,816.56,0.0,both,ok
Valle Lindo Elementary,19650780000000,Elementary,2023-24,3000 Pupil Services,1010.43,51.08,42.52,825078.73,816.56,816.56,0.0,both,ok
Valle Lindo Elementary,19650780000000,Elementary,2023-24,4000 Ancillary Services,21.71,51.08,42.52,17728.69,816.56,816.56,0.0,both,ok
Valle Lindo Elementary,19650780000000,Elementary,2023-24,5000 Community Services,0.45,51.08,42.52,364.93,816.56,816.56,0.0,both,ok
Valle Lindo Elementary,19650780000000,Elementary,2023-24,7000 General Administration,2787.32,51.08,42.52,2276011.08,816.56,816.56,0.0,both,ok
Valle Lindo Elementary,19650780000000,Elementary,2023-24,8000 Plant Services,1575.44,51.08,42.52,1286437.61,816.56,816.56,0.0,both,ok
Valle Lindo Elementary,19650780000000,Elementary,2024-25,1000 Instruction,13404.35,55.91,43.88,11331766.39,845.38,845.38,0.0,both,ok
Valle Lindo Elementary,19650780000000,Elementary,2024-25,2000 Instruction-Related Services,1264.98,55.91,43.88,1069387.74,845.38,845.38,0.0,both,ok
Valle Lindo Elementary,19650780000000,Elementary,2024-25,3000 Pupil Services,1485.39,55.91,43.88,1255715.14,845.38,845.38,0.0,both,ok
Valle Lindo Elementary,19650780000000,Elementary,2024-25,4000 Ancillary Services,10.6,55.91,43.88,8958.91,845.38,845.38,0.0,both,ok
Valle Lindo Elementary,19650780000000,Elementary,2024-25,7000 General Administration,2221.19,55.91,43.88,1877747.29,845.38,845.38,0.0,both,ok
Valle Lindo Elementary,19650780000000,Elementary,2024-25,8000 Plant Services,1518.5,55.91,43.88,1283709.38,845.38,845.38,0.0,both,ok
Walnut Valley Unified,19734600000000,Unified,2022-23,1000 Instruction,8157.56,76.02,70.86,106272167.15,13027.44,13027.44,0.0,both,ok
Walnut Valley Unified,19734600000000,Unified,2022-23,2000 Instruction-Related Services,1408.02,76.02,70.86,18342836.37,13027.44,13027.44,0.0,both,ok
Walnut Valley Unified,19734600000000,Unified,2022-23,3000 Pupil Services,1681.21,76.02,70.86,21901907.63,13027.44,13027.44,0.0,both,ok
Walnut Valley Unified,19734600000000,Unified,2022-23,4000 Ancillary Services,223.53,76.02,70.86,2912034.37,13027.44,13027.44,0.0,both,ok
Walnut Valley Unified,19734600000000,Unified,2022-23,5000 Community Services,45.34,76.02,70.86,590696.67,13027.44,13027.44,0.0,both,ok
Walnut Valley Unified,19734600000000,Unified,2022-23,7000 General Administration,931.04,76.02,70.86,12129086.1,13027.44,13027.44,0.0,both,ok
Walnut Valley Unified,19734600000000,Unified,2022-23,8000 Plant Services,1568.08,76.02,70.86,20428057.14,13027.44,13027.44,0.0,both,ok
Walnut Valley Unified,19734600000000,Unified,2023-24,1000 Instruction,9556.49,76.04,72.17,127678395.37,13360.38,13360.38,0.0,both,ok
Walnut Valley Unified,19734600000000,Unified,2023-24,2000 Instruction-Related Services,1570.09,76.04,72.17,20976989.68,13360.38,13360.38,0.0,both,ok
Walnut Valley Unified,19734600000000,Unified,2023-24,3000 Pupil Services,1923.79,76.04,72.17,25702547.65,13360.38,13360.38,0.0,both,ok
Walnut Valley Unified,19734600000000,Unified,2023-24,4000 Ancillary Services,229.95,76.04,72.17,3072166.17,13360.38,13360.38,0.0,both,ok
Walnut Valley Unified,19734600000000,Unified,2023-24,5000 Community Services,144.87,76.04,72.17,1935547.11,13360.38,13360.38,0.0,both,ok
Walnut Valley Unified,19734600000000,Unified,2023-24,7000 General Administration,1018.88,76.04,72.17,13612564.7,13360.38,13360.38,0.0,both,ok
Walnut Valley Unified,19734600000000,Unified,2023-24,8000 Plant Services,1727.7,76.04,72.17,23082737.12,13360.38,13360.38,0.0,both,ok
Walnut Valley Unified,19734600000000,Unified,2024-25,1000 Instruction,9158.01,76.16,72.82,124935247.65,13642.18,13642.18,0.0,both,ok
Walnut Valley Unified,19734600000000,Unified,2024-25,2000 Instruction-Related Services,1556.8,76.16,72.82,21238151.5,13642.18,13642.18,0.0,both,ok
Walnut Valley Unified,19734600000000,Unified,2024-25,3000 Pupil Services,1940.56,76.16,72.82,26473421.46,13642.18,13642.18,0.0,both,ok
Walnut Valley Unified,19734600000000,Unified,2024-25,4000 Ancillary Services,206.51,76.16,72.82,2817295.69,13642.18,13642.18,0.0,both,ok
Walnut Valley Unified,19734600000000,Unified,2024-25,5000 Community Services,122.73,76.16,72.82,1674309.49,13642.18,13642.18,0.0,both,ok
Walnut Valley Unified,19734600000000,Unified,2024-25,7000 General Administration,864.33,76.16,72.82,11791336.54,13642.18,13642.18,0.0,both,ok
Walnut Valley Unified,19734600000000,Unified,2024-25,8000 Plant Services,1689.42,76.16,72.82,23047395.31,13642.18,13642.18,0.0,both,ok
West Covina Unified,19650940000000,Unified,2022-23,1000 Instruction,10860.83,45.01,34.7,81336897.36,7489.01,7489.01,0.0,both,ok
West Covina Unified,19650940000000,Unified,2022-23,2000 Instruction-Related Services,3017.1,45.01,34.7,22595076.22,7489.01,7489.01,0.0,both,ok
West Covina Unified,19650940000000,Unified,2022-23,3000 Pupil Services,1567.66,45.01,34.7,11740187.52,7489.01,7489.01,0.0,both,ok
West Covina Unified,19650940000000,Unified,2022-23,4000 Ancillary Services,172.12,45.01,34.7,1289043.56,7489.01,7489.01,0.0,both,ok
West Covina Unified,19650940000000,Unified,2022-23,5000 Community Services,7.23,45.01,34.7,54165.12,7489.01,7489.01,0.0,both,ok
West Covina Unified,19650940000000,Unified,2022-23,7000 General Administration,1341.19,45.01,34.7,10044177.03,7489.01,7489.01,0.0,both,ok
West Covina Unified,19650940000000,Unified,2022-23,8000 Plant Services,1919.1,45.01,34.7,14372181.77,7489.01,7489.01,0.0,both,ok
West Covina Unified,19650940000000,Unified,2023-24,1000 Instruction,11830.78,46.8,35.97,88282457.88,7462.1,7462.1,0.0,both,ok
West Covina Unified,19650940000000,Unified,2023-24,2000 Instruction-Related Services,3413.62,46.8,35.97,25472756.56,7462.1,7462.1,0.0,both,ok
West Covina Unified,19650940000000,Unified,2023-24,3000 Pupil Services,1722.24,46.8,35.97,12851505.28,7462.1,7462.1,0.0,both,ok
West Covina Unified,19650940000000,Unified,2023-24,4000 Ancillary Services,197.76,46.8,35.97,1475738.64,7462.1,7462.1,0.0,both,ok
West Covina Unified,19650940000000,Unified,2023-24,5000 Community Services,9.86,46.8,35.97,73590.78,7462.1,7462.1,0.0,both,ok
West Covina Unified,19650940000000,Unified,2023-24,7000 General Administration,1595.04,46.8,35.97,11902343.94,7462.1,7462.1,0.0,both,ok
West Covina Unified,19650940000000,Unified,2023-24,8000 Plant Services,2333.24,46.8,35.97,17410867.4,7462.1,7462.1,0.0,both,ok
West Covina Unified,19650940000000,Unified,2024-25,1000 Instruction,12089.94,47.97,36.81,89501604.17,7402.98,7402.98,0.0,both,ok
West Covina Unified,19650940000000,Unified,2024-25,2000 Instruction-Related Services,3677.69,47.97,36.81,27225893.12,7402.98,7402.98,0.0,both,ok
West Covina Unified,19650940000000,Unified,2024-25,3000 Pupil Services,1789.5,47.97,36.81,13247640.42,7402.98,7402.98,0.0,both,ok
West Covina Unified,19650940000000,Unified,2024-25,4000 Ancillary Services,203.95,47.97,36.81,1509854.22,7402.98,7402.98,0.0,both,ok
West Covina Unified,19650940000000,Unified,2024-25,5000 Community Services,1.88,47.97,36.81,13900.0,7402.98,7402.98,0.0,both,ok
West Covina Unified,19650940000000,Unified,2024-25,7000 General Administration,1868.08,47.97,36.81,13829334.34,7402.98,7402.98,0.0,both,ok
West Covina Unified,19650940000000,Unified,2024-25,8000 Plant Services,2434.21,47.97,36.81,18020401.04,7402.98,7402.98,0.0,both,ok
Westside Union Elementary,19651020000000,Elementary,2022-23,1000 Instruction,8139.57,45.61,30.2,67571656.34,8301.62,8301.62,0.0,both,ok
Westside Union Elementary,19651020000000,Elementary,2022-23,2000 Instruction-Related Services,1364.87,45.61,30.2,11330667.88,8301.62,8301.62,0.0,both,ok
Westside Union Elementary,19651020000000,Elementary,2022-23,3000 Pupil Services,1655.34,45.61,30.2,13742017.78,8301.62,8301.62,0.0,both,ok
Westside Union Elementary,19651020000000,Elementary,2022-23,4000 Ancillary Services,109.67,45.61,30.2,910414.11,8301.62,8301.62,0.0,both,ok
Westside Union Elementary,19651020000000,Elementary,2022-23,7000 General Administration,1005.88,45.61,30.2,8350462.5,8301.62,8301.62,0.0,both,ok
Westside Union Elementary,19651020000000,Elementary,2022-23,8000 Plant Services,1455.61,45.61,30.2,12083958.57,8301.62,8301.62,0.0,both,ok
Westside Union Elementary,19651020000000,Elementary,2023-24,1000 Instruction,8816.11,44.95,31.25,74345844.24,8432.95,8432.95,0.0,both,ok
Westside Union Elementary,19651020000000,Elementary,2023-24,2000 Instruction-Related Services,1417.0,44.95,31.25,11949524.36,8432.95,8432.95,0.0,both,ok
Westside Union Elementary,19651020000000,Elementary,2023-24,3000 Pupil Services,1954.85,44.95,31.25,16485113.63,8432.95,8432.95,0.0,both,ok
Westside Union Elementary,19651020000000,Elementary,2023-24,4000 Ancillary Services,788.96,44.95,31.25,6653244.86,8432.95,8432.95,0.0,both,ok
Westside Union Elementary,19651020000000,Elementary,2023-24,7000 General Administration,1005.94,44.95,31.25,8483043.04,8432.95,8432.95,0.0,both,ok
Westside Union Elementary,19651020000000,Elementary,2023-24,8000 Plant Services,1349.66,44.95,31.25,11381630.67,8432.95,8432.95,0.0,both,ok
Westside Union Elementary,19651020000000,Elementary,2024-25,1000 Instruction,9514.18,46.24,32.58,79822952.65,8389.89,8389.89,0.0,both,ok
Westside Union Elementary,19651020000000,Elementary,2024-25,2000 Instruction-Related Services,1580.21,46.24,32.58,13257766.23,8389.89,8389.89,0.0,both,ok
Westside Union Elementary,19651020000000,Elementary,2024-25,3000 Pupil Services,2211.98,46.24,32.58,18558281.19,8389.89,8389.89,0.0,both,ok
Westside Union Elementary,19651020000000,Elementary,2024-25,4000 Ancillary Services,503.63,46.24,32.58,4225424.11,8389.89,8389.89,0.0,both,ok
Westside Union Elementary,19651020000000,Elementary,2024-25,7000 General Administration,1122.31,46.24,32.58,9416035.16,8389.89,8389.89,0.0,both,ok
Westside Union Elementary,19651020000000,Elementary,2024-25,8000 Plant Services,1470.11,46.24,32.58,12334080.02,8389.89,8389.89,0.0,both,ok
Whittier City,19651100000000,Elementary,2022-23,1000 Instruction,12925.16,44.47,33.5,65169972.74,5042.1,5042.1,0.0,both,ok
Whittier City,19651100000000,Elementary,2022-23,2000 Instruction-Related Services,2304.58,44.47,33.5,11619907.52,5042.1,5042.1,0.0,both,ok
Whittier City,19651100000000,Elementary,2022-23,3000 Pupil Services,1487.4,44.47,33.5,7499595.88,5042.1,5042.1,0.0,both,ok
Whittier City,19651100000000,Elementary,2022-23,7000 General Administration,1241.25,44.47,33.5,6258484.62,5042.1,5042.1,0.0,both,ok
Whittier City,19651100000000,Elementary,2022-23,8000 Plant Services,1517.23,44.47,33.5,7650042.01,5042.1,5042.1,0.0,both,ok
Whittier City,19651100000000,Elementary,2023-24,1000 Instruction,13655.77,46.61,35.34,68051344.11,4983.34,4983.34,0.0,both,ok
Whittier City,19651100000000,Elementary,2023-24,2000 Instruction-Related Services,2802.94,46.61,35.34,13967987.23,4983.34,4983.34,0.0,both,ok
Whittier City,19651100000000,Elementary,2023-24,3000 Pupil Services,1602.78,46.61,35.34,7987222.15,4983.34,4983.34,0.0,both,ok
Whittier City,19651100000000,Elementary,2023-24,4000 Ancillary Services,3.82,46.61,35.34,19053.72,4983.34,4983.34,0.0,both,ok
Whittier City,19651100000000,Elementary,2023-24,5000 Community Services,1.92,46.61,35.34,9584.96,4983.34,4983.34,0.0,both,ok
Whittier City,19651100000000,Elementary,2023-24,6000 Enterprise,5.6,46.61,35.34,27912.14,4983.34,4983.34,0.0,both,ok
Whittier City,19651100000000,Elementary,2023-24,7000 General Administration,1188.04,46.61,35.34,5920408.32,4983.34,4983.34,0.0,both,ok
Whittier City,19651100000000,Elementary,2023-24,8000 Plant Services,1479.17,46.61,35.34,7371198.33,4983.34,4983.34,0.0,both,ok
Whittier City,19651100000000,Elementary,2024-25,1000 Instruction,14459.82,48.18,38.32,71696834.75,4958.35,4958.35,0.0,both,ok
Whittier City,19651100000000,Elementary,2024-25,2000 Instruction-Related Services,2651.51,48.18,38.32,13147109.26,4958.35,4958.35,0.0,both,ok
Whittier City,19651100000000,Elementary,2024-25,3000 Pupil Services,1579.28,48.18,38.32,7830634.35,4958.35,4958.35,0.0,both,ok
Whittier City,19651100000000,Elementary,2024-25,4000 Ancillary Services,8.73,48.18,38.32,43275.3,4958.35,4958.35,0.0,both,ok
Whittier City,19651100000000,Elementary,2024-25,5000 Community Services,1.54,48.18,38.32,7644.28,4958.35,4958.35,0.0,both,ok
Whittier City,19651100000000,Elementary,2024-25,7000 General Administration,1295.32,48.18,38.32,6422633.16,4958.35,4958.35,0.0,both,ok
Whittier City,19651100000000,Elementary,2024-25,8000 Plant Services,1575.34,48.18,38.32,7811070.64,4958.35,4958.35,0.0,both,ok
Whittier Union High,19651280000000,High School,2022-23,1000 Instruction,12740.53,62.15,30.83,125165595.46,9824.21,9824.21,0.0,both,ok
Whittier Union High,19651280000000,High School,2022-23,2000 Instruction-Related Services,2318.8,62.15,30.83,22780390.32,9824.21,9824.21,0.0,both,ok
Whittier Union High,19651280000000,High School,2022-23,3000 Pupil Services,2655.1,62.15,30.83,26084244.35,9824.21,9824.21,0.0,both,ok
Whittier Union High,19651280000000,High School,2022-23,4000 Ancillary Services,437.65,62.15,30.83,4299590.44,9824.21,9824.21,0.0,both,ok
Whittier Union High,19651280000000,High School,2022-23,5000 Community Services,22.05,62.15,30.83,216642.02,9824.21,9824.21,0.0,both,ok
Whittier Union High,19651280000000,High School,2022-23,7000 General Administration,1387.14,62.15,30.83,13627524.96,9824.21,9824.21,0.0,both,ok
Whittier Union High,19651280000000,High School,2022-23,8000 Plant Services,2353.49,62.15,30.83,23121195.91,9824.21,9824.21,0.0,both,ok
Whittier Union High,19651280000000,High School,2023-24,1000 Instruction,13924.12,64.78,36.59,132391683.24,9508.08,9508.08,0.0,both,ok
Whittier Union High,19651280000000,High School,2023-24,2000 Instruction-Related Services,2603.43,64.78,36.59,24753583.76,9508.08,9508.08,0.0,both,ok
Whittier Union High,19651280000000,High School,2023-24,3000 Pupil Services,3129.97,64.78,36.59,29760026.62,9508.08,9508.08,0.0,both,ok
Whittier Union High,19651280000000,High School,2023-24,4000 Ancillary Services,480.98,64.78,36.59,4573152.73,9508.08,9508.08,0.0,both,ok
Whittier Union High,19651280000000,High School,2023-24,5000 Community Services,23.88,64.78,36.59,227080.82,9508.08,9508.08,0.0,both,ok
Whittier Union High,19651280000000,High School,2023-24,7000 General Administration,1395.0,64.78,36.59,13263804.09,9508.08,9508.08,0.0,both,ok
Whittier Union High,19651280000000,High School,2023-24,8000 Plant Services,2394.74,64.78,36.59,22769370.63,9508.08,9508.08,0.0,both,ok
Whittier Union High,19651280000000,High School,2024-25,1000 Instruction,13932.6,64.82,37.15,127793006.31,9172.23,9172.23,0.0,both,ok
Whittier Union High,19651280000000,High School,2024-25,2000 Instruction-Related Services,2772.6,64.82,37.15,25430889.16,9172.23,9172.23,0.0,both,ok
Whittier Union High,19651280000000,High School,2024-25,3000 Pupil Services,3265.88,64.82,37.15,29955440.72,9172.23,9172.23,0.0,both,ok
Whittier Union High,19651280000000,High School,2024-25,4000 Ancillary Services,574.39,64.82,37.15,5268473.05,9172.23,9172.23,0.0,both,ok
Whittier Union High,19651280000000,High School,2024-25,5000 Community Services,25.25,64.82,37.15,231601.41,9172.23,9172.23,0.0,both,ok
Whittier Union High,19651280000000,High School,2024-25,7000 General Administration,1536.07,64.82,37.15,14089185.0,9172.23,9172.23,0.0,both,ok
Whittier Union High,19651280000000,High School,2024-25,8000 Plant Services,2598.04,64.82,37.15,23829837.81,9172.23,9172.23,0.0,both,ok
William S. Hart Union High,19651360000000,High School,2022-23,1000 Instruction,8390.83,68.5,44.68,163930040.72,19536.82,19536.82,0.0,both,ok
William S. Hart Union High,19651360000000,High School,2022-23,2000 Instruction-Related Services,1904.6,68.5,44.68,37209907.63,19536.82,19536.82,0.0,both,ok
William S. Hart Union High,19651360000000,High School,2022-23,3000 Pupil Services,2539.36,68.5,44.68,49611007.18,19536.82,19536.82,0.0,both,ok
William S. Hart Union High,19651360000000,High School,2022-23,4000 Ancillary Services,109.17,68.5,44.68,2132891.12,19536.82,19536.82,0.0,both,ok
William S. Hart Union High,19651360000000,High School,2022-23,5000 Community Services,2.05,68.5,44.68,40129.27,19536.82,19536.82,0.0,both,ok
William S. Hart Union High,19651360000000,High School,2022-23,7000 General Administration,1368.16,68.5,44.68,26729571.34,19536.82,19536.82,0.0,both,ok
William S. Hart Union High,19651360000000,High School,2022-23,8000 Plant Services,1551.41,68.5,44.68,30309626.27,19536.82,19536.82,0.0,both,ok
William S. Hart Union High,19651360000000,High School,2023-24,1000 Instruction,9505.66,67.28,43.98,184203616.94,19378.31,19378.31,0.0,both,ok
William S. Hart Union High,19651360000000,High School,2023-24,2000 Instruction-Related Services,1910.87,67.28,43.98,37029497.77,19378.31,19378.31,0.0,both,ok
William S. Hart Union High,19651360000000,High School,2023-24,3000 Pupil Services,2513.02,67.28,43.98,48698144.83,19378.31,19378.31,0.0,both,ok
William S. Hart Union High,19651360000000,High School,2023-24,4000 Ancillary Services,123.99,67.28,43.98,2402701.09,19378.31,19378.31,0.0,both,ok
William S. Hart Union High,19651360000000,High School,2023-24,5000 Community Services,1.96,67.28,43.98,37927.55,19378.31,19378.31,0.0,both,ok
William S. Hart Union High,19651360000000,High School,2023-24,7000 General Administration,1420.35,67.28,43.98,27524014.31,19378.31,19378.31,0.0,both,ok
William S. Hart Union High,19651360000000,High School,2023-24,8000 Plant Services,1562.59,67.28,43.98,30280375.48,19378.31,19378.31,0.0,both,ok
William S. Hart Union High,19651360000000,High School,2024-25,1000 Instruction,10053.52,69.79,48.69,193834552.79,19280.27,19280.27,0.0,both,ok
William S. Hart Union High,19651360000000,High School,2024-25,2000 Instruction-Related Services,2030.01,69.79,48.69,39139235.85,19280.27,19280.27,0.0,both,ok
William S. Hart Union High,19651360000000,High School,2024-25,3000 Pupil Services,1987.19,69.79,48.69,38313654.57,19280.27,19280.27,0.0,both,ok
William S. Hart Union High,19651360000000,High School,2024-25,4000 Ancillary Services,134.64,69.79,48.69,2595928.2,19280.27,19280.27,0.0,both,ok
William S. Hart Union High,19651360000000,High School,2024-25,5000 Community Services,1.81,69.79,48.69,34805.76,19280.27,19280.27,0.0,both,ok
William S. Hart Union High,19651360000000,High School,2024-25,7000 General Administration,1406.72,69.79,48.69,27121937.31,19280.27,19280.27,0.0,both,ok
William S. Hart Union High,19651360000000,High School,2024-25,8000 Plant Services,1664.5,69.79,48.69,32091941.82,19280.27,19280.27,0.0,both,ok
Wilsona Elementary,19651510000000,Elementary,2022-23,1000 Instruction,13477.74,17.12,11.51,15054637.78,1117.0,1117.0,0.0,both,ok
Wilsona Elementary,19651510000000,Elementary,2022-23,2000 Instruction-Related Services,1859.05,17.12,11.51,2076562.01,1117.0,1117.0,0.0,both,ok
Wilsona Elementary,19651510000000,Elementary,2022-23,3000 Pupil Services,2090.24,17.12,11.51,2334801.8,1117.0,1117.0,0.0,both,ok
Wilsona Elementary,19651510000000,Elementary,2022-23,4000 Ancillary Services,35.35,17.12,11.51,39490.77,1117.0,1117.0,0.0,both,ok
Wilsona Elementary,19651510000000,Elementary,2022-23,7000 General Administration,1959.34,17.12,11.51,2188588.01,1117.0,1117.0,0.0,both,ok
Wilsona Elementary,19651510000000,Elementary,2022-23,8000 Plant Services,2546.71,17.12,11.51,2844672.78,1117.0,1117.0,0.0,both,ok
Wilsona Elementary,19651510000000,Elementary,2023-24,1000 Instruction,12687.72,17.96,10.81,14386600.72,1133.9,1133.9,0.0,both,ok
Wilsona Elementary,19651510000000,Elementary,2023-24,2000 Instruction-Related Services,2243.03,17.96,10.81,2543373.45,1133.9,1133.9,0.0,both,ok
Wilsona Elementary,19651510000000,Elementary,2023-24,3000 Pupil Services,2293.89,17.96,10.81,2601046.48,1133.9,1133.9,0.0,both,ok
Wilsona Elementary,19651510000000,Elementary,2023-24,4000 Ancillary Services,20.61,17.96,10.81,23364.47,1133.9,1133.9,0.0,both,ok
Wilsona Elementary,19651510000000,Elementary,2023-24,7000 General Administration,2363.09,17.96,10.81,2679504.03,1133.9,1133.9,0.0,both,ok
Wilsona Elementary,19651510000000,Elementary,2023-24,8000 Plant Services,2377.37,17.96,10.81,2695703.14,1133.9,1133.9,0.0,both,ok
Wilsona Elementary,19651510000000,Elementary,2024-25,1000 Instruction,13518.11,20.2,11.75,15484457.11,1145.46,1145.46,0.0,both,ok
Wilsona Elementary,19651510000000,Elementary,2024-25,2000 Instruction-Related Services,2548.5,20.2,11.75,2919205.81,1145.46,1145.46,0.0,both,ok
Wilsona Elementary,19651510000000,Elementary,2024-25,3000 Pupil Services,2614.54,20.2,11.75,2994849.86,1145.46,1145.46,0.0,both,ok
Wilsona Elementary,19651510000000,Elementary,2024-25,4000 Ancillary Services,1588.55,20.2,11.75,1819616.59,1145.46,1145.46,0.0,both,ok
Wilsona Elementary,19651510000000,Elementary,2024-25,7000 General Administration,2497.46,20.2,11.75,2860744.25,1145.46,1145.46,0.0,both,ok
Wilsona Elementary,19651510000000,Elementary,2024-25,8000 Plant Services,2107.59,20.2,11.75,2414156.65,1145.46,1145.46,0.0,both,ok
Wiseburn Unified,19768690000000,Unified,2022-23,1000 Instruction,9514.85,64.21,49.67,22349900.92,2348.95,2348.95,0.0,both,ok
Wiseburn Unified,19768690000000,Unified,2022-23,2000 Instruction-Related Services,1601.77,64.21,49.67,3762466.16,2348.95,2348.95,0.0,both,ok
Wiseburn Unified,19768690000000,Unified,2022-23,3000 Pupil Services,2054.6,64.21,49.67,4826141.63,2348.95,2348.95,0.0,both,ok
Wiseburn Unified,19768690000000,Unified,2022-23,4000 Ancillary Services,33.79,64.21,49.67,79365.35,2348.95,2348.95,0.0,both,ok
Wiseburn Unified,19768690000000,Unified,2022-23,5000 Community Services,26.49,64.21,49.67,62234.11,2348.95,2348.95,0.0,both,ok
Wiseburn Unified,19768690000000,Unified,2022-23,7000 General Administration,1349.45,64.21,49.67,3169796.76,2348.95,2348.95,0.0,both,ok
Wiseburn Unified,19768690000000,Unified,2022-23,8000 Plant Services,1253.18,64.21,49.67,2943664.77,2348.95,2348.95,0.0,both,ok
Wiseburn Unified,19768690000000,Unified,2023-24,1000 Instruction,10164.88,62.39,50.09,24487394.19,2409.02,2409.02,0.0,both,ok
Wiseburn Unified,19768690000000,Unified,2023-24,2000 Instruction-Related Services,1478.23,62.39,50.09,3561080.77,2409.02,2409.02,0.0,both,ok
Wiseburn Unified,19768690000000,Unified,2023-24,3000 Pupil Services,1409.67,62.39,50.09,3395917.98,2409.02,2409.02,0.0,both,ok
Wiseburn Unified,19768690000000,Unified,2023-24,4000 Ancillary Services,6.36,62.39,50.09,15318.23,2409.02,2409.02,0.0,both,ok
Wiseburn Unified,19768690000000,Unified,2023-24,5000 Community Services,42.31,62.39,50.09,101930.65,2409.02,2409.02,0.0,both,ok
Wiseburn Unified,19768690000000,Unified,2023-24,7000 General Administration,1402.59,62.39,50.09,3378860.32,2409.02,2409.02,0.0,both,ok
Wiseburn Unified,19768690000000,Unified,2023-24,8000 Plant Services,1290.03,62.39,50.09,3107719.45,2409.02,2409.02,0.0,both,ok
Wiseburn Unified,19768690000000,Unified,2024-25,1000 Instruction,11338.44,62.77,49.08,27298890.73,2407.64,2407.64,0.0,both,ok
Wiseburn Unified,19768690000000,Unified,2024-25,2000 Instruction-Related Services,1633.17,62.77,49.08,3932075.03,2407.64,2407.64,0.0,both,ok
Wiseburn Unified,19768690000000,Unified,2024-25,3000 Pupil Services,1525.69,62.77,49.08,3673301.87,2407.64,2407.64,0.0,both,ok
Wiseburn Unified,19768690000000,Unified,2024-25,4000 Ancillary Services,1.16,62.77,49.08,2788.78,2407.64,2407.64,0.0,both,ok
Wiseburn Unified,19768690000000,Unified,2024-25,5000 Community Services,317.97,62.77,49.08,765560.03,2407.64,2407.64,0.0,both,ok
Wiseburn Unified,19768690000000,Unified,2024-25,7000 General Administration,1520.71,62.77,49.08,3661328.51,2407.64,2407.64,0.0,both,ok
Wiseburn Unified,19768690000000,Unified,2024-25,8000 Plant Services,1320.07,62.77,49.08,3178248.26,2407.64,2407.64,0.0,both,ok
