outcome,subject,cds,school_name,span,enrollment,pct_frpm,pct_el,pct_swd,fed_ppe,sl_ppe,total_ppe,prior_pct_met,actual,expected_demographics,par,vs_par,z,band,roi_per_10k,par_roi_per_10k,peer_group,peer_n,peer_par_roi_per_10k,peer_band,peer_group_small
level,ela,19647331935121,Abraham Lincoln Senior High,high,913,89.3757,6.7961,14.0777,2396,23896,26292,65.3,64.08,54.2678,53.279,10.801,1.3691,above par,24.3724,20.2644,secondary|midFRPM,68,17.0312,above par,False
level,ela,19647330126615,Academies of Education and Empowerment at Carson High,high,474,77.8481,3.3333,17.5,1447,18885,20332,68.1,59.17,58.7271,62.1885,-3.0185,-0.3826,par,29.1019,30.5865,secondary|lowFRPM,47,27.2509,par,False
level,ela,19647330125096,Academy for Enriched Sciences,elementary,291,30.9278,2.7027,15.5405,1832,23621,25453,71.34,81.08,73.9559,73.6898,7.3902,0.9368,above par,31.8548,28.9513,elem|lowFRPM,170,24.1594,above par,False
level,ela,19647330126623,Academy of Medical Arts at Carson High,high,438,80.8219,4.5872,3.6697,1447,17397,18844,66.67,70.64,62.9282,65.754,4.886,0.6194,above par,37.4867,34.8938,secondary|lowFRPM,47,27.2509,above par,False
level,ela,19647336015705,Albion Street Elementary,elementary,121,90.0826,10.3896,24.6753,4290,43717,48007,37.33,38.96,39.5421,34.8616,4.0984,0.5195,above par,8.1155,7.2618,elem|midFRPM,149,12.5733,below par,False
level,ela,19647336015713,Aldama Elementary,elementary,329,74.1641,16.4634,17.0732,2480,26091,28571,36.0,43.29,48.0428,48.3559,-5.0659,-0.6422,below par,15.1517,16.9248,elem|lowFRPM,170,24.1594,below par,False
level,ela,19647336057996,Alexander Fleming Middle,middle,1110,88.8288,7.1085,14.7935,2293,20624,22917,37.36,46.21,43.4093,43.9645,2.2455,0.2846,par,20.1641,19.1842,secondary|midFRPM,68,17.0312,par,False
level,ela,19647331933852,Alexander Hamilton Senior High,high,2055,76.0584,1.5487,10.8407,1980,20486,22466,60.17,60.84,64.8357,62.4299,-1.5899,-0.2015,par,27.0809,27.7886,secondary|lowFRPM,47,27.2509,par,False
level,ela,19647336015721,Alexandria Avenue Elementary,elementary,502,92.2311,23.9669,14.4628,3322,25303,28625,44.14,46.28,38.2206,37.9943,8.2857,1.0503,above par,16.1677,13.2731,elem|midFRPM,149,12.5733,above par,False
level,ela,19647336061543,Alfred B. Nobel Charter Middle,middle,1784,57.0628,2.8555,7.5957,1793,19021,20814,74.99,73.67,62.9749,60.7952,12.8748,1.632,above par,35.3944,29.2088,secondary|lowFRPM,47,27.2509,above par,False
level,ela,19647336015739,Allesandro Elementary,elementary,267,85.0187,4.3796,17.5182,3028,23556,26584,63.77,63.5,48.5988,50.9261,12.5739,1.5939,above par,23.8865,19.1567,elem|lowFRPM,170,24.1594,par,False
level,ela,19647330122184,Alta California Elementary,elementary,588,96.4286,27.4566,14.7399,3283,22282,25565,47.38,50.0,34.7817,35.8691,14.1309,1.7912,above par,19.558,14.0306,elem|highFRPM,155,10.9768,above par,False
level,ela,19647336015747,Alta Loma Elementary,elementary,381,89.7638,17.4863,17.4863,3867,26469,30336,30.17,35.52,40.7225,40.6183,-5.0983,-0.6463,below par,11.7089,13.3895,elem|midFRPM,149,12.5733,par,False
level,ela,19647330121103,Ambassador School-Global Education,elementary,332,94.8795,44.8718,18.5897,5976,23875,29851,21.94,26.92,24.9279,26.0051,0.9149,0.116,par,9.0181,8.7116,elem|midFRPM,149,12.5733,below par,False
level,ela,19647330121095,Ambassador-Global Leadership,k12,472,97.6695,22.2222,14.5299,2411,20562,22973,23.9,26.92,30.9409,34.7474,-7.8274,-0.9922,below par,11.7181,15.1253,secondary|highFRPM,62,13.8786,par,False
level,ela,19647336015754,Ambler Avenue Elementary,elementary,445,80.8989,0.0,17.1946,2300,26161,28461,38.72,43.89,53.135,52.9238,-9.0338,-1.1451,below par,15.4211,18.5952,elem|lowFRPM,170,24.1594,below par,False
level,ela,19647336015762,Amestoy Elementary,elementary,623,86.6774,9.5847,14.6965,2422,19616,22038,39.5,44.41,47.5515,49.5709,-5.1609,-0.6542,below par,20.1516,22.4934,elem|midFRPM,149,12.5733,above par,False
level,ela,19647336015770,Anatola Avenue Elementary,elementary,269,87.3606,14.2857,19.8413,3460,24963,28423,27.46,38.89,41.8717,43.768,-4.878,-0.6183,below par,13.6826,15.3988,elem|midFRPM,149,12.5733,par,False
level,ela,19647336015796,Andasol Avenue Elementary,elementary,411,75.6691,9.5541,7.6433,2390,24661,27051,49.4,55.41,55.0858,54.3906,1.0194,0.1292,par,20.4835,20.1067,elem|lowFRPM,170,24.1594,below par,False
level,ela,19647330122218,Andres and Maria Cardenas Elementary,elementary,423,96.9267,27.5676,17.2973,3156,25674,28830,33.67,28.65,33.031,33.7703,-5.1203,-0.649,below par,9.9376,11.7136,elem|highFRPM,155,10.9768,par,False
level,ela,19647336057913,Andrew Carnegie Middle,middle,843,84.9348,5.1059,14.6949,2458,23251,25709,40.5,45.58,45.8134,45.5436,0.0364,0.0046,par,17.7292,17.715,secondary|lowFRPM,47,27.2509,below par,False
level,ela,19647336015804,Angeles Mesa Elementary,elementary,297,95.6229,21.3592,15.534,3411,30293,33704,27.42,26.21,36.9526,35.9661,-9.7561,-1.2367,below par,7.7765,10.6712,elem|highFRPM,155,10.9768,par,False
level,ela,19647336015812,Ann Street Elementary,elementary,79,96.2025,11.1111,16.6667,6725,47605,54330,21.62,19.44,39.6658,32.3946,-12.9546,-1.6421,below par,3.5781,5.9626,elem|highFRPM,155,10.9768,below par,False
level,ela,19647336015820,Annalee Avenue Elementary,elementary,194,77.8351,0.0,10.0,2413,32803,35216,51.52,48.0,56.8252,54.5394,-6.5394,-0.8289,below par,13.6302,15.4871,elem|lowFRPM,170,24.1594,below par,False
level,ela,19647336015838,Annandale Elementary,elementary,90,88.8889,0.0,22.2222,3237,42861,46098,32.43,25.0,45.7569,42.3479,-17.3479,-2.199,below par,5.4232,9.1865,elem|midFRPM,149,12.5733,below par,False
level,ela,19647336015846,Apperson Street Elementary,elementary,355,65.6338,4.6667,12.6667,2075,20929,23004,52.29,56.67,59.3778,61.1161,-4.4461,-0.5636,below par,24.6348,26.5676,elem|lowFRPM,170,24.1594,par,False
level,ela,19647336015853,Aragon Avenue Elementary,elementary,205,95.122,30.0885,17.6991,5745,28347,34092,35.58,29.2,31.7013,31.8234,-2.6234,-0.3325,par,8.5651,9.3346,elem|midFRPM,149,12.5733,below par,False
level,ela,19647330112045,Arleta High,high,1038,88.921,7.3643,17.8295,3064,21154,24218,26.67,36.82,52.656,52.7692,-15.9492,-2.0217,below par,15.2036,21.7893,secondary|midFRPM,68,17.0312,par,False
level,ela,19647336015861,Arlington Heights Elementary,elementary,308,96.7532,34.2657,18.8811,4435,26006,30441,27.13,26.57,28.9103,29.9572,-3.3872,-0.4294,par,8.7284,9.8411,elem|highFRPM,155,10.9768,par,False
level,ela,19647336015879,Arminta Street Elementary,elementary,317,93.6909,17.6829,19.5122,3753,30493,34246,32.75,39.63,37.8229,36.775,2.855,0.3619,par,11.5722,10.7385,elem|midFRPM,149,12.5733,par,False
level,ela,19647336015887,Ascot Avenue Elementary,elementary,610,97.541,24.8276,16.8966,3170,23929,27099,37.7,41.38,34.6132,35.1687,6.2113,0.7873,above par,15.2699,12.9779,elem|highFRPM,155,10.9768,above par,False
level,ela,19647336015895,Atwater Avenue Elementary,elementary,332,60.241,9.396,19.4631,2001,26766,28767,46.58,57.05,56.3954,56.1546,0.8954,0.1135,par,19.8318,19.5205,elem|lowFRPM,170,24.1594,below par,False
level,ela,19647336061394,Audubon Middle,middle,446,93.0493,11.7506,18.2254,3413,34445,37858,26.93,29.26,36.9044,33.3759,-4.1159,-0.5217,below par,7.7289,8.8161,secondary|midFRPM,68,17.0312,below par,False
level,ela,19647330126482,Augustus Hawkins High,high,1122,98.4848,21.0332,10.3321,2522,22059,24581,24.4,34.32,45.4572,44.8229,-10.5029,-1.3313,below par,13.962,18.2348,secondary|highFRPM,62,13.8786,par,False
level,ela,19647330109348,Aurora Elementary,elementary,304,97.0395,24.6835,17.0886,4516,28109,32625,24.22,28.48,34.0956,33.8514,-5.3714,-0.6809,below par,8.7295,10.3759,elem|highFRPM,155,10.9768,par,False
level,ela,19647336015903,Avalon Gardens Elementary,elementary,171,93.5673,10.2564,14.1026,3326,33793,37119,36.49,24.36,43.1599,41.6484,-17.2884,-2.1915,below par,6.5627,11.2202,elem|midFRPM,149,12.5733,below par,False
level,ela,19647336015929,Baldwin Hills Elementary,elementary,417,76.259,0.0,13.0208,1922,23125,25047,46.32,41.15,56.9543,57.8125,-16.6625,-2.1121,below par,16.4291,23.0816,elem|lowFRPM,170,24.1594,below par,False
level,ela,19647336015945,Bandini Street Elementary,elementary,232,87.5,9.0909,17.0455,4265,27205,31470,31.48,46.59,45.3582,45.8079,0.7821,0.0991,par,14.8046,14.556,elem|midFRPM,149,12.5733,par,False
level,ela,19647330122416,Barack Obama Global Preparation Academy,k12,293,95.2218,19.8582,16.6667,4690,35995,40685,16.03,22.7,31.6791,28.3719,-5.6719,-0.719,below par,5.5795,6.9735,secondary|midFRPM,68,17.0312,below par,False
level,ela,19647336015952,Barton Hill Elementary,elementary,329,95.7447,16.8675,22.8916,3526,28769,32295,28.57,26.51,35.8423,36.1474,-9.6374,-1.2216,below par,8.2087,11.1929,elem|highFRPM,155,10.9768,par,False
level,ela,19647336015960,Bassett Street Elementary,elementary,609,96.3875,28.9474,18.0451,3300,23500,26800,22.05,25.19,32.6571,33.4759,-8.2859,-1.0503,below par,9.3993,12.491,elem|highFRPM,155,10.9768,par,False
level,ela,19647336015978,Beachy Avenue Elementary,elementary,398,89.4472,20.1058,23.2804,2508,25864,28372,30.15,34.39,37.0834,38.5288,-4.1388,-0.5246,below par,12.1211,13.5799,elem|midFRPM,149,12.5733,par,False
level,ela,19647336015986,Beckford Charter for Enriched Studies,elementary,588,29.932,1.4235,14.9466,1089,16835,17924,83.21,84.7,75.9851,77.3297,7.3703,0.9343,above par,47.2551,43.1431,elem|lowFRPM,170,24.1594,above par,False
level,ela,19647336015994,Beethoven Street Elementary,elementary,315,61.2698,6.0241,13.253,1389,22453,23842,57.65,59.64,60.2554,61.7785,-2.1385,-0.2711,par,25.0147,25.9116,elem|lowFRPM,170,24.1594,par,False
level,ela,19647331930866,Bell Senior High,high,2088,91.3793,5.6373,12.2549,3037,19606,22643,54.16,62.01,55.6079,54.0295,7.9805,1.0116,above par,27.3859,23.8615,secondary|midFRPM,68,17.0312,above par,False
level,ela,19647330106914,Bellingham Elementary,elementary,390,97.1795,21.8935,16.568,3475,25971,29446,29.71,40.24,35.841,36.3829,3.8571,0.4889,par,13.6657,12.3558,elem|highFRPM,155,10.9768,par,False
level,ela,19647331930924,Belmont Senior High,high,614,96.4169,42.7481,5.3435,4797,26738,31535,25.98,34.35,37.7116,34.7761,-0.4261,-0.054,par,10.8927,11.0278,secondary|highFRPM,62,13.8786,par,False
level,ela,19647336016018,Belvedere Elementary,elementary,526,97.7186,23.4818,23.4818,3733,26229,29962,28.36,28.74,32.0796,32.4705,-3.7305,-0.4729,par,9.5922,10.8372,elem|highFRPM,155,10.9768,par,False
level,ela,19647336057889,Belvedere Middle,middle,734,95.7766,9.2798,22.9917,2615,24090,26705,32.45,37.26,35.2685,36.4796,0.7804,0.0989,par,13.9524,13.6602,secondary|highFRPM,62,13.8786,par,False
level,ela,19647331933043,Benjamin Franklin Senior High,k12,1284,87.3832,5.1913,13.388,2805,20749,23554,43.7,48.09,45.0104,45.1008,2.9892,0.3789,par,20.4169,19.1478,secondary|midFRPM,68,17.0312,par,False
level,ela,19647336061402,Berendo Middle,middle,552,96.558,20.1161,16.441,3476,25037,28513,24.82,30.95,32.4409,32.8453,-1.8953,-0.2402,par,10.8547,11.5194,secondary|highFRPM,62,13.8786,par,False
level,ela,19647336016026,Bertrand Avenue Elementary,elementary,326,90.4908,31.2925,17.0068,2864,26863,29727,27.59,28.57,33.9406,34.6187,-6.0487,-0.7667,below par,9.6108,11.6456,elem|midFRPM,149,12.5733,par,False
level,ela,19647336016638,Betty Plasencia Elementary,elementary,411,95.1338,24.8705,10.8808,3339,27631,30970,36.27,32.12,37.9199,36.8042,-4.6842,-0.5938,below par,10.3713,11.8838,elem|midFRPM,149,12.5733,par,False
level,ela,19647336019491,Birdielee V. Bright Elementary,elementary,374,95.4545,15.2381,11.9048,3336,23816,27152,41.27,39.05,41.7732,42.8194,-3.7694,-0.4778,par,14.382,15.7703,elem|highFRPM,155,10.9768,par,False
level,ela,19647336016034,Blythe Street Elementary,elementary,323,99.6904,37.8378,21.6216,4632,35127,39759,24.24,36.49,24.7689,21.7186,14.7714,1.8724,above par,9.1778,5.4626,elem|highFRPM,155,10.9768,par,False
level,ela,19647336016042,Bonita Street Elementary,elementary,399,77.9449,6.0976,16.4634,2165,22522,24687,40.11,44.51,51.7585,53.4604,-8.9504,-1.1346,below par,18.0297,21.6553,elem|lowFRPM,170,24.1594,below par,False
level,ela,19647330135996,Boys Academic Leadership Academy,k12,69,91.3043,0.0,28.8462,1224,49395,50619,16.67,26.92,35.8356,32.7914,-5.8714,-0.7443,below par,5.3182,6.4781,secondary|midFRPM,68,17.0312,below par,False
level,ela,19647336016059,Braddock Drive Elementary,elementary,541,59.7043,4.4118,6.6176,2402,21572,23974,68.75,67.28,65.2186,64.3233,2.9567,0.3748,par,28.0637,26.8304,elem|lowFRPM,170,24.1594,above par,False
level,ela,19647336016067,Brainard Elementary,elementary,160,74.375,7.4627,22.3881,2825,36345,39170,54.17,65.67,49.0844,46.8325,18.8375,2.3878,above par,16.7654,11.9562,elem|lowFRPM,170,24.1594,below par,False
level,ela,19647336016075,Breed Street Elementary,elementary,258,96.8992,23.4375,21.0938,3822,36534,40356,29.5,36.72,32.7884,29.7469,6.9731,0.8839,above par,9.099,7.3711,elem|highFRPM,155,10.9768,par,False
level,ela,19647336058044,Bret Harte Preparatory Middle,middle,456,97.3684,21.219,20.0903,3251,32314,35565,16.23,20.09,29.7411,27.7656,-7.6756,-0.973,below par,5.6488,7.807,secondary|highFRPM,62,13.8786,below par,False
level,ela,19647336016091,Bridge Street Elementary,elementary,180,97.2222,22.3529,41.1765,3726,36568,40294,23.08,25.88,23.8263,24.2757,1.6043,0.2034,par,6.4228,6.0246,elem|highFRPM,155,10.9768,below par,False
level,ela,19647336016109,Broad Avenue Elementary,elementary,441,85.2608,11.0577,23.0769,3123,26072,29195,35.78,42.31,43.3778,43.8596,-1.5496,-0.1964,par,14.4922,15.023,elem|lowFRPM,170,24.1594,below par,False
level,ela,19647336016117,Broadacres Avenue Elementary Visual & Performing Arts Magnet,elementary,275,85.4545,0.0,22.1477,2492,25820,28312,26.03,38.93,48.4409,50.4237,-11.4937,-1.4569,below par,13.7504,17.81,elem|lowFRPM,170,24.1594,below par,False
level,ela,19647336016125,Broadway Elementary,elementary,546,25.8242,2.6667,7.5556,1592,18225,19817,85.38,85.33,80.4117,79.9344,5.3956,0.6839,above par,43.059,40.3363,elem|lowFRPM,170,24.1594,above par,False
level,ela,19647336016133,Brockton Avenue Elementary,elementary,189,88.3598,18.3908,18.3908,3278,29855,33133,45.68,48.28,39.7808,40.2528,8.0272,1.0175,above par,14.5716,12.1489,elem|midFRPM,149,12.5733,par,False
level,ela,19647336016141,Brooklyn Avenue,elementary,510,89.2157,12.9577,24.2254,3256,25123,28379,48.31,51.55,40.3932,41.229,10.321,1.3083,above par,18.1648,14.528,elem|midFRPM,149,12.5733,above par,False
level,ela,19647336016158,Bryson Avenue Elementary,elementary,706,84.8442,3.869,13.9881,2736,21218,23954,50.62,59.52,51.4947,52.0411,7.4789,0.948,above par,24.8476,21.7254,elem|lowFRPM,170,24.1594,par,False
level,ela,19647336016166,Buchanan Street Elementary,elementary,278,66.1871,15.2,25.6,2726,28596,31322,40.0,47.2,48.14,48.2385,-1.0385,-0.1316,par,15.0693,15.4008,elem|lowFRPM,170,24.1594,below par,False
level,ela,19647336016174,Budlong Avenue Elementary,elementary,624,96.6346,26.6667,10.7937,3909,25790,29699,20.71,24.76,36.8871,35.3434,-10.5834,-1.3415,below par,8.337,11.9005,elem|highFRPM,155,10.9768,par,False
level,ela,19647336016182,Burbank Boulevard Elementary,elementary,319,81.5047,10.5263,9.2105,2457,22692,25149,58.64,49.34,51.1206,52.5032,-3.1632,-0.401,par,19.6191,20.8768,elem|lowFRPM,170,24.1594,below par,False
level,ela,19647336016208,Burton Street Elementary,elementary,274,98.1752,20.5128,29.9145,3050,31950,35000,27.64,24.79,29.7385,30.2477,-5.4577,-0.6918,below par,7.0829,8.6422,elem|highFRPM,155,10.9768,below par,False
level,ela,19647336016216,Bushnell Way Elementary,elementary,157,84.0764,0.0,32.9114,6851,33826,40677,46.67,50.63,43.6603,42.463,8.167,1.0352,above par,12.4468,10.4391,elem|lowFRPM,170,24.1594,below par,False
level,ela,19647336016224,Cabrillo Avenue Elementary,elementary,303,92.4092,14.6154,22.3077,3946,34467,38413,30.66,49.23,38.536,35.8679,13.3621,1.6938,above par,12.816,9.3374,elem|midFRPM,149,12.5733,par,False
level,ela,19647336016232,Cahuenga Elementary,elementary,355,86.7606,18.6047,16.2791,3187,23386,26573,49.69,49.42,41.9703,43.5746,5.8454,0.741,above par,18.5978,16.3981,elem|midFRPM,149,12.5733,above par,False
level,ela,19647336016240,Calabash Charter Academy,elementary,409,32.5183,0.0,12.2449,1281,18868,20149,70.41,72.96,76.36,77.3851,-4.4251,-0.5609,below par,36.2102,38.4064,elem|lowFRPM,170,24.1594,above par,False
level,ela,19647336016257,Calahan Street Elementary,elementary,474,73.2068,11.399,12.9534,2356,22650,25006,37.31,46.63,53.0666,53.5251,-6.8951,-0.874,below par,18.6475,21.4049,elem|lowFRPM,170,24.1594,below par,False
level,ela,19647336016265,Calvert Charter for Enriched Studies,elementary,324,82.4074,16.0584,19.708,2903,26805,29708,26.95,30.66,43.4468,43.9821,-13.3221,-1.6887,below par,10.3205,14.8048,elem|lowFRPM,170,24.1594,below par,False
level,ela,19647336016273,Camellia Avenue Elementary,elementary,433,95.1501,24.0838,16.2304,4668,25504,30172,24.19,27.75,35.9508,35.7386,-7.9886,-1.0126,below par,9.1973,11.845,elem|midFRPM,149,12.5733,par,False
level,ela,19647336016281,Canfield Avenue Elementary,elementary,285,49.4737,5.6,21.6,1699,23942,25641,77.1,75.2,61.773,63.1532,12.0468,1.5271,above par,29.328,24.6298,elem|lowFRPM,170,24.1594,above par,False
level,ela,19647336016299,Canoga Park Elementary,elementary,462,96.3203,35.9504,18.595,3536,30232,33768,22.32,22.31,28.8498,27.1704,-4.8604,-0.6161,below par,6.6068,8.0462,elem|highFRPM,155,10.9768,below par,False
level,ela,19647336057947,Canoga Park Middle,middle,579,91.7098,14.6667,18.0952,2856,26015,28871,21.94,27.43,36.4394,36.4735,-9.0435,-1.1464,below par,9.5009,12.6333,secondary|midFRPM,68,17.0312,below par,False
level,ela,19647331931476,Canoga Park Senior High,high,1389,92.3686,13.5849,15.8491,2860,22311,25171,48.56,52.45,49.3998,48.2445,4.2055,0.5331,above par,20.8375,19.1667,secondary|midFRPM,68,17.0312,above par,False
level,ela,19647336016307,Cantara Street Elementary,elementary,357,94.3978,33.3333,22.0339,2393,25755,28148,35.71,47.46,29.1233,31.1478,16.3122,2.0677,above par,16.8609,11.0657,elem|midFRPM,149,12.5733,above par,False
level,ela,19647336016315,Canterbury Avenue Elementary,elementary,578,85.4671,13.4615,10.3846,3186,22043,25229,48.39,46.15,48.0959,48.2143,-2.0643,-0.2617,par,18.2924,19.1107,elem|lowFRPM,170,24.1594,below par,False
level,ela,19647336016323,Canyon Charter Elementary,elementary,391,15.601,0.0,9.0278,979,18008,18987,84.49,83.33,85.1284,85.6042,-2.2742,-0.2883,par,43.8879,45.0857,elem|lowFRPM,170,24.1594,above par,False
level,ela,19647336016331,Capistrano Avenue Elementary,elementary,415,80.9639,7.2222,22.7778,2417,23111,25528,54.74,52.22,47.1336,49.2656,2.9544,0.3745,par,20.456,19.2987,elem|lowFRPM,170,24.1594,below par,False
level,ela,19647330122234,Carlos Santana Arts Academy,elementary,371,91.1051,25.1366,19.6721,4865,26034,30899,34.66,32.79,35.5229,35.6099,-2.8199,-0.3575,par,10.612,11.5246,elem|midFRPM,149,12.5733,par,False
level,ela,19647336016349,Caroldale Learning Community,elementary,620,77.9032,4.7506,15.4394,2542,21263,23805,50.46,51.54,53.3244,54.1354,-2.5954,-0.329,par,21.6509,22.7412,elem|lowFRPM,170,24.1594,par,False
level,ela,19647336016356,Carpenter Community Charter,elementary,863,13.2097,1.0076,16.8766,1064,17447,18511,82.82,83.63,83.0103,82.466,1.164,0.1476,par,45.1785,44.5497,elem|lowFRPM,170,24.1594,above par,False
level,ela,19647331931526,Carson Senior High,high,1407,87.7043,3.4602,12.1107,2470,20652,23122,51.75,63.32,57.8957,56.9272,6.3928,0.8104,above par,27.3852,24.6204,secondary|midFRPM,68,17.0312,above par,False
level,ela,19647336016364,Carson Street Elementary,elementary,623,68.2183,2.2876,15.6863,2193,19486,21679,55.07,60.46,58.6065,59.9654,0.4946,0.0627,par,27.8887,27.6606,elem|lowFRPM,170,24.1594,above par,False
level,ela,19647330122101,Carson-Gore Academy of Environmental Studies,elementary,344,95.6395,24.4792,24.4792,3370,24856,28226,36.76,36.46,31.6323,34.0201,2.4399,0.3093,par,12.9172,12.0527,elem|highFRPM,155,10.9768,par,False
level,ela,19647336016372,Carthay Elementary Of Environmental Studies Magnet,elementary,327,68.8073,4.0984,7.377,1715,21171,22886,56.05,56.56,60.5374,62.0468,-5.4868,-0.6955,below par,24.7138,27.1113,elem|lowFRPM,170,24.1594,par,False
level,ela,19647336016380,Castelar Street Elementary,elementary,626,85.4633,24.3402,5.2786,2572,22112,24684,48.84,48.68,45.3227,44.9331,3.7469,0.475,par,19.7213,18.2033,elem|lowFRPM,170,24.1594,below par,False
level,ela,19647336016398,Castle Heights Elementary,elementary,501,32.7345,3.6364,12.2727,1294,19247,20541,82.53,80.45,74.7459,75.0809,5.3691,0.6806,above par,39.1656,36.5517,elem|lowFRPM,170,24.1594,above par,False
level,ela,19647336071435,Castlebay Lane Charter,elementary,666,26.7267,2.0202,11.4478,1066,17674,18740,72.18,74.41,78.7914,78.8242,-4.4142,-0.5595,below par,39.7065,42.062,elem|lowFRPM,170,24.1594,above par,False
level,ela,19647336016406,Catskill Avenue Elementary,elementary,419,90.2148,14.1304,7.6087,3079,25156,28235,42.19,48.91,46.616,46.0407,2.8693,0.3637,par,17.3225,16.3063,elem|midFRPM,149,12.5733,above par,False
level,ela,19647336016414,Century Park Elementary,elementary,256,97.6562,4.0984,24.5902,4468,33212,37680,40.37,36.07,40.0199,38.6202,-2.5502,-0.3233,par,9.5727,10.2495,elem|highFRPM,155,10.9768,par,False
level,ela,19647330109439,Cesar Chavez Elementary,elementary,169,92.8994,19.7917,34.375,6228,41967,48195,32.38,30.21,29.8911,25.6366,4.5734,0.5797,above par,6.2683,5.3194,elem|midFRPM,149,12.5733,below par,False
level,ela,19647330124396,Cesar E. Chavez Learning Academies-Academy of Scientific Exploration (ASE),high,420,91.1905,9.4737,14.7368,1824,18717,20541,34.91,35.79,51.1166,55.1545,-19.3645,-2.4546,below par,17.4237,26.8509,secondary|midFRPM,68,17.0312,par,False
level,ela,19647330124388,Cesar E. Chavez Learning Academies-Social Justice Humanitas Academy,high,417,92.5659,0.0,14.1176,2353,18313,20666,48.05,55.29,55.2581,59.1787,-3.8887,-0.4929,par,26.7541,28.6358,secondary|midFRPM,68,17.0312,above par,False
level,ela,19647330124404,Cesar E. Chavez Learning Academies-Technology Preparatory Academy,high,321,95.9502,10.6383,13.8298,6363,24288,30651,44.79,54.26,48.618,48.6419,5.6181,0.7121,above par,17.7025,15.8696,secondary|highFRPM,62,13.8786,above par,False
level,ela,19647336016422,Chandler Elementary,elementary,450,56.4444,8.5714,10.8571,1996,23919,25915,58.75,61.14,62.5949,61.6537,-0.5137,-0.0651,par,23.5925,23.7907,elem|lowFRPM,170,24.1594,par,False
level,ela,19647336016430,Chapman Elementary,elementary,406,63.0542,7.0588,14.1176,1859,21028,22887,59.46,61.18,58.8647,60.3716,0.8084,0.1025,par,26.7313,26.3781,elem|lowFRPM,170,24.1594,par,False
level,ela,19647336057962,Charles Drew Middle,middle,607,99.1763,20.4545,12.2378,3428,26587,30015,21.57,22.55,33.1127,32.1506,-9.6006,-1.217,below par,7.5129,10.7115,secondary|highFRPM,62,13.8786,below par,False
level,ela,19647330111989,Charles H. Kim Elementary,elementary,483,93.3747,18.75,12.5,2998,20830,23828,64.85,60.1,41.0207,42.9791,17.1209,2.1702,above par,25.2224,18.0372,elem|midFRPM,149,12.5733,above par,False
level,ela,19647336058101,Charles Maclay Middle,middle,238,98.3193,23.8866,23.0769,6413,38828,45241,19.66,30.36,26.0632,21.6074,8.7526,1.1095,above par,6.7107,4.7761,secondary|highFRPM,62,13.8786,below par,False
level,ela,19647336018360,Charles W. Barrett Elementary,elementary,473,98.9429,27.0386,11.588,4073,31482,35555,32.77,27.47,35.0643,31.6591,-4.1891,-0.531,below par,7.7261,8.9043,elem|highFRPM,155,10.9768,par,False
level,ela,19647330106948,Charles White Elementary,elementary,233,98.7124,31.1594,13.0435,4362,26380,30742,31.61,44.93,31.8392,32.8358,12.0942,1.5331,above par,14.6152,10.6811,elem|highFRPM,155,10.9768,above par,False
level,ela,19647336016448,Charnock Road Elementary,elementary,281,90.7473,14.0625,33.5938,3025,30707,33732,33.86,51.56,34.4079,35.5065,16.0535,2.0349,above par,15.2852,10.526,elem|midFRPM,149,12.5733,par,False
level,ela,19647336016455,Chase Street Elementary,elementary,436,91.5138,18.5366,25.8537,3631,29695,33326,35.0,39.51,35.8686,35.0987,4.4113,0.5592,above par,11.8556,10.5319,elem|midFRPM,149,12.5733,par,False
level,ela,19647331931708,Chatsworth Charter High,high,1743,68.9042,5.291,8.9947,2034,19928,21962,55.61,50.53,66.8434,64.5661,-14.0361,-1.7792,below par,23.0079,29.399,secondary|lowFRPM,47,27.2509,below par,False
level,ela,19647336016463,Chatsworth Park ES Urban Planning/Community Development Magnet,elementary,422,63.0332,7.9208,12.3762,1783,20827,22610,56.85,58.42,59.2839,60.6097,-2.1897,-0.2776,par,25.8381,26.8066,elem|lowFRPM,170,24.1594,par,False
level,ela,19647336016471,Cheremoya Avenue Elementary,elementary,161,83.8509,17.5676,16.2162,2774,29929,32703,36.49,41.89,42.9411,43.5512,-1.6612,-0.2106,par,12.8092,13.3172,elem|lowFRPM,170,24.1594,below par,False
level,ela,19647336057939,Chester W. Nimitz Middle,middle,1057,95.3642,13.3267,16.2325,2450,21891,24341,34.49,39.28,36.9304,37.4743,1.8057,0.2289,par,16.1374,15.3956,secondary|midFRPM,68,17.0312,par,False
level,ela,19647336016679,Christopher Dena Elementary,elementary,313,94.8882,32.4742,12.3711,3938,34281,38219,37.44,34.02,33.4912,29.8441,4.1759,0.5293,above par,8.9013,7.8087,elem|midFRPM,149,12.5733,below par,False
level,ela,19647336016489,Cienega Elementary,elementary,370,88.6486,24.4048,21.4286,3279,26808,30087,31.33,41.67,36.1533,36.7304,4.9396,0.6261,above par,13.8498,12.2081,elem|midFRPM,149,12.5733,par,False
level,ela,19647336016497,Cimarron Avenue Elementary,elementary,261,85.8238,0.0,15.9292,3845,34526,38371,38.26,38.94,51.0009,47.5338,-8.5938,-1.0894,below par,10.1483,12.388,elem|lowFRPM,170,24.1594,below par,False
level,ela,19647336016505,City Terrace Elementary,elementary,313,78.5942,9.4595,13.5135,3153,22798,25951,54.6,56.76,50.954,52.3856,4.3744,0.5545,above par,21.872,20.1863,elem|lowFRPM,170,24.1594,par,False
level,ela,19647336016513,Clifford Street Elementary Math & Technology Magnet,elementary,128,52.3438,0.0,13.3333,2632,29489,32121,67.35,78.33,66.0277,65.5043,12.8257,1.6258,above par,24.3859,20.393,elem|lowFRPM,170,24.1594,par,False
level,ela,19647336016521,Clover Avenue Elementary,elementary,468,40.5983,2.2099,8.2873,1048,19276,20324,83.41,85.64,73.6973,74.1991,11.4409,1.4502,above par,42.1374,36.5081,elem|lowFRPM,170,24.1594,above par,False
level,ela,19647336016539,Coeur D'Alene Avenue Elementary,elementary,295,31.5254,4.5752,9.8039,1318,19366,20684,69.09,79.74,75.3852,76.7059,3.0341,0.3846,par,38.5515,37.0847,elem|lowFRPM,170,24.1594,above par,False
level,ela,19647336016547,Cohasset Street Elementary,elementary,451,95.122,27.6382,21.1055,3393,25889,29282,31.07,29.15,32.1516,32.8873,-3.7373,-0.4737,par,9.9549,11.2312,elem|midFRPM,149,12.5733,par,False
level,ela,19647336016554,Coldwater Canyon Elementary,elementary,570,95.2632,24.7788,8.8496,3274,23854,27128,33.88,38.94,39.1507,38.7628,0.1772,0.0225,par,14.3542,14.2888,elem|midFRPM,149,12.5733,par,False
level,ela,19647336016562,Colfax Charter Elementary,elementary,774,30.7494,0.0,7.3446,1045,17139,18184,79.65,80.51,79.9765,79.5493,0.9607,0.1218,par,44.2752,43.7468,elem|lowFRPM,170,24.1594,above par,False
level,ela,19647336016570,Coliseum Street Elementary,elementary,218,97.2477,21.25,17.5,4527,40077,44604,18.82,28.75,35.099,30.0206,-1.2706,-0.1611,par,6.4456,6.7305,elem|highFRPM,155,10.9768,below par,False
level,ela,19647336120679,Columbus Avenue Elementary,elementary,382,96.0733,34.6939,22.9592,3974,25989,29963,23.08,33.16,27.4071,28.585,4.575,0.5799,above par,11.067,9.5401,elem|highFRPM,155,10.9768,par,False
level,ela,19647336016604,Commonwealth Avenue Elementary,elementary,504,88.6905,24.5059,20.9486,2997,22982,25979,50.4,39.92,36.6204,38.2907,1.6293,0.2065,par,15.3663,14.7391,elem|midFRPM,149,12.5733,par,False
level,ela,19647330124495,Communication and Technology at Diego Rivera Learning Complex,high,505,97.0297,11.2069,12.069,1956,18748,20704,41.88,55.17,49.1321,52.5669,2.6031,0.33,par,26.647,25.3897,secondary|highFRPM,62,13.8786,above par,False
level,ela,19647336094726,Community Magnet Charter Elementary,elementary,425,25.1765,1.7544,11.8421,1215,23792,25007,81.78,83.77,78.9536,77.1436,6.6264,0.84,above par,33.4986,30.8488,elem|lowFRPM,170,24.1594,above par,False
level,ela,19647336016612,Compton Avenue Elementary,elementary,265,95.8491,22.5225,9.9099,3427,29406,32833,37.61,36.04,38.6968,37.7546,-1.7146,-0.2173,par,10.9768,11.499,elem|highFRPM,155,10.9768,par,False
level,ela,19647330117721,Contreras Learning Center-Academic Leadership Community,high,392,96.1735,25.5102,12.2449,1621,24039,25660,38.1,47.96,42.4131,44.2222,3.7378,0.4738,par,18.6906,17.2339,secondary|highFRPM,62,13.8786,above par,False
level,ela,19647330112870,Contreras Learning Center-Los Angeles School of Global Studies,high,317,97.1609,40.0,0.0,2542,20781,23323,28.95,49.23,40.3868,42.5173,6.7127,0.8509,above par,21.1079,18.2298,secondary|highFRPM,62,13.8786,above par,False
level,ela,19647330127795,Contreras Learning Center-School of Social Justice,high,326,96.6258,44.9438,7.8652,2826,22565,25391,48.53,37.08,34.8054,36.8517,0.2283,0.0289,par,14.6036,14.5137,secondary|highFRPM,62,13.8786,par,False
level,ela,19647336016620,Corona Avenue Elementary,elementary,542,95.941,25.5014,13.7536,3162,22373,25535,29.5,33.81,36.2735,37.4327,-3.6227,-0.4592,par,13.2407,14.6594,elem|highFRPM,155,10.9768,par,False
level,ela,19647336016646,Cowan Avenue Elementary,elementary,377,63.3952,0.0,13.5417,1814,23441,25255,54.84,57.81,62.2289,62.6906,-4.8806,-0.6187,below par,22.8905,24.8231,elem|lowFRPM,170,24.1594,par,False
level,ela,19647336016661,Crestwood Street STEAM Magnet,elementary,289,73.0104,3.1746,17.4603,2332,25821,28153,55.81,43.65,54.5132,55.2709,-11.6209,-1.4731,below par,15.5046,19.6323,elem|lowFRPM,170,24.1594,below par,False
level,ela,19647336016687,Dahlia Heights Elementary,elementary,410,23.6585,0.0,16.3265,1287,18978,20265,78.65,82.65,78.4057,79.441,3.209,0.4068,par,40.7846,39.2011,elem|lowFRPM,170,24.1594,above par,False
level,ela,19647336058358,Daniel Webster Middle,middle,438,87.4429,11.0588,16.2353,3139,28768,31907,29.59,40.24,40.5459,39.3999,0.8401,0.1065,par,12.6117,12.3484,secondary|midFRPM,68,17.0312,below par,False
level,ela,19647336016695,Danube Avenue Elementary,elementary,259,80.695,5.5556,17.5926,2481,28184,30665,39.17,38.89,49.865,50.1174,-11.2274,-1.4232,below par,12.6822,16.3435,elem|lowFRPM,170,24.1594,below par,False
level,ela,19647336016703,Darby Avenue Elementary,elementary,412,55.0971,4.6875,11.4583,2176,20559,22735,63.79,65.1,64.6568,65.4611,-0.3611,-0.0458,par,28.6343,28.7931,elem|lowFRPM,170,24.1594,above par,False
level,ela,19647336016711,Dayton Heights Elementary,elementary,214,96.729,35.2941,20.1681,5007,36587,41594,48.36,51.26,27.4853,24.3082,26.9518,3.4164,above par,12.3239,5.8442,elem|highFRPM,155,10.9768,par,False
level,ela,19647336016729,Dearborn Elementary Charter Academy,elementary,527,72.1063,5.5319,12.3404,1860,21772,23632,58.37,61.28,56.6993,57.3641,3.9159,0.4964,par,25.9309,24.2739,elem|lowFRPM,170,24.1594,par,False
level,ela,19647336016737,Del Amo Elementary,elementary,285,75.4386,8.4034,21.0084,2324,26772,29096,37.21,39.5,49.3878,50.3256,-10.8256,-1.3722,below par,13.5757,17.2964,elem|lowFRPM,170,24.1594,below par,False
level,ela,19647336016745,Delevan Drive Elementary,elementary,483,39.1304,3.6145,15.6627,1310,20017,21327,70.93,73.49,70.4159,71.2045,2.2855,0.2897,par,34.4587,33.387,elem|lowFRPM,170,24.1594,above par,False
level,ela,19647336016752,Denker Avenue Elementary,elementary,670,79.8507,10.7914,10.7914,2492,21335,23827,45.68,44.6,51.7772,51.9319,-7.3319,-0.9294,below par,18.7183,21.7954,elem|lowFRPM,170,24.1594,below par,False
level,ela,19647330124503,Diego Rivera Learning Complex Green Design STEAM Academy,high,493,96.3489,11.4286,11.4286,2229,18970,21199,27.2,54.29,49.5853,52.7352,1.5548,0.1971,par,25.6097,24.8762,secondary|highFRPM,62,13.8786,above par,False
level,ela,19647336016778,Dixie Canyon Community Charter,elementary,635,33.2283,5.7143,11.7857,1075,19878,20953,66.03,67.86,74.0114,73.4942,-5.6342,-0.7142,below par,32.3868,35.0757,elem|lowFRPM,170,24.1594,above par,False
level,ela,19647330122135,Dolores Huerta Elementary,elementary,321,99.0654,31.6901,10.5634,3272,21134,24406,37.34,47.89,32.872,35.7728,12.1172,1.536,above par,19.6222,14.6574,elem|highFRPM,155,10.9768,above par,False
level,ela,19647336016786,Dolores Street Elementary,elementary,370,85.1351,5.8511,13.2979,2909,28737,31646,39.81,43.09,50.0733,48.5889,-5.4989,-0.697,below par,13.6163,15.3539,elem|lowFRPM,170,24.1594,below par,False
level,ela,19647336016794,Dominguez Elementary,elementary,450,86.2222,6.7358,11.9171,2774,20007,22781,56.35,57.51,49.9996,52.1426,5.3674,0.6804,above par,25.2447,22.8886,elem|lowFRPM,170,24.1594,par,False
level,ela,19647336016802,Dorris Place Elementary,elementary,230,83.4783,8.4034,17.6471,2423,23418,25841,62.38,56.3,47.1597,50.2112,6.0888,0.7718,above par,21.7871,19.4308,elem|lowFRPM,170,24.1594,par,False
level,ela,19647330124453,Dr. Julian Nava Learning Academy,middle,572,98.6014,14.0036,16.8761,3607,20751,24358,27.89,32.68,34.2779,36.6957,-4.0157,-0.509,below par,13.4165,15.0651,secondary|highFRPM,62,13.8786,par,False
level,ela,19647330126433,"Dr. Lawrence H. Moore Math, Science, Technology Academy",elementary,454,97.7974,17.5732,13.3891,3277,20604,23881,41.64,38.08,39.1865,41.6034,-3.5234,-0.4466,par,15.9457,17.4211,elem|highFRPM,155,10.9768,above par,False
level,ela,19647330124479,Dr. Maya Angelou Community High,high,971,97.2194,26.6332,9.0452,3349,22585,25934,31.65,33.17,43.7906,42.7094,-9.5394,-1.2092,below par,12.7902,16.4685,secondary|highFRPM,62,13.8786,par,False
level,ela,19647330122143,Dr. Owen Lloyd Knox Elementary,elementary,669,97.4589,27.5,12.1875,3221,21944,25165,34.24,37.19,35.584,36.2533,0.9367,0.1187,par,14.7785,14.4062,elem|highFRPM,155,10.9768,above par,False
level,ela,19647330102921,Dr. Richard A. Vladovic Harbor Teacher Preparation Academy,high,452,65.4867,0.0,0.0,1015,17917,18932,98.23,98.15,73.4529,74.9133,23.2367,2.9455,above par,51.8434,39.5697,secondary|lowFRPM,47,27.2509,above par,False
level,ela,19647330128710,Dr. Sammy Lee Medical and Health Science Magnet Elementary,elementary,551,92.7405,11.8056,9.0278,2849,18842,21691,53.92,59.38,46.2612,48.3844,10.9956,1.3938,above par,27.3754,22.3062,elem|midFRPM,149,12.5733,above par,False
level,ela,19647330102491,Dr. Theodore T. Alexander Jr. Science Center,elementary,616,86.3636,6.4286,5.3571,2618,20278,22896,44.29,47.5,53.3343,53.7747,-6.2747,-0.7954,below par,20.746,23.4865,elem|lowFRPM,170,24.1594,par,False
level,ela,19647336016828,Dyer Street Elementary,elementary,539,92.3933,18.6207,19.6552,2825,21563,24388,47.45,43.45,38.4301,40.6655,2.7845,0.353,par,17.8161,16.6744,elem|midFRPM,149,12.5733,above par,False
level,ela,19647336016836,Eagle Rock Elementary,elementary,755,37.6159,1.7505,16.1926,1634,20656,22290,73.38,72.43,72.181,71.2929,1.1371,0.1441,par,32.4944,31.9843,elem|lowFRPM,170,24.1594,above par,False
level,ela,19647331932540,Eagle Rock High,high,2031,51.551,2.0666,10.333,1772,18748,20520,65.41,66.02,75.4956,72.7965,-6.7765,-0.859,below par,32.1735,35.4759,secondary|lowFRPM,47,27.2509,above par,False
level,ela,19647330127803,Early College Academy-LA Trade Tech College,high,272,93.75,0.0,0.0,1436,15670,17106,51.85,69.57,60.6006,65.679,3.891,0.4932,par,40.6699,38.3953,secondary|midFRPM,68,17.0312,above par,False
level,ela,19647330122374,East Los Angeles Renaissance Academy at Esteban E. Torres High No. 2,high,355,89.8592,8.5366,14.6341,1742,21421,23163,48.0,45.12,52.0121,55.1536,-10.0336,-1.2719,below par,19.4793,23.8111,secondary|midFRPM,68,17.0312,par,False
level,ela,19647330112037,East Valley Senior High,high,558,96.2366,16.7939,19.8473,3643,23891,27534,48.31,44.27,43.4724,44.3233,-0.0533,-0.0068,par,16.0783,16.0977,secondary|highFRPM,62,13.8786,par,False
level,ela,19647336016844,Eastman Avenue Elementary,elementary,545,96.3303,30.855,12.2677,3507,25500,29007,18.28,31.23,34.2451,33.5928,-2.3628,-0.2995,par,10.7664,11.5809,elem|highFRPM,155,10.9768,par,False
level,ela,19647330117051,Edward R. Roybal Learning Center,high,1130,93.8938,12.7413,13.1274,2814,24036,26850,45.25,56.76,50.1344,48.4537,8.3063,1.0529,above par,21.1397,18.0461,secondary|midFRPM,68,17.0312,above par,False
level,ela,19647336061527,Edwin Markham Middle,middle,618,98.3819,19.3012,19.6339,3083,27723,30806,14.92,18.3,30.7218,30.2023,-11.9023,-1.5087,below par,5.9404,9.804,secondary|highFRPM,62,13.8786,below par,False
level,ela,19647336016851,El Dorado Avenue Elementary,elementary,364,95.6044,25.0,23.5714,4002,26877,30879,38.46,31.43,31.8651,32.716,-1.286,-0.163,par,10.1784,10.5949,elem|highFRPM,155,10.9768,par,False
level,ela,19647336016869,El Oro Way Charter for Enriched Studies,elementary,434,42.6267,10.9524,6.1905,1105,19520,20625,57.21,55.71,69.5431,70.0023,-14.2923,-1.8117,below par,27.0109,33.9405,elem|lowFRPM,170,24.1594,par,False
level,ela,19647336016877,El Sereno Elementary,elementary,222,94.5946,16.5354,21.2598,3756,28987,32743,41.41,42.52,36.8229,37.7013,4.8187,0.6108,above par,12.986,11.5143,elem|midFRPM,149,12.5733,par,False
level,ela,19647336068431,El Sereno Middle,middle,857,91.832,6.6502,19.0887,2644,24692,27336,43.1,45.94,40.132,39.9302,6.0098,0.7618,above par,16.8057,14.6072,secondary|midFRPM,68,17.0312,par,False
level,ela,19647336016885,Elizabeth Learning Center,k12,1257,97.5338,15.6863,9.1503,2547,21845,24392,31.56,35.46,37.4971,37.287,-1.827,-0.2316,par,14.5376,15.2866,secondary|highFRPM,62,13.8786,par,False
level,ela,19647336118186,Ellen Ochoa Learning Center,elementary,1052,96.5779,22.0588,16.4439,3022,23756,26778,31.38,37.57,37.1048,36.2373,1.3327,0.1689,par,14.0302,13.5325,elem|highFRPM,155,10.9768,par,False
level,ela,19647336016893,Elysian Heights ES Arts Magnet,elementary,401,40.399,3.8043,14.1304,1314,19999,21313,49.7,60.33,70.2647,71.4299,-11.0999,-1.407,below par,28.3067,33.5147,elem|lowFRPM,170,24.1594,above par,False
level,ela,19647336016901,Emelita Street Elementary,elementary,275,70.9091,20.0,27.6923,2746,23781,26527,46.21,41.54,42.8693,45.8267,-4.2867,-0.5434,below par,15.6595,17.2755,elem|lowFRPM,170,24.1594,below par,False
level,ela,19647336057988,Emerson Community Charter,middle,454,57.9295,6.4516,14.2857,2023,24157,26180,51.84,60.14,56.5015,56.2925,3.8475,0.4877,par,22.9717,21.5021,secondary|lowFRPM,47,27.2509,below par,False
level,ela,19647330117036,Enadia Way Technology Charter,elementary,213,69.9531,10.0,18.8889,2413,26309,28722,48.96,40.0,51.6721,53.0463,-13.0463,-1.6537,below par,13.9266,18.4689,elem|lowFRPM,170,24.1594,below par,False
level,ela,19647336016935,Encino Charter Elementary,elementary,529,40.8318,4.7619,9.9567,1419,18301,19720,61.29,67.97,71.7722,72.474,-4.504,-0.5709,below par,34.4675,36.7515,elem|lowFRPM,170,24.1594,above par,False
level,ela,19647330122382,Engineering and Technology Academy at Esteban E. Torres High No. 3,high,263,97.7186,10.8434,24.0964,2724,24990,27714,24.19,46.99,42.9628,46.2926,0.6974,0.0884,par,16.9553,16.7037,secondary|highFRPM,62,13.8786,par,False
level,ela,19647336058093,Ernest Lawrence Middle,middle,1076,69.7026,8.8152,11.8483,2080,18745,20825,46.04,51.28,52.2284,52.5819,-1.3019,-0.165,par,24.6242,25.2494,secondary|lowFRPM,47,27.2509,par,False
level,ela,19647336016943,Erwin Elementary,elementary,580,91.3793,22.9682,15.9011,3316,22391,25707,38.01,48.06,38.5709,39.4916,8.5684,1.0861,above par,18.6953,15.3622,elem|midFRPM,149,12.5733,above par,False
level,ela,19647336016950,Eshelman Avenue Elementary,elementary,449,86.8597,11.2745,10.7843,2735,20706,23441,42.58,50.98,48.082,49.8364,1.1436,0.145,par,21.7482,21.2603,elem|midFRPM,149,12.5733,above par,False
level,ela,19647336110969,Esperanza Elementary,elementary,577,97.9203,42.623,15.4098,3273,22411,25684,28.72,33.44,26.6526,27.9965,5.4435,0.69,above par,13.0198,10.9003,elem|highFRPM,155,10.9768,par,False
level,ela,19647330122119,Estrella Elementary,elementary,453,97.7925,31.5789,11.8421,3191,26333,29524,24.58,22.37,33.2646,32.8812,-10.5112,-1.3324,below par,7.5769,11.1371,elem|highFRPM,155,10.9768,par,False
level,ela,19647336016968,Euclid Avenue Elementary,elementary,578,89.7924,15.1007,15.1007,3304,23133,26437,33.11,44.63,43.3309,43.6773,0.9527,0.1208,par,16.8816,16.5213,elem|midFRPM,149,12.5733,above par,False
level,ela,19647336016976,Evergreen Avenue Elementary,elementary,492,95.3252,21.7687,13.6054,3372,25159,28531,28.62,37.07,38.2706,38.1728,-1.1028,-0.1398,par,12.9929,13.3794,elem|midFRPM,149,12.5733,par,False
level,ela,19647336016984,Fair Avenue Elementary,elementary,516,96.124,21.9231,18.4615,3412,27077,30489,34.95,34.62,35.7314,35.2081,-0.5881,-0.0746,par,11.3549,11.5478,elem|highFRPM,155,10.9768,par,False
level,ela,19647336016992,Fairburn Avenue Elementary,elementary,466,24.6781,6.1111,10.0,1026,18119,19145,79.12,74.44,78.0312,78.5712,-4.1312,-0.5237,below par,38.8822,41.0401,elem|lowFRPM,170,24.1594,above par,False
level,ela,19647331932920,Fairfax Senior High,high,1495,87.3579,6.8047,11.5385,2585,21252,23837,56.45,54.14,56.7859,55.2473,-1.1073,-0.1404,par,22.7126,23.1771,secondary|midFRPM,68,17.0312,above par,False
level,ela,19647336017008,Farmdale Elementary,elementary,324,87.3457,14.2857,19.7279,3240,27018,30258,47.37,44.9,42.1207,42.6236,2.2764,0.2886,par,14.8391,14.0867,elem|midFRPM,149,12.5733,par,False
level,ela,19647330119966,Felicitas and Gonzalo Mendez High,high,694,94.5245,16.2338,12.3377,2954,23765,26719,48.31,44.16,48.0598,47.7007,-3.5407,-0.4488,par,16.5276,17.8527,secondary|midFRPM,68,17.0312,par,False
level,ela,19647336017024,Fernangeles Elementary,elementary,459,96.732,26.9565,25.6522,3711,25505,29216,25.43,26.96,29.7604,31.1191,-4.1591,-0.5272,below par,9.2278,10.6514,elem|highFRPM,155,10.9768,par,False
level,ela,19647336017032,Fifteenth Street Elementary,elementary,353,95.4674,23.3161,19.171,3166,22537,25703,27.04,32.12,34.6518,37.5082,-5.3882,-0.683,below par,12.4966,14.5929,elem|highFRPM,155,10.9768,par,False
level,ela,19647336017040,Fifty-Fourth Street Elementary,elementary,209,94.7368,0.0,19.6262,5944,34940,40884,52.83,46.73,45.234,42.0473,4.6827,0.5936,above par,11.4299,10.2845,elem|midFRPM,149,12.5733,par,False
level,ela,19647336017057,Fifty-Ninth Street Elementary,elementary,202,93.0693,25.2252,24.3243,4296,38385,42681,19.8,29.73,31.9209,28.6406,1.0894,0.1381,par,6.9656,6.7104,elem|midFRPM,149,12.5733,below par,False
level,ela,19647336017065,Fifty-Second Street Elementary,elementary,606,98.5149,29.4521,15.411,3709,27866,31575,25.74,19.18,32.6613,30.9786,-11.7986,-1.4956,below par,6.0744,9.8111,elem|highFRPM,155,10.9768,below par,False
level,ela,19647336017073,Figueroa Street Elementary,elementary,400,98.0,15.5251,16.895,3234,27794,31028,39.91,46.12,38.3699,38.1194,8.0006,1.0141,above par,14.864,12.2855,elem|highFRPM,155,10.9768,above par,False
level,ela,19647336017099,First Street Elementary,elementary,349,94.5559,15.493,23.4742,3518,23481,26999,35.79,51.64,36.8107,39.5086,12.1314,1.5378,above par,19.1266,14.6334,elem|midFRPM,149,12.5733,above par,False
level,ela,19647336089700,Fishburn Avenue Elementary,elementary,430,94.4186,23.2432,16.2162,3075,28115,31190,28.72,31.89,36.6659,35.9393,-4.0493,-0.5133,below par,10.2244,11.5227,elem|midFRPM,149,12.5733,par,False
level,ela,19647336017115,Fletcher Drive Elementary,elementary,156,97.4359,12.7907,22.093,4138,29760,33898,36.26,34.88,36.6156,38.0965,-3.2165,-0.4077,par,10.2897,11.2386,elem|highFRPM,155,10.9768,par,False
level,ela,19647336017123,Florence Avenue Elementary,elementary,489,97.3415,17.0213,16.5957,3403,25583,28986,32.54,44.68,38.2916,38.4279,6.2521,0.7925,above par,15.4143,13.2574,elem|highFRPM,155,10.9768,above par,False
level,ela,19647336018527,Florence Griffith Joyner Elementary,elementary,399,99.4987,21.7617,17.0984,3933,31027,34960,14.95,24.35,34.6785,32.6872,-8.3372,-1.0568,below par,6.9651,9.3499,elem|highFRPM,155,10.9768,below par,False
level,ela,19647336058192,Florence Nightingale Middle,middle,773,87.3221,8.3671,16.3293,2376,23896,26272,39.67,44.8,42.4136,42.4473,2.3527,0.2982,par,17.0524,16.1569,secondary|midFRPM,68,17.0312,par,False
level,ela,19647336017131,Ford Boulevard Elementary,elementary,722,96.1219,23.6559,21.2366,3432,24856,28288,32.44,43.82,34.0226,34.0174,9.8026,1.2426,above par,15.4907,12.0254,elem|highFRPM,155,10.9768,above par,False
level,ela,19647336017149,Forty-Ninth Street Elementary,elementary,491,97.3523,33.3333,9.6491,3791,25169,28960,21.01,29.39,33.6901,33.0815,-3.6915,-0.4679,par,10.1485,11.4232,elem|highFRPM,155,10.9768,par,False
level,ela,19647336017156,Forty-Second Street Elementary,elementary,215,89.3023,9.375,15.625,5283,36513,41796,18.95,27.08,44.9933,40.596,-13.516,-1.7133,below par,6.4791,9.7129,elem|midFRPM,149,12.5733,below par,False
level,ela,19647336061451,Foshay Learning Center,k12,1530,84.7059,12.2112,9.901,2256,18758,21014,39.9,45.54,44.601,44.9304,0.6096,0.0773,par,21.6713,21.3812,secondary|lowFRPM,47,27.2509,below par,False
level,ela,19647336017164,Fourth Street Elementary,elementary,303,90.7591,20.5357,27.2321,4279,32329,36608,35.91,29.91,34.2633,33.035,-3.125,-0.3961,par,8.1703,9.024,elem|midFRPM,149,12.5733,below par,False
level,ela,19647336058291,Francisco Sepulveda Middle,middle,1052,93.9163,17.9487,15.5897,2898,22112,25010,22.17,26.87,35.6618,35.7787,-8.9087,-1.1293,below par,10.7437,14.3057,secondary|midFRPM,68,17.0312,below par,False
level,ela,19647330111971,Frank del Olmo Elementary,elementary,456,97.807,31.8777,17.4672,3473,22451,25924,35.51,40.61,30.6138,32.6443,7.9657,1.0097,above par,15.665,12.5923,elem|highFRPM,155,10.9768,above par,False
level,ela,19647336017172,Franklin Avenue Elementary,elementary,387,25.5814,0.0,7.9787,1223,18934,20157,80.22,85.11,81.2325,81.5321,3.5779,0.4535,par,42.2235,40.4485,elem|lowFRPM,170,24.1594,above par,False
level,ela,19647336017180,Fries Avenue Elementary,elementary,325,90.1538,24.8175,27.7372,4705,26316,31021,22.44,25.55,32.3529,33.6865,-8.1365,-1.0314,below par,8.2364,10.8593,elem|midFRPM,149,12.5733,below par,False
level,ela,19647336017198,Fullbright Avenue Elementary,elementary,321,91.2773,34.1176,14.1176,3292,23233,26525,29.88,28.82,33.5371,35.4958,-6.6758,-0.8462,below par,10.8652,13.382,elem|midFRPM,149,12.5733,par,False
level,ela,19647336017206,Garden Grove Elementary,elementary,306,94.1176,25.641,19.2308,2490,25902,28392,48.32,47.44,33.9689,35.8716,11.5684,1.4664,above par,16.7089,12.6344,elem|midFRPM,149,12.5733,above par,False
level,ela,19647336017214,Gardena Elementary,elementary,398,95.2261,28.7736,10.8491,3128,21105,24233,31.47,33.96,36.018,38.2548,-4.2948,-0.5444,below par,14.0139,15.7863,elem|midFRPM,149,12.5733,par,False
level,ela,19647331933241,Gardena Senior High,high,1343,93.522,7.8078,12.3123,2865,22692,25557,27.86,46.25,53.1676,51.4935,-5.2435,-0.6647,below par,18.0968,20.1485,secondary|midFRPM,68,17.0312,par,False
level,ela,19647336017222,Gardner Street Elementary,elementary,361,76.1773,20.8333,5.9524,2152,24669,26821,46.67,49.4,50.16,49.8161,-0.4161,-0.0527,par,18.4184,18.5735,elem|lowFRPM,170,24.1594,below par,False
level,ela,19647336017230,Garvanza Elementary School Technology and Leadership Magnet,elementary,239,81.59,8.8235,16.6667,3660,34664,38324,49.12,48.04,48.2621,44.999,3.041,0.3855,par,12.5352,11.7417,elem|lowFRPM,170,24.1594,below par,False
level,ela,19647336061584,Gaspar De Portola Charter Middle,middle,1461,49.0075,5.2212,15.446,1560,19658,21218,65.8,69.4,61.6625,60.4178,8.9822,1.1386,above par,32.7081,28.4748,secondary|lowFRPM,47,27.2509,above par,False
level,ela,19647336017248,Gates Street Elementary,elementary,450,93.7778,22.0339,21.6102,3261,24757,28018,39.11,40.25,35.1562,36.4627,3.7873,0.4801,par,14.3658,13.014,elem|midFRPM,149,12.5733,par,False
level,ela,19647336017255,Gault Street Elementary,elementary,298,87.9195,26.7123,23.9726,2374,22039,24413,40.6,39.04,34.0234,38.2019,0.8381,0.1062,par,15.9915,15.6482,elem|midFRPM,149,12.5733,par,False
level,ela,19647330111955,George De La Torre Jr. Elementary,elementary,598,98.495,22.7528,17.1348,3708,23085,26793,23.18,30.9,35.0497,35.867,-4.967,-0.6296,below par,11.5329,13.3867,elem|highFRPM,155,10.9768,par,False
level,ela,19647336061477,George Ellery Hale Charter Academy,middle,1693,50.9746,3.7313,9.6393,1069,17263,18332,61.22,65.17,64.2511,63.3658,1.8042,0.2287,par,35.5499,34.5657,secondary|lowFRPM,47,27.2509,above par,False
level,ela,19647336058242,George K. Porter Middle,middle,1009,74.5292,3.5971,12.9496,2365,20022,22387,57.72,62.28,52.0287,52.1392,10.1408,1.2854,above par,27.8197,23.2899,secondary|lowFRPM,47,27.2509,par,False
level,ela,19647336057921,George Washington Carver Middle,middle,635,98.2677,24.6935,17.1629,3100,26172,29272,19.49,28.37,29.3566,29.2279,-0.8579,-0.1087,par,9.6919,9.9849,secondary|highFRPM,62,13.8786,below par,False
level,ela,19647331939305,George Washington Preparatory High,high,738,97.1545,13.8365,16.3522,3199,29758,32957,21.8,20.13,46.3164,43.4045,-23.2745,-2.9503,below par,6.108,13.17,secondary|highFRPM,62,13.8786,below par,False
level,ela,19647330126425,"Gerald A. Lawson Academy of the Arts, Mathematics and Science",elementary,480,98.5417,34.4262,11.8852,3482,22764,26246,19.51,25.82,31.6341,32.7342,-6.9142,-0.8764,below par,9.8377,12.4721,elem|highFRPM,155,10.9768,par,False
level,ela,19647336017263,Germain Academy For Academic Achievement,elementary,564,68.9716,6.8273,10.8434,1994,22813,24807,43.77,44.58,58.1931,57.7818,-13.2018,-1.6735,below par,17.9707,23.2925,elem|lowFRPM,170,24.1594,below par,False
level,ela,19647336019244,Gil Garcetti Learning Academy,elementary,519,98.2659,28.8973,14.4487,2903,24084,26987,41.22,40.3,33.3013,34.1023,6.1977,0.7856,above par,14.9331,12.6366,elem|highFRPM,155,10.9768,above par,False
level,ela,19647330133603,"Girls Academic Leadership Academy, Dr. Michelle King School for Sci, Tech, Eng and Math",k12,720,56.6667,0.0,5.2885,1787,22581,24368,88.31,89.18,63.8769,62.5732,26.6068,3.3727,above par,36.5972,25.6784,secondary|lowFRPM,47,27.2509,above par,False
level,ela,19647336017271,"Glassell Park ES Science, Technology, Engineering, Arts and Math Magnet",elementary,234,93.1624,12.7273,27.2727,3594,32243,35837,26.79,35.45,36.6166,36.5162,-1.0662,-0.1352,par,9.892,10.1895,elem|midFRPM,149,12.5733,par,False
level,ela,19647336017289,Gledhill Street Elementary,elementary,373,78.8204,13.7255,23.5294,3280,30817,34097,41.94,44.44,44.5528,42.8844,1.5556,0.1972,par,13.0334,12.5772,elem|lowFRPM,170,24.1594,below par,False
level,ela,19647336017297,Glen Alta Elementary,elementary,112,97.3214,11.4286,17.1429,3928,37801,41729,51.25,57.14,39.1756,37.1467,19.9933,2.5343,above par,13.6931,8.9019,elem|highFRPM,155,10.9768,par,False
level,ela,19647336017305,Glenfeliz Boulevard Elementary,elementary,189,74.0741,0.0,16.4706,2746,32728,35474,41.84,54.12,55.5513,53.8299,0.2901,0.0368,par,15.2562,15.1745,elem|lowFRPM,170,24.1594,below par,False
level,ela,19647336066294,Glenn Hammond Curtiss Middle,middle,341,89.7361,4.0123,19.7531,3396,32336,35732,33.04,34.88,41.0441,39.2267,-4.3467,-0.551,below par,9.7616,10.978,secondary|midFRPM,68,17.0312,below par,False
level,ela,19647336017313,Glenwood Elementary,elementary,189,92.0635,32.4324,20.2703,6731,34522,41253,26.67,28.38,30.6975,27.7798,0.6002,0.0761,par,6.8795,6.734,elem|midFRPM,149,12.5733,below par,False
level,ela,19647336017321,Graham Elementary,elementary,522,97.7011,30.4029,15.0183,3195,25980,29175,20.5,21.98,32.5886,32.376,-10.396,-1.3178,below par,7.5338,11.0972,elem|highFRPM,155,10.9768,below par,False
level,ela,19647336017339,Granada Elementary,elementary,370,92.973,16.6667,13.3333,2491,24453,26944,42.11,31.33,41.5326,42.7733,-11.4433,-1.4506,below par,11.6278,15.8749,elem|midFRPM,149,12.5733,par,False
level,ela,19647336017347,Grand View Boulevard Elementary,elementary,510,65.4902,7.9812,12.6761,2474,24037,26511,53.66,60.09,58.2453,57.3483,2.7417,0.3475,par,22.6661,21.6319,elem|lowFRPM,170,24.1594,par,False
level,ela,19647336017354,Grant Elementary,elementary,365,93.9726,28.5714,20.2765,3844,30568,34412,39.52,42.86,32.364,31.0455,11.8145,1.4976,above par,12.455,9.0217,elem|midFRPM,149,12.5733,par,False
level,ela,19647336017362,Grape Street Elementary,elementary,333,97.8979,14.9701,12.5749,4246,26982,31228,20.34,30.54,40.4151,40.0127,-9.4727,-1.2008,below par,9.7797,12.8131,elem|highFRPM,155,10.9768,par,False
level,ela,19647336113419,Gratts Learning Academy for Young Scholars (GLAYS),elementary,408,96.3235,33.9623,12.7358,3352,27352,30704,36.68,27.36,32.2734,31.6577,-4.2977,-0.5448,below par,8.9109,10.3106,elem|highFRPM,155,10.9768,par,False
level,ela,19647336017388,Gridley-Montañez Dual Language Academy,elementary,454,85.9031,18.8482,8.377,3306,29581,32887,22.63,26.18,46.0094,42.9011,-16.7211,-2.1196,below par,7.9606,13.045,elem|lowFRPM,170,24.1594,below par,False
level,ela,19647336017396,Griffin Avenue Elementary,elementary,287,91.9861,17.6923,17.6923,3393,26553,29946,40.14,41.54,39.2716,40.2469,1.2931,0.1639,par,13.8716,13.4398,elem|midFRPM,149,12.5733,par,False
level,ela,19647331931864,Grover Cleveland Charter High,high,2719,71.4969,6.8182,10.8766,2082,18893,20975,65.72,65.42,64.6106,61.9924,3.4276,0.4345,par,31.1895,29.5554,secondary|lowFRPM,47,27.2509,above par,False
level,ela,19647336017404,Gulf Avenue Elementary,elementary,634,92.5868,19.0635,17.3913,2887,20195,23082,33.0,38.8,39.3144,41.476,-2.676,-0.3392,par,16.8096,17.969,elem|midFRPM,149,12.5733,above par,False
level,ela,19647336017412,Haddon Avenue Elementary,elementary,590,90.678,23.2877,7.8767,3809,25838,29647,31.39,30.14,42.3244,40.2775,-10.1375,-1.285,below par,10.1663,13.5857,elem|midFRPM,149,12.5733,par,False
level,ela,19647336017420,Halldale Elementary,elementary,425,86.1176,9.6257,16.5775,2574,24787,27361,42.13,56.15,46.5422,47.2296,8.9204,1.1307,above par,20.5219,17.2617,elem|lowFRPM,170,24.1594,below par,False
level,ela,19647336017438,Hamlin Charter Academy,elementary,314,68.4713,13.6,18.4,2805,30362,33167,48.39,36.8,51.2375,49.3313,-12.5313,-1.5885,below par,11.0954,14.8736,elem|lowFRPM,170,24.1594,below par,False
level,ela,19647336017453,Hancock Park Elementary,elementary,589,55.5178,7.0352,14.0704,1458,19852,21310,65.53,64.32,62.5682,63.465,0.855,0.1084,par,30.183,29.7818,elem|lowFRPM,170,24.1594,above par,False
level,ela,19647336017461,Harbor City Elementary,elementary,420,92.381,16.6667,16.1905,2790,23475,26265,38.34,42.86,40.6467,42.2011,0.6589,0.0835,par,16.3183,16.0674,elem|midFRPM,149,12.5733,above par,False
level,ela,19647336017479,Harding Street Elementary,elementary,357,77.8711,12.426,22.4852,2280,24605,26885,55.24,49.7,46.0011,47.7315,1.9685,0.2495,par,18.4861,17.7539,elem|lowFRPM,170,24.1594,below par,False
level,ela,19647330106955,Harmony Elementary,elementary,409,97.555,34.1837,17.3469,4816,26576,31392,20.47,25.0,29.5766,29.2577,-4.2577,-0.5397,below par,7.9638,9.3201,elem|highFRPM,155,10.9768,par,False
level,ela,19647336017487,Harrison Street Elementary,elementary,229,95.1965,15.534,13.5922,6454,38543,44997,30.3,24.27,40.4868,34.4624,-10.1924,-1.292,below par,5.3937,7.6588,elem|midFRPM,149,12.5733,below par,False
level,ela,19647330126581,Harry Bridges Span,elementary,1171,90.7771,13.5458,11.8194,2687,18648,21335,45.35,49.93,45.8283,46.3732,3.5568,0.4509,par,23.4029,21.7357,elem|midFRPM,149,12.5733,above par,False
level,ela,19647336017495,Hart Street Elementary,elementary,699,96.5665,41.9355,20.0,2994,21847,24841,26.4,23.55,25.7173,27.4529,-3.9029,-0.4947,par,9.4803,11.0515,elem|highFRPM,155,10.9768,par,False
level,ela,19647330109314,Harvard Elementary,elementary,249,95.1807,23.5294,22.6891,3686,29054,32740,42.24,33.61,32.7461,33.575,0.035,0.0044,par,10.2657,10.2551,elem|midFRPM,149,12.5733,par,False
level,ela,19647336017503,Haskell Elementary Science Technology Engineering Arts And Mathematics (STEAM) Magnet,elementary,560,74.8214,8.1851,15.6584,2026,20719,22745,53.57,51.96,52.8445,54.3371,-2.3771,-0.3013,par,22.8446,23.8897,elem|lowFRPM,170,24.1594,par,False
level,ela,19647336017511,Hawaiian Avenue Elementary,elementary,455,96.4835,21.4612,17.8082,3279,28522,31801,23.81,25.11,35.9544,35.0694,-9.9594,-1.2625,below par,7.896,11.0278,elem|highFRPM,155,10.9768,par,False
level,ela,19647336017529,Haynes Charter for Enriched Studies,elementary,381,42.7822,4.908,17.1779,1428,21341,22769,60.59,65.64,67.2914,68.396,-2.756,-0.3493,par,28.8287,30.0391,elem|lowFRPM,170,24.1594,above par,False
level,ela,19647336017537,Hazeltine Avenue Elementary,elementary,621,94.2029,35.5172,16.8966,3272,20947,24219,33.78,35.52,31.0411,32.8453,2.6747,0.339,par,14.6662,13.5618,elem|midFRPM,149,12.5733,par,False
level,ela,19647330117069,Helen Bernstein High,high,703,93.1721,32.7957,11.2903,4266,25874,30140,27.49,33.33,41.3115,39.1941,-5.8641,-0.7433,below par,11.0584,13.004,secondary|midFRPM,68,17.0312,below par,False
level,ela,19647336017545,Heliotrope Avenue Elementary,elementary,462,95.671,18.2692,19.2308,3228,25297,28525,40.27,47.12,37.1967,37.96,9.16,1.1611,above par,16.5188,13.3076,elem|highFRPM,155,10.9768,above par,False
level,ela,19647336061469,Henry T. Gage Middle,middle,1139,95.1712,16.1439,15.5904,2729,22060,24789,35.74,32.1,36.0482,36.1081,-4.0081,-0.5081,below par,12.9493,14.5662,secondary|midFRPM,68,17.0312,below par,False
level,ela,19647336017552,Herrick Avenue Elementary,elementary,379,87.3351,16.8539,22.4719,2981,26339,29320,34.62,33.15,39.8502,40.7437,-7.5937,-0.9626,below par,11.3063,13.8962,elem|midFRPM,149,12.5733,par,False
level,ela,19647330112060,Hesby Oaks Leadership Academy,elementary,494,22.2672,1.791,11.6418,1398,19073,20471,76.9,78.51,80.4499,80.2519,-1.7419,-0.2208,par,38.3518,39.2027,elem|lowFRPM,170,24.1594,above par,False
level,ela,19647336017586,Hillcrest Drive Elementary,elementary,486,97.3251,23.5043,14.9573,3577,30340,33917,18.11,23.08,35.963,33.5868,-10.5068,-1.3318,below par,6.8048,9.9026,elem|highFRPM,155,10.9768,below par,False
level,ela,19647336017081,Hillery T. Broadous Elementary,elementary,343,96.5015,31.7365,21.5569,4368,33366,37734,33.88,35.33,29.1312,26.6867,8.6433,1.0956,above par,9.3629,7.0723,elem|highFRPM,155,10.9768,par,False
level,ela,19647336017594,Hillside Elementary,elementary,92,91.3043,16.6667,11.9048,8190,51755,59945,30.0,40.48,41.4618,30.293,10.187,1.2913,above par,6.7529,5.0535,elem|midFRPM,149,12.5733,below par,False
level,ela,19647336017602,Hobart Boulevard Elementary,elementary,420,98.0952,33.6406,20.2765,3670,24057,27727,26.38,27.65,28.3174,30.0758,-2.4258,-0.3075,par,9.9722,10.8471,elem|highFRPM,155,10.9768,par,False
level,ela,19647336058051,Hollenbeck Middle,middle,927,96.0086,9.5346,16.2316,2932,23007,25939,39.35,41.2,38.3045,38.4352,2.7648,0.3505,par,15.8834,14.8175,secondary|highFRPM,62,13.8786,par,False
level,ela,19647330109298,Hollywood Elementary,elementary,175,94.2857,13.5135,36.4865,5959,41521,47480,31.08,31.08,31.3441,27.6259,3.4541,0.4378,par,6.5459,5.8184,elem|midFRPM,149,12.5733,below par,False
level,ela,19647331934033,Hollywood Senior High,high,1025,92.6829,5.2632,15.3509,3075,24558,27633,58.0,74.56,53.1001,51.4671,23.0929,2.9272,above par,26.9822,18.6252,secondary|midFRPM,68,17.0312,above par,False
level,ela,19647336017610,Holmes Avenue Elementary,elementary,125,100.0,17.4603,23.8095,8091,56248,64339,12.5,23.81,32.298,20.1078,3.7022,0.4693,par,3.7007,3.1253,elem|highFRPM,155,10.9768,below par,False
level,ela,19647336017628,Hooper Avenue Elementary,elementary,608,98.8487,33.8279,13.3531,3830,23996,27826,19.69,25.82,31.3716,31.2742,-5.4542,-0.6914,below par,9.2791,11.2392,elem|highFRPM,155,10.9768,par,False
level,ela,19647336017636,Hoover Street Elementary,elementary,551,98.0036,22.7451,21.5686,3004,20794,23798,70.46,69.8,33.2047,36.2063,33.5937,4.2583,above par,29.3302,15.214,elem|highFRPM,155,10.9768,above par,False
level,ela,19647330109421,Hope Street Elementary,elementary,338,93.1953,11.4094,15.4362,2614,23882,26496,31.29,32.21,42.8858,44.8181,-12.6081,-1.5982,below par,12.1566,16.915,elem|midFRPM,149,12.5733,par,False
level,ela,19647330135681,Horace Mann UCLA Community,k12,440,95.0,13.1579,27.6316,3462,33588,37050,9.95,21.38,30.4656,29.1233,-7.7433,-0.9815,below par,5.7706,7.8605,secondary|midFRPM,68,17.0312,below par,False
level,ela,19647336017644,Hubbard Street Elementary,elementary,535,88.5981,15.4676,14.3885,2191,20466,22657,41.91,37.77,43.9166,46.1422,-8.3722,-1.0613,below par,16.6703,20.3656,elem|midFRPM,149,12.5733,above par,False
level,ela,19647336057871,Hubert Howe Bancroft Middle,middle,457,91.4661,16.21,17.5799,3408,28414,31822,30.71,36.76,35.8029,34.9848,1.7752,0.225,par,11.5518,10.9939,secondary|midFRPM,68,17.0312,below par,False
level,ela,19647330122358,Humanitas Academy of Art and Technology at Esteban E. Torres High No. 4,high,398,95.4774,13.1313,21.2121,1713,18939,20652,46.99,45.45,44.5749,49.7423,-4.2923,-0.5441,below par,22.0076,24.086,secondary|highFRPM,62,13.8786,above par,False
level,ela,19647330127787,Humanities and Arts (HARTS) Academy of Los Angeles,high,296,80.7432,0.0,21.3115,1298,20360,21658,52.87,59.02,56.8512,61.523,-2.503,-0.3173,par,27.2509,28.4066,secondary|lowFRPM,47,27.2509,par,False
level,ela,19647336017651,Humphreys Avenue Elementary,elementary,364,94.5055,26.7442,16.2791,3605,25513,29118,41.67,47.09,34.7752,35.5262,11.5638,1.4658,above par,16.1721,12.2008,elem|midFRPM,149,12.5733,above par,False
level,ela,19647336017669,Huntington Drive Elementary,elementary,282,92.9078,13.1387,31.3869,3395,33805,37200,25.0,32.85,34.8901,34.1375,-1.2875,-0.1632,par,8.8306,9.1767,elem|midFRPM,149,12.5733,below par,False
level,ela,19647330111997,Huntington Park Elementary,elementary,261,95.4023,18.2432,17.5676,3527,26854,30381,27.81,24.32,37.479,38.6544,-14.3344,-1.817,below par,8.005,12.7232,elem|midFRPM,149,12.5733,below par,False
level,ela,19647331934157,Huntington Park Senior High,high,1479,95.1318,15.0943,10.6918,2700,21381,24081,47.4,46.54,49.8481,48.5553,-2.0153,-0.2555,par,19.3264,20.1633,secondary|midFRPM,68,17.0312,par,False
level,ela,19647336114722,Independence Elementary,elementary,418,94.7368,15.8879,14.0187,3120,28019,31139,35.65,39.25,40.9509,40.0154,-0.7654,-0.097,par,12.6048,12.8506,elem|midFRPM,149,12.5733,par,False
level,ela,19647330107011,International Studies Learning Center at Legacy High School Complex,k12,867,86.1592,5.2124,11.9691,1685,17923,19608,43.88,51.74,45.7622,48.5618,3.1782,0.4029,par,26.3872,24.7663,secondary|lowFRPM,47,27.2509,par,False
level,ela,19647336017685,Ivanhoe Elementary,elementary,426,17.8404,0.0,10.6599,1066,17935,19001,77.06,82.23,83.5117,84.0642,-1.8342,-0.2325,par,43.2767,44.242,elem|lowFRPM,170,24.1594,above par,False
level,ela,19647330122168,Jaime Escalante Elementary,elementary,453,95.1435,24.1379,11.2069,3935,29429,33364,50.21,46.12,38.2164,35.7259,10.3941,1.3176,above par,13.8233,10.7079,elem|midFRPM,149,12.5733,par,False
level,ela,19647331933381,James A. Garfield Senior High,high,2237,92.8029,5.5336,15.8103,2402,19960,22362,62.48,62.25,53.5205,52.4034,9.8466,1.2481,above par,27.8374,23.4341,secondary|midFRPM,68,17.0312,above par,False
level,ela,19647336061519,James Madison Middle,middle,1148,95.9059,21.2746,12.8397,2880,22535,25415,29.54,32.43,34.5411,34.0099,-1.5799,-0.2003,par,12.7602,13.3818,secondary|highFRPM,62,13.8786,par,False
level,ela,19647331935865,James Monroe High,high,1905,94.0682,17.3121,18.2232,2725,21721,24446,38.91,34.85,46.1654,44.9198,-10.0698,-1.2764,below par,14.2559,18.3751,secondary|midFRPM,68,17.0312,par,False
level,ela,19647336058325,John A. Sutter Middle,middle,763,92.3984,20.8976,18.2328,3307,23424,26731,25.13,27.49,33.4208,33.842,-6.352,-0.8052,below par,10.2839,12.6602,secondary|midFRPM,68,17.0312,below par,False
level,ela,19647336057855,John Adams Middle,middle,676,96.4497,14.8092,13.1298,2894,23509,26403,39.57,46.26,36.6803,37.1045,9.1555,1.1605,above par,17.5207,14.0531,secondary|highFRPM,62,13.8786,above par,False
level,ela,19647336018196,John B. Monlux Elementary,elementary,660,87.7273,16.9381,6.5147,2547,21506,24053,51.97,56.03,47.3326,47.3173,8.7127,1.1044,above par,23.2944,19.6721,elem|midFRPM,149,12.5733,above par,False
level,ela,19647336061410,John Burroughs Middle,middle,1302,79.9539,5.7785,6.6613,2173,17421,19594,62.21,63.32,51.7019,51.9755,11.3445,1.438,above par,32.316,26.5262,secondary|lowFRPM,47,27.2509,above par,False
level,ela,19647331933118,John C. Fremont Senior High,high,1889,97.459,17.5926,10.1852,2564,20663,23227,37.44,32.41,48.1322,46.6657,-14.2557,-1.807,below par,13.9536,20.0911,secondary|highFRPM,62,13.8786,par,False
level,ela,19647331939941,John F. Kennedy High,high,2152,72.026,3.2389,10.7287,2087,20286,22373,58.69,59.51,65.8942,63.2105,-3.7005,-0.4691,par,26.599,28.253,secondary|lowFRPM,47,27.2509,par,False
level,ela,19647331932987,John H. Francis Polytechnic,high,2124,93.5499,9.4923,11.0375,2561,21228,23789,43.66,45.03,53.4021,51.2096,-6.1796,-0.7833,below par,18.9289,21.5266,secondary|midFRPM,68,17.0312,par,False
level,ela,19647330114199,John H. Liechty Middle,middle,748,98.262,27.9202,20.0855,3247,24803,28050,25.06,24.36,26.7006,27.1074,-2.7474,-0.3483,par,8.6845,9.664,secondary|highFRPM,62,13.8786,below par,False
level,ela,19647331935568,John Marshall Senior High,high,1842,71.1726,3.8554,14.6988,2128,19690,21818,63.61,62.89,64.0432,62.4966,0.3934,0.0499,par,28.8248,28.6445,secondary|lowFRPM,47,27.2509,par,False
level,ela,19647336058176,John Muir Middle,middle,624,98.7179,22.0395,14.4737,3411,25919,29330,17.27,25.0,31.5952,31.1548,-6.1548,-0.7802,below par,8.5237,10.6222,secondary|highFRPM,62,13.8786,below par,False
level,ela,19647330109355,John W. Mack Elementary,elementary,283,96.4664,23.8095,11.9048,4709,32550,37259,17.78,23.02,36.9975,34.0392,-11.0192,-1.3968,below par,6.1784,9.1358,elem|highFRPM,155,10.9768,below par,False
level,ela,19647336061535,"Johnnie Cochran, Jr., Middle",middle,441,94.5578,22.276,28.0872,3736,32469,36205,20.04,21.55,26.865,25.5332,-3.9832,-0.5049,below par,5.9522,7.0524,secondary|midFRPM,68,17.0312,below par,False
level,ela,19647331934454,Jordan High,high,797,97.867,6.5041,18.6992,3051,24841,27892,26.4,55.28,48.4992,48.0915,7.1885,0.9112,above par,19.8193,17.242,secondary|highFRPM,62,13.8786,above par,False
level,ela,19647336061501,Joseph Le Conte Middle,middle,627,94.7368,20.8197,17.7049,3245,23149,26394,25.76,28.52,32.4706,33.6262,-5.1062,-0.6473,below par,10.8055,12.7401,secondary|midFRPM,68,17.0312,below par,False
level,ela,19647330122176,Judith F. Baca Arts Academy,elementary,495,97.7778,22.7799,16.2162,3290,24135,27425,30.1,32.82,35.5646,36.4336,-3.6136,-0.4581,par,11.9672,13.2848,elem|highFRPM,155,10.9768,par,False
level,ela,19647330122192,Julie Korenstein Elementary,elementary,311,96.463,38.7324,11.2676,3658,25067,28725,27.34,25.35,30.3356,31.2541,-5.9041,-0.7484,below par,8.8251,10.8805,elem|highFRPM,155,10.9768,par,False
level,ela,19647336017693,Justice Street Academy Charter,elementary,430,41.8605,3.6842,14.7368,1244,19646,20890,78.38,72.63,69.4854,70.8136,1.8164,0.2302,par,34.7678,33.8983,elem|lowFRPM,170,24.1594,above par,False
level,ela,19647330135707,Katherine Johnson STEM Academy,middle,133,70.6767,6.015,22.5564,1543,27088,28631,26.15,40.6,46.1897,49.7268,-9.1268,-1.1569,below par,14.1804,17.3682,secondary|lowFRPM,47,27.2509,below par,False
level,ela,19647336017701,Kenter Canyon Elementary Charter,elementary,453,13.245,0.0,16.3158,1024,19000,20024,80.88,80.0,83.0557,83.4291,-3.4291,-0.4347,par,39.9521,41.6646,elem|lowFRPM,170,24.1594,above par,False
level,ela,19647336017719,Kentwood Elementary,elementary,352,30.3977,0.0,19.2,1987,23478,25465,68.42,81.6,74.0264,73.6558,7.9442,1.007,above par,32.044,28.9243,elem|lowFRPM,170,24.1594,above par,False
level,ela,19647336017727,Kester Avenue Elementary,elementary,886,46.9526,7.8049,13.6585,1544,18614,20158,73.89,77.8,66.546,66.4416,11.3584,1.4398,above par,38.5951,32.9604,elem|lowFRPM,170,24.1594,above par,False
level,ela,19647330109405,Kingsley Elementary,elementary,288,96.5278,37.4046,12.2137,3660,26295,29955,36.36,39.69,30.4327,31.0762,8.6138,1.0919,above par,13.2499,10.3743,elem|highFRPM,155,10.9768,par,False
level,ela,19647336017735,Kittridge Street Elementary,elementary,768,93.099,28.3333,10.8333,2315,18247,20562,28.53,42.5,37.8391,39.9771,2.5229,0.3198,par,20.6692,19.4422,elem|midFRPM,149,12.5733,above par,False
level,ela,19647336017743,Knollwood Preparatory Academy,elementary,381,61.6798,4.5161,20.0,1861,26438,28299,43.09,49.03,57.974,57.6935,-8.6635,-1.0982,below par,17.3257,20.3871,elem|lowFRPM,170,24.1594,below par,False
level,ela,19647336017750,La Salle Avenue Elementary,elementary,330,95.7576,10.596,16.5563,3476,28094,31570,24.09,30.46,41.6276,41.4434,-10.9834,-1.3922,below par,9.6484,13.1275,elem|highFRPM,155,10.9768,par,False
level,ela,19647336017768,Lanai Road Elementary,elementary,566,10.424,0.0,7.451,1222,18425,19647,79.53,84.71,88.4719,87.1939,-2.4839,-0.3149,par,43.116,44.3803,elem|lowFRPM,170,24.1594,above par,False
level,ela,19647336017776,Langdon Avenue Elementary,elementary,532,96.0526,27.1255,17.004,3526,24207,27733,22.13,25.1,33.9884,34.5609,-9.4609,-1.1993,below par,9.0506,12.462,elem|highFRPM,155,10.9768,par,False
level,ela,19647336017784,Lankershim Elementary,elementary,326,92.9448,37.3984,18.6992,2386,26899,29285,20.29,26.02,29.2324,30.4964,-4.4764,-0.5674,below par,8.8851,10.4136,elem|midFRPM,149,12.5733,below par,False
level,ela,19647336017792,Lassen Elementary,elementary,412,89.0777,27.1277,21.8085,2682,26366,29048,41.72,43.09,34.6221,35.4991,7.5909,0.9622,above par,14.8341,12.2208,elem|midFRPM,149,12.5733,par,False
level,ela,19647336017800,Latona Avenue Elementary,elementary,149,89.2617,10.8108,17.5676,2986,31679,34665,42.86,41.89,43.0879,43.3465,-1.4565,-0.1846,par,12.0842,12.5044,elem|midFRPM,149,12.5733,par,False
level,ela,19647336017826,Leapwood Avenue Elementary,elementary,222,72.0721,0.0,17.0213,2201,28435,30636,29.67,35.11,56.3449,56.49,-21.38,-2.7101,below par,11.4604,18.4391,elem|lowFRPM,170,24.1594,below par,False
level,ela,19647336017834,Leland Street Elementary,elementary,418,83.4928,8.5859,16.6667,2620,24098,26718,30.43,37.37,48.1211,49.0371,-11.6671,-1.4789,below par,13.9868,18.3536,elem|lowFRPM,170,24.1594,below par,False
level,ela,19647336017842,Lemay Street Elementary,elementary,334,91.9162,14.9351,22.7273,2947,28155,31102,36.49,50.0,38.5135,39.1302,10.8698,1.3779,above par,16.0761,12.5813,elem|midFRPM,149,12.5733,above par,False
level,ela,19647336019483,Lenicia B. Weemes Elementary,elementary,394,95.6853,16.2921,7.3034,4498,30377,34875,25.14,30.34,43.282,39.9243,-9.5843,-1.2149,below par,8.6996,11.4478,elem|highFRPM,155,10.9768,par,False
level,ela,19647336110266,Leo Politi Elementary,elementary,504,94.4444,35.8025,21.3992,4507,28199,32706,21.51,30.45,28.5764,27.4304,3.0196,0.3828,par,9.3102,8.387,elem|midFRPM,149,12.5733,par,False
level,ela,19647336017859,Liberty Boulevard Elementary,elementary,410,96.8293,20.4301,23.1183,3050,26005,29055,34.8,37.1,33.8133,35.195,1.905,0.2415,par,12.7689,12.1132,elem|highFRPM,155,10.9768,par,False
level,ela,19647336017867,Liggett Street Elementary,elementary,550,91.2727,20.1681,20.1681,3177,23409,26586,37.2,43.7,37.9804,39.1248,4.5752,0.5799,above par,16.4372,14.7163,elem|midFRPM,149,12.5733,above par,False
level,ela,19647336017875,Lillian Street Elementary,elementary,302,94.702,24.6667,10.6667,3501,24899,28400,31.18,35.33,37.982,38.875,-3.545,-0.4494,par,12.4401,13.6884,elem|midFRPM,149,12.5733,par,False
level,ela,19647336017883,Limerick Avenue Elementary,elementary,656,94.9695,20.9524,15.2381,3687,21497,25184,42.45,49.52,38.3794,39.3024,10.2176,1.2952,above par,19.6633,15.6061,elem|midFRPM,149,12.5733,above par,False
level,ela,19647330126516,Linda Esperanza Marquez High A Huntington Park Institute of Applied Medicine,high,729,93.4156,4.6512,8.1395,3837,18619,22456,66.04,67.44,55.9358,56.8377,10.6023,1.3439,above par,30.0321,25.3107,secondary|midFRPM,68,17.0312,above par,False
level,ela,19647330126524,Linda Esperanza Marquez High B LIBRA Academy,high,615,94.3089,4.1379,7.5862,1668,17389,19057,68.28,66.21,55.8599,58.8211,7.3889,0.9366,above par,34.7431,30.8659,secondary|midFRPM,68,17.0312,above par,False
level,ela,19647330126532,Linda Esperanza Marquez High C School of Social Justice,high,541,95.0092,12.5,5.0,1992,17852,19844,50.42,55.0,52.6284,55.3259,-0.3259,-0.0413,par,27.7162,27.8804,secondary|midFRPM,68,17.0312,above par,False
level,ela,19647336017891,Lockhurst Drive Charter Elementary,elementary,438,31.7352,7.027,14.5946,1510,24754,26264,67.74,74.59,72.4063,70.6118,3.9782,0.5043,above par,28.4001,26.8854,elem|lowFRPM,170,24.1594,above par,False
level,ela,19647336017909,Lockwood Avenue Elementary,elementary,285,96.4912,30.4878,12.1951,3745,30691,34436,35.64,39.63,33.7116,32.1759,7.4541,0.9449,above par,11.5083,9.3437,elem|highFRPM,155,10.9768,par,False
level,ela,19647336017917,Logan Academy of Global Ecology,elementary,362,93.6464,19.3798,18.6047,3651,31941,35592,25.81,37.98,37.5831,35.4311,2.5489,0.3231,par,10.6709,9.9548,elem|midFRPM,149,12.5733,par,False
level,ela,19647336017925,Loma Vista Elementary,elementary,498,97.992,24.6914,18.5185,3443,24368,27811,40.0,44.86,33.5477,34.5247,10.3353,1.3101,above par,16.1303,12.414,elem|highFRPM,155,10.9768,above par,False
level,ela,19647336066278,Loren Miller Elementary,elementary,601,99.0017,31.746,13.0159,3473,24445,27918,26.84,27.94,32.4262,32.2665,-4.3265,-0.5484,below par,10.0079,11.5576,elem|highFRPM,155,10.9768,par,False
level,ela,19647336017941,Lorena Street Elementary,elementary,383,99.7389,27.3684,21.5789,3904,27211,31115,23.6,26.84,29.8852,30.4588,-3.6188,-0.4587,par,8.6261,9.7891,elem|highFRPM,155,10.9768,par,False
level,ela,19647336017958,Loreto Street Elementary,elementary,250,92.0,20.339,28.8136,3731,27053,30784,23.33,41.53,32.9108,35.2511,6.2789,0.7959,above par,13.4908,11.4511,elem|midFRPM,149,12.5733,par,False
level,ela,19647336017966,Lorne Street Elementary,elementary,372,70.9677,6.7073,19.5122,2186,23234,25420,44.89,51.83,53.0813,54.6585,-2.8285,-0.3585,par,20.3895,21.5022,elem|lowFRPM,170,24.1594,below par,False
level,ela,19647336115794,Los Angeles Academy Middle,middle,829,97.7081,20.0772,12.0978,3166,26564,29730,28.92,32.82,34.3154,32.5665,0.2535,0.0321,par,11.0394,10.9541,secondary|highFRPM,62,13.8786,par,False
level,ela,19647336111512,Los Angeles Elementary,elementary,406,95.5665,32.6316,17.3684,3858,29166,33024,28.0,24.74,31.1595,29.97,-5.23,-0.663,below par,7.4915,9.0752,elem|highFRPM,155,10.9768,below par,False
level,ela,19647330117747,Los Angeles High School of the Arts,high,431,96.0557,23.0769,20.8791,2128,19829,21957,54.0,39.56,39.8581,44.2428,-4.6828,-0.5936,below par,18.017,20.1498,secondary|highFRPM,62,13.8786,above par,False
level,ela,19647331935352,Los Angeles Senior High,high,978,90.7975,19.3676,13.834,3010,25241,28251,29.13,31.23,47.8923,45.9064,-14.6764,-1.8604,below par,11.0545,16.2495,secondary|midFRPM,68,17.0312,below par,False
level,ela,19647336017974,Los Feliz Science/Tech/Engineer/Math/Medicine Magnet,elementary,428,81.0748,17.4528,12.7358,2033,18403,20436,47.32,50.94,46.7683,50.0974,0.8426,0.1068,par,24.9266,24.5143,elem|lowFRPM,170,24.1594,par,False
level,ela,19647336058150,Louis Armstrong Middle,middle,1174,62.5213,6.0552,11.6652,1814,19371,21185,58.82,54.59,56.8355,56.3893,-1.7993,-0.2281,par,25.7682,26.6175,secondary|lowFRPM,47,27.2509,par,False
level,ela,19647336018485,Lovelia P. Flournoy Elementary,elementary,382,97.3822,29.2453,21.2264,4197,28222,32419,14.76,16.04,30.1817,29.9895,-13.9495,-1.7682,below par,4.9477,9.2506,elem|highFRPM,155,10.9768,below par,False
level,ela,19647336017982,Loyola Village Fine And Performing Arts Magnet,elementary,161,78.882,0.0,15.9091,2835,33917,36752,35.51,32.95,53.5392,51.7972,-18.8472,-2.3891,below par,8.9655,14.0937,elem|lowFRPM,170,24.1594,below par,False
level,ela,19647330126391,Lucille Roybal-Allard Elementary,elementary,477,91.8239,24.0175,9.1703,3078,24222,27300,36.52,40.17,40.6834,40.554,-0.384,-0.0487,par,14.7143,14.8549,elem|midFRPM,149,12.5733,par,False
level,ela,19647336120810,MacArthur Park Elementary School for the Visual and Performing Arts,elementary,338,97.929,54.9383,9.8765,3712,25015,28727,27.98,27.16,22.7521,23.461,3.699,0.4689,par,9.4545,8.1669,elem|highFRPM,155,10.9768,par,False
level,ela,19647330109413,Madison Elementary,elementary,482,93.9834,32.3651,15.7676,2911,23167,26078,35.97,36.1,32.8672,34.2809,1.8191,0.2306,par,13.8431,13.1455,elem|midFRPM,149,12.5733,par,False
level,ela,19647336017990,Magnolia Avenue Elementary,elementary,545,99.8165,19.305,18.1467,3480,23299,26779,38.27,45.95,35.5537,36.7914,9.1586,1.1609,above par,17.159,13.7389,elem|highFRPM,155,10.9768,above par,False
level,ela,19647336018006,Main Street Elementary,elementary,623,96.7897,47.5694,8.6806,3936,23865,27801,25.34,25.69,27.8926,27.1584,-1.4684,-0.1861,par,9.2407,9.7689,elem|highFRPM,155,10.9768,par,False
level,ela,19647336018014,Malabar Street Elementary,elementary,418,96.6507,23.6287,26.1603,3668,23317,26985,34.78,36.71,31.0436,33.7601,2.9499,0.3739,par,13.6039,12.5107,elem|highFRPM,155,10.9768,par,False
level,ela,19647336018022,Manchester Avenue Elementary,elementary,509,98.0354,32.2767,11.5274,3347,22942,26289,28.97,34.01,33.09,33.9285,0.0815,0.0103,par,12.937,12.906,elem|highFRPM,155,10.9768,par,False
level,ela,19647336018030,Manhattan Place Elementary,elementary,218,95.4128,25.3333,16.0,4930,50934,55864,9.33,12.0,34.6409,23.9023,-11.9023,-1.5087,below par,2.1481,4.2787,elem|midFRPM,149,12.5733,below par,False
level,ela,19647331935519,Manual Arts Senior High,high,1001,97.5025,24.5192,10.0962,3584,24690,28274,27.42,35.1,44.2275,42.0696,-6.9696,-0.8835,below par,12.4142,14.8792,secondary|highFRPM,62,13.8786,par,False
level,ela,19647336018048,Mar Vista Elementary,elementary,590,14.9153,0.0,11.583,974,17856,18830,76.13,79.92,84.7118,84.4486,-4.5286,-0.574,below par,42.4429,44.8479,elem|lowFRPM,170,24.1594,above par,False
level,ela,19647330126417,Marguerite Poindexter LaMotte Elementary,elementary,449,97.7728,37.8723,12.766,4116,23186,27302,20.43,23.83,29.8807,30.7472,-6.9172,-0.8768,below par,8.7283,11.2619,elem|highFRPM,155,10.9768,par,False
level,ela,19647336018055,Marianna Avenue Elementary,elementary,281,92.1708,24.8175,15.3285,3207,27292,30499,42.07,34.31,36.8602,37.3921,-3.0821,-0.3907,par,11.2495,12.2601,elem|midFRPM,149,12.5733,par,False
level,ela,19647336058127,Marina del Rey Middle,middle,300,87.3333,8.9494,22.5681,5847,39193,45040,24.77,34.24,38.373,32.6892,1.5508,0.1966,par,7.6021,7.2578,secondary|midFRPM,68,17.0312,below par,False
level,ela,19647336058135,Mark Twain Middle,middle,974,57.5975,3.3368,13.4515,1612,19494,21106,51.24,58.5,59.2767,59.3281,-0.8281,-0.105,par,27.7172,28.1096,secondary|lowFRPM,47,27.2509,par,False
level,ela,19647336018063,Marquez Charter,elementary,314,16.5605,0.0,11.3208,1189,21118,22307,77.33,79.25,83.4603,83.2569,-4.0069,-0.5079,below par,35.527,37.3232,elem|lowFRPM,170,24.1594,above par,False
level,ela,19647336019061,Martin Luther King Jr. Elementary,elementary,278,98.9209,28.0,19.3333,3477,30611,34088,23.87,24.0,30.6153,30.3005,-6.3005,-0.7987,below par,7.0406,8.8889,elem|highFRPM,155,10.9768,below par,False
level,ela,19647336018071,Marvin Elementary,elementary,503,91.2525,12.3016,23.0159,3659,26988,30647,46.67,56.75,40.34,40.0674,16.6826,2.1147,above par,18.5173,13.0739,elem|midFRPM,149,12.5733,above par,False
level,ela,19647336058143,Mary McLeod Bethune Middle,middle,843,97.6275,21.9512,13.0488,2893,23768,26661,22.53,24.39,33.0587,32.8678,-8.4778,-1.0746,below par,9.1482,12.328,secondary|highFRPM,62,13.8786,below par,False
level,ela,19647330109397,Maurice Sendak Elementary,elementary,421,95.0119,21.5962,18.3099,3253,22304,25557,34.24,36.15,36.2285,38.5436,-2.3936,-0.3034,par,14.1449,15.0814,elem|midFRPM,149,12.5733,par,False
level,ela,19647336018089,Mayall Street Elementary,elementary,471,64.9682,7.9295,13.6564,1767,21816,23583,71.12,74.01,57.9778,58.7965,15.2135,1.9285,above par,31.3828,24.9317,elem|lowFRPM,170,24.1594,above par,False
level,ela,19647336018097,Mayberry Street Elementary,elementary,128,88.2812,0.0,35.0877,4287,44270,48557,30.91,35.09,40.6443,36.6799,-1.5899,-0.2015,par,7.2266,7.554,elem|midFRPM,149,12.5733,below par,False
level,ela,19647330109462,Maywood Academy High,high,1012,96.7391,17.2414,15.3257,2994,21165,24159,46.93,49.81,45.674,46.0253,3.7847,0.4797,par,20.6176,19.051,secondary|highFRPM,62,13.8786,above par,False
level,ela,19647330109363,Maywood Elementary,elementary,426,95.7746,15.1351,15.6757,3108,20793,23901,51.49,57.3,40.1338,42.8784,14.4216,1.8281,above par,23.9739,17.94,elem|highFRPM,155,10.9768,above par,False
level,ela,19647336018105,McKinley Avenue Elementary,elementary,474,99.1561,24.4604,15.4676,3919,24379,28298,22.19,21.94,34.4593,35.0109,-13.0709,-1.6569,below par,7.7532,12.3722,elem|highFRPM,155,10.9768,par,False
level,ela,19647336018113,Melrose Avenue Elementary,elementary,419,45.8234,5.4299,14.9321,1331,21222,22553,72.22,72.4,66.8187,67.6474,4.7526,0.6024,above par,32.1022,29.9949,elem|lowFRPM,170,24.1594,above par,False
level,ela,19647336018121,Melvin Avenue Elementary,elementary,379,91.029,32.2222,18.8889,2391,25229,27620,34.62,41.11,32.5825,34.138,6.972,0.8838,above par,14.8841,12.3599,elem|midFRPM,149,12.5733,par,False
level,ela,19647336018139,Menlo Avenue Elementary,elementary,531,98.8701,27.2436,13.141,2794,23801,26595,39.81,43.27,34.4256,35.2097,8.0603,1.0217,above par,16.27,13.2392,elem|highFRPM,155,10.9768,above par,False
level,ela,19647330126573,Mervyn M. Dymally High,high,654,98.318,14.7887,15.493,3256,28633,31889,31.4,40.14,45.618,43.4992,-3.3592,-0.4258,par,12.5874,13.6408,secondary|highFRPM,62,13.8786,par,False
level,ela,19647336018147,Meyler Street Elementary,elementary,603,95.5224,12.9496,14.7482,2406,21538,23944,38.82,33.81,42.048,43.7017,-9.8917,-1.2539,below par,14.1204,18.2516,elem|highFRPM,155,10.9768,par,False
level,ela,19647330126441,Michelle Obama Elementary,elementary,570,98.0702,28.1481,12.5926,3014,21579,24593,22.96,41.11,34.6653,36.1218,4.9882,0.6323,above par,16.7161,14.6879,elem|highFRPM,155,10.9768,above par,False
level,ela,19647336018154,Micheltorena Street Elementary,elementary,388,39.9485,3.1447,17.6101,1956,22828,24784,62.75,65.41,69.1859,69.1755,-3.7655,-0.4773,par,26.392,27.9114,elem|lowFRPM,170,24.1594,par,False
level,ela,19647330102913,Middle College High,high,361,88.6427,0.0,0.0,1534,19222,20756,85.9,90.22,63.1205,65.4385,24.7815,3.1413,above par,43.4669,31.5275,secondary|midFRPM,68,17.0312,above par,False
level,ela,19647336018162,Middleton Street Elementary,elementary,601,99.1681,23.1947,15.5361,3276,21926,25202,37.2,36.54,35.2661,36.6726,-0.1326,-0.0168,par,14.4988,14.5515,elem|highFRPM,155,10.9768,above par,False
level,ela,19647336018170,Miles Avenue Elementary,elementary,788,94.2893,28.0112,18.2073,3181,24956,28137,30.36,32.77,34.2079,33.6069,-0.8369,-0.1061,par,11.6466,11.944,elem|midFRPM,149,12.5733,par,False
level,ela,19647336018188,Miramonte Elementary,elementary,631,96.6719,22.4913,16.263,3785,30141,33926,14.97,22.84,36.4128,33.4584,-10.6184,-1.346,below par,6.7323,9.8622,elem|highFRPM,155,10.9768,below par,False
level,ela,19647336107403,Montara Avenue Elementary,elementary,554,93.3213,15.4122,14.3369,3344,25795,29139,41.56,44.44,41.9416,41.1826,3.2574,0.4129,par,15.251,14.1332,elem|midFRPM,149,12.5733,par,False
level,ela,19647336018212,Monte Vista Street Elementary,elementary,181,88.3978,17.8295,35.6589,5387,37795,43182,31.43,41.09,32.2789,30.1762,10.9138,1.3834,above par,9.5155,6.9881,elem|midFRPM,149,12.5733,par,False
level,ela,19647336018220,Morningside Elementary,elementary,408,94.1176,13.7755,27.551,3018,24064,27082,27.64,33.16,36.1546,38.8681,-5.7081,-0.7236,below par,12.2443,14.352,elem|midFRPM,149,12.5733,par,False
level,ela,19647336018881,Morris K. Hamasaki Elementary,elementary,316,91.1392,4.2553,11.7021,2860,25993,28853,52.3,51.06,48.757,49.1211,1.9389,0.2458,par,17.6966,17.0246,elem|midFRPM,149,12.5733,above par,False
level,ela,19647336018238,Mountain View Elementary,elementary,567,75.8377,17.3913,4.3478,2580,17376,19956,42.26,43.48,53.115,54.6264,-11.1464,-1.4129,below par,21.7879,27.3734,elem|lowFRPM,170,24.1594,par,False
level,ela,19647336058168,Mt. Gleason Middle,middle,753,81.6733,8.2993,14.6939,2318,22845,25163,46.9,51.84,45.6123,45.7689,6.0711,0.7696,above par,20.6017,18.189,secondary|lowFRPM,47,27.2509,below par,False
level,ela,19647336018246,Mt. Washington Elementary,elementary,430,18.1395,0.0,10.4167,1307,17829,19136,73.23,78.65,83.4994,83.9466,-5.2966,-0.6714,below par,41.1005,43.8684,elem|lowFRPM,170,24.1594,above par,False
level,ela,19647336018253,Multnomah Street Elementary,elementary,322,73.2919,5.625,11.25,3137,23194,26331,63.82,65.0,56.1164,56.7219,8.2781,1.0493,above par,24.6857,21.5419,elem|lowFRPM,170,24.1594,par,False
level,ela,19647336018261,Murchison Street Elementary,elementary,312,98.3974,12.8571,22.8571,5124,37897,43021,33.86,45.71,36.5391,31.9269,13.7831,1.7471,above par,10.625,7.4212,elem|highFRPM,155,10.9768,par,False
level,ela,19647336018279,Napa Street Elementary,elementary,402,94.7761,29.1667,27.0833,5047,29201,34248,26.37,34.9,28.7946,28.1856,6.7144,0.8511,above par,10.1904,8.2298,elem|midFRPM,149,12.5733,par,False
level,ela,19647331936160,Nathaniel Narbonne Senior High,high,1549,83.9897,8.4986,13.5977,2889,20872,23761,63.59,56.94,56.5731,55.0788,1.8612,0.2359,par,23.9636,23.1804,secondary|lowFRPM,47,27.2509,par,False
level,ela,19647330129585,Nava College Preparatory Academy,high,598,99.1639,8.3969,19.084,1974,19480,21454,46.09,54.2,46.5718,50.1502,4.0498,0.5133,above par,25.2634,23.3757,secondary|highFRPM,62,13.8786,above par,False
level,ela,19647336018287,Nestle Avenue Charter,elementary,421,72.209,20.7447,16.4894,2141,21646,23787,49.74,53.19,47.3894,49.2062,3.9838,0.505,above par,22.361,20.6862,elem|lowFRPM,170,24.1594,par,False
level,ela,19647336018295,Nevada Avenue Elementary,elementary,379,87.3351,23.5294,9.8039,2938,26112,29050,34.69,38.56,42.3517,41.8501,-3.2901,-0.417,par,13.2737,14.4062,elem|midFRPM,149,12.5733,par,False
level,ela,19647336018303,Nevin Avenue Elementary,elementary,478,97.6987,30.2632,14.9123,3438,25089,28527,33.04,32.02,32.6121,32.9317,-0.9117,-0.1156,par,11.2245,11.5441,elem|highFRPM,155,10.9768,par,False
level,ela,19647330119685,New Open World Academy K-12,k12,911,97.5851,26.0579,12.0267,2592,18923,21515,23.49,31.63,30.9625,33.4273,-1.7973,-0.2278,par,14.7014,15.5367,secondary|highFRPM,62,13.8786,par,False
level,ela,19647336018311,Newcastle Elementary,elementary,299,90.6355,21.1268,30.9859,3045,27804,30849,46.62,46.48,32.3494,34.389,12.091,1.5326,above par,15.0669,11.1475,elem|midFRPM,149,12.5733,par,False
level,ela,19647336018337,Ninety-Fifth Street Elementary,elementary,745,98.9262,17.3554,13.2231,3579,23666,27245,30.26,33.88,39.3821,38.8932,-5.0132,-0.6355,below par,12.4353,14.2754,elem|highFRPM,155,10.9768,par,False
level,ela,19647336018345,Ninety-Ninth Street Elementary,elementary,487,97.1253,15.5462,13.8655,2859,26137,28996,41.2,43.28,40.2964,40.079,3.201,0.4058,par,14.9262,13.8222,elem|highFRPM,155,10.9768,above par,False
level,ela,19647336018352,Ninety-Second Street Elementary,elementary,568,98.5915,18.4375,12.8125,3296,24474,27770,35.82,39.38,38.9205,38.8434,0.5366,0.068,par,14.1808,13.9876,elem|highFRPM,155,10.9768,par,False
level,ela,19647336018378,Ninety-Sixth Street Elementary,elementary,527,96.9639,16.2162,16.2162,3890,26335,30225,30.29,35.81,39.083,38.3526,-2.5426,-0.3223,par,11.8478,12.689,elem|highFRPM,155,10.9768,par,False
level,ela,19647336018386,Ninety-Third Street Elementary,elementary,772,97.5389,25.75,19.0,3227,24170,27397,24.57,31.5,33.483,33.5342,-2.0342,-0.2579,par,11.4976,12.2401,elem|highFRPM,155,10.9768,par,False
level,ela,19647336104814,Ninth Street Elementary,elementary,302,99.0066,41.5385,18.4615,3815,27413,31228,20.18,18.46,24.6608,25.4916,-7.0316,-0.8913,below par,5.9114,8.1631,elem|highFRPM,155,10.9768,below par,False
level,ela,19647336018394,Noble Avenue Elementary,elementary,656,94.2073,36.3057,19.4268,3390,25383,28773,25.53,26.43,29.5944,29.3828,-2.9528,-0.3743,par,9.1857,10.2119,elem|midFRPM,149,12.5733,par,False
level,ela,19647336018402,Nora Sterry Elementary,elementary,188,84.0426,13.7931,28.7356,3533,30059,33592,41.25,36.78,39.2128,40.518,-3.738,-0.4738,par,10.949,12.0618,elem|lowFRPM,170,24.1594,below par,False
level,ela,19647336018410,Normandie Avenue Elementary,elementary,509,97.446,30.7087,18.1102,4461,31254,35715,23.19,21.65,31.1498,28.2338,-6.5838,-0.8346,below par,6.0619,7.9053,elem|highFRPM,155,10.9768,below par,False
level,ela,19647336018428,Normont Elementary,elementary,270,98.5185,20.0,19.0909,3850,38380,42230,28.46,34.55,34.6456,30.3884,4.1616,0.5275,above par,8.1814,7.1959,elem|highFRPM,155,10.9768,par,False
level,ela,19647331936350,North Hollywood Senior High,high,2444,71.9722,5.1661,9.7786,2150,18208,20358,70.71,71.59,65.5632,63.4016,8.1884,1.038,above par,35.1655,31.1433,secondary|lowFRPM,47,27.2509,above par,False
level,ela,19647330107003,Northridge Academy High,high,832,85.4567,5.1282,14.7436,2707,21324,24031,46.46,62.18,56.3716,56.5966,5.5834,0.7078,above par,25.8749,23.5515,secondary|lowFRPM,47,27.2509,par,False
level,ela,19647336058200,Northridge Middle,middle,670,94.7761,18.72,20.0,3332,25331,28663,26.92,33.76,32.489,32.6487,1.1113,0.1409,par,11.7783,11.3905,secondary|midFRPM,68,17.0312,below par,False
level,ela,19647336018436,Norwood Street Elementary,elementary,347,95.389,21.4286,21.4286,4032,25091,29123,24.64,28.57,34.552,36.073,-7.503,-0.9511,below par,9.8101,12.3864,elem|midFRPM,149,12.5733,par,False
level,ela,19647336110274,Nueva Vista Elementary,elementary,636,93.0818,20.7865,15.4494,3028,22569,25597,40.63,40.17,39.1549,39.8945,0.2755,0.0349,par,15.6932,15.5856,elem|midFRPM,149,12.5733,par,False
level,ela,19647336018444,O'Melveny Elementary,elementary,345,93.6232,11.1111,21.5686,3246,28004,31250,46.15,54.9,40.1246,40.4966,14.4034,1.8258,above par,17.568,12.9589,elem|midFRPM,149,12.5733,above par,False
level,ela,19647336061550,Olive Vista Middle,middle,897,88.7402,13.2775,15.0718,2484,22980,25464,33.52,40.79,40.1915,40.1647,0.6253,0.0793,par,16.0187,15.7731,secondary|midFRPM,68,17.0312,par,False
level,ela,19647336058069,Oliver Wendell Holmes Middle,middle,870,75.0575,3.6675,10.8802,2202,21060,23262,59.83,66.5,52.5356,52.3906,14.1094,1.7885,above par,28.5874,22.522,secondary|lowFRPM,47,27.2509,par,False
level,ela,19647336018469,One Hundred Eighteenth Street Elementary,elementary,465,98.2796,15.8371,14.9321,2538,23961,26499,22.01,26.24,39.1319,40.4292,-14.1892,-1.7986,below par,9.9023,15.2569,elem|highFRPM,155,10.9768,par,False
level,ela,19647336018477,One Hundred Eighty-Sixth Street Elementary,elementary,579,86.3558,9.5941,12.5461,2581,27050,29631,44.57,44.65,48.5713,46.8534,-2.2034,-0.2793,par,15.0687,15.8123,elem|lowFRPM,170,24.1594,below par,False
level,ela,19647336018493,One Hundred Fifty-Sixth Street Elementary,elementary,353,67.9887,4.3478,10.3261,2183,21627,23810,64.71,69.02,59.5397,60.7284,8.2916,1.051,above par,28.9878,25.5054,elem|lowFRPM,170,24.1594,above par,False
level,ela,19647336018501,One Hundred Fifty-Third Street Elementary,elementary,363,87.0523,12.4294,22.5989,3265,29235,32500,32.58,38.98,41.9612,41.4118,-2.4318,-0.3082,par,11.9938,12.7421,elem|midFRPM,149,12.5733,par,False
level,ela,19647336018519,One Hundred Ninth Street Elementary,elementary,332,97.2892,27.3256,19.7674,4108,28104,32212,29.41,34.88,31.6349,31.7174,3.1626,0.4009,par,10.8283,9.8465,elem|highFRPM,155,10.9768,par,False
level,ela,19647336018535,One Hundred Seventh Street Elementary,elementary,804,98.5075,33.0688,15.0794,3356,25625,28981,16.14,24.6,31.3968,30.1906,-5.5906,-0.7087,below par,8.4883,10.4174,elem|highFRPM,155,10.9768,par,False
level,ela,19647336018543,One Hundred Sixteenth Street Elementary,elementary,401,96.7581,20.4545,10.7955,2570,24647,27217,29.05,31.25,39.3088,40.1008,-8.8508,-1.1219,below par,11.4818,14.7337,elem|highFRPM,155,10.9768,par,False
level,ela,19647336018550,One Hundred Thirty-Fifth Street Elementary,elementary,554,96.0289,19.6787,18.0723,3126,23707,26833,37.5,36.55,37.0795,38.0554,-1.5054,-0.1908,par,13.6213,14.1823,elem|highFRPM,155,10.9768,par,False
level,ela,19647336018568,One Hundred Twelfth Street Elementary,elementary,319,99.373,16.6667,14.2857,4459,33195,37654,22.16,32.14,38.1629,35.0825,-2.9425,-0.373,par,8.5356,9.3171,elem|highFRPM,155,10.9768,par,False
level,ela,19647336018576,One Hundred Twenty-Second Street Elementary,elementary,574,95.993,15.8491,13.5849,2767,22554,25321,41.75,49.81,40.9422,41.9646,7.8454,0.9945,above par,19.6714,16.573,elem|highFRPM,155,10.9768,above par,False
level,ela,19647336097927,Open Charter Magnet,elementary,390,19.7436,0.0,9.3137,1211,23640,24851,73.1,72.06,83.1912,81.0932,-9.0332,-1.145,below par,28.9968,32.6318,elem|lowFRPM,170,24.1594,above par,False
level,ela,19647330122390,Orchard Academies 2B,middle,352,92.0455,9.9071,17.6471,3922,23544,27466,26.93,37.46,38.2264,40.1914,-2.7314,-0.3462,par,13.6387,14.6331,secondary|midFRPM,68,17.0312,par,False
level,ela,19647330122408,Orchard Academies 2C,middle,395,97.7215,13.2992,17.6471,1680,21691,23371,35.55,42.2,34.2681,38.1961,4.0039,0.5075,above par,18.0566,16.3434,secondary|highFRPM,62,13.8786,above par,False
level,ela,19647336018592,Osceola Street Elementary,elementary,352,90.0568,14.6667,10.0,2969,26938,29907,41.73,49.33,45.1848,44.5636,4.7664,0.6042,above par,16.4945,14.9007,elem|midFRPM,149,12.5733,above par,False
level,ela,19647336018618,Overland Avenue Elementary,elementary,485,14.0206,0.0,10.5023,1161,18779,19940,85.64,90.41,85.3821,84.9303,5.4797,0.6946,above par,45.341,42.5929,elem|lowFRPM,170,24.1594,above par,False
level,ela,19647336018626,Oxnard Street Elementary,elementary,298,94.6309,20.5128,25.0,2513,21895,24408,41.72,39.74,33.5642,38.1577,1.5823,0.2006,par,16.2815,15.6333,elem|midFRPM,149,12.5733,above par,False
level,ela,19647330109322,Pacific Boulevard,elementary,301,97.6744,24.6479,14.0845,3468,44147,47615,39.44,32.39,35.1658,27.4,4.99,0.6325,above par,6.8025,5.7545,elem|highFRPM,155,10.9768,below par,False
level,ela,19647336058218,Pacoima Middle,middle,823,91.8591,12.232,15.5107,2876,22562,25438,37.24,38.08,39.0399,39.4553,-1.3753,-0.1743,par,14.9697,15.5104,secondary|midFRPM,68,17.0312,par,False
level,ela,19647336018634,Palisades Charter Elementary,elementary,408,16.9118,0.0,9.5541,981,18589,19570,82.59,85.99,84.3657,84.5771,1.4129,0.1791,par,43.9397,43.2178,elem|lowFRPM,170,24.1594,above par,False
level,ela,19647336018659,Palms Elementary,elementary,229,78.6026,6.7797,30.5085,2538,31610,34148,32.58,40.68,44.3091,44.7246,-4.0446,-0.5127,below par,11.9128,13.0973,elem|lowFRPM,170,24.1594,below par,False
level,ela,19647336058226,Palms Middle,middle,1081,71.5079,3.1823,11.1861,2173,20578,22751,59.01,55.93,54.4006,53.7823,2.1477,0.2722,par,24.5835,23.6395,secondary|lowFRPM,47,27.2509,par,False
level,ela,19647330109389,Panorama City Elementary,elementary,443,99.0971,33.6449,14.486,3374,24073,27447,45.33,49.53,30.5174,31.5986,17.9314,2.273,above par,18.0457,11.5126,elem|highFRPM,155,10.9768,above par,False
level,ela,19647330112052,Panorama High,high,1316,97.6444,20.6667,9.3333,2767,22011,24778,37.04,46.67,46.6072,45.2848,1.3852,0.1756,par,18.8353,18.2762,secondary|highFRPM,62,13.8786,above par,False
level,ela,19647336018667,Park Avenue Elementary,elementary,274,94.1606,18.1159,13.0435,3589,24828,28417,25.0,31.16,40.1498,41.5164,-10.3564,-1.3128,below par,10.9653,14.6097,elem|midFRPM,149,12.5733,par,False
level,ela,19647336018675,Park Western Place Elementary,elementary,528,66.6667,2.0,9.2,1787,23412,25199,63.45,66.4,62.1428,61.3681,5.0319,0.6378,above par,26.3503,24.3534,elem|lowFRPM,170,24.1594,par,False
level,ela,19647336018683,Parmelee Avenue Elementary,elementary,670,95.3731,22.3464,8.6592,3254,21302,24556,30.41,38.55,40.5028,40.8845,-2.3345,-0.2959,par,15.6988,16.6495,elem|midFRPM,149,12.5733,par,False
level,ela,19647336018691,Parthenia Academy of Arts and Technology,elementary,421,90.2613,25.6545,19.8953,3297,26403,29700,28.06,30.37,35.6773,35.9934,-5.6234,-0.7128,below par,10.2256,12.119,elem|midFRPM,149,12.5733,par,False
level,ela,19647336061485,Patrick Henry Middle,middle,1053,76.1633,2.8376,17.1233,2383,21410,23793,45.4,52.45,49.8561,49.7694,2.6806,0.3398,par,22.0443,20.9177,secondary|lowFRPM,47,27.2509,below par,False
level,ela,19647336058267,Paul Revere Charter Middle,middle,1715,31.5452,1.4426,10.623,841,18029,18870,73.43,73.7,73.3809,71.3565,2.3435,0.2971,par,39.0567,37.8148,secondary|lowFRPM,47,27.2509,above par,False
level,ela,19647330124511,Performing Arts Community at Diego Rivera Learning Complex,high,494,97.7733,15.2542,7.6271,2009,18483,20492,36.07,40.68,48.8564,51.9657,-11.2857,-1.4306,below par,19.8516,25.359,secondary|highFRPM,62,13.8786,above par,False
level,ela,19647331930650,Phineas Banning Senior High,high,2422,91.4533,5.8333,12.7083,2268,20078,22346,48.65,51.04,55.4339,53.6635,-2.6235,-0.3326,par,22.8408,24.0148,secondary|midFRPM,68,17.0312,above par,False
level,ela,19647336018717,Pinewood Avenue Elementary,elementary,215,95.814,25.5102,24.4898,4014,33246,37260,25.0,30.61,30.5797,29.896,0.714,0.0905,par,8.2152,8.0236,elem|highFRPM,155,10.9768,par,False
level,ela,19647336107064,Pio Pico Middle,middle,253,96.0474,20.6478,18.2186,4324,31338,35662,38.0,39.27,30.8143,30.0633,9.2067,1.167,above par,11.0117,8.4301,secondary|highFRPM,62,13.8786,par,False
level,ela,19647336018725,Plainview Academic Charter Academy,elementary,248,87.9032,25.9843,20.4724,3029,31655,34684,16.79,22.83,35.7466,35.0374,-12.2074,-1.5474,below par,6.5823,10.1019,elem|midFRPM,149,12.5733,below par,False
level,ela,19647336018741,Playa del Rey Elementary,elementary,272,41.9118,4.6154,13.0769,1637,21387,23024,70.25,69.23,69.2915,70.6192,-1.3892,-0.1761,par,30.0686,30.672,elem|lowFRPM,170,24.1594,above par,False
level,ela,19647330126383,Playa Vista Elementary,elementary,488,21.7213,3.3708,11.7978,1431,19771,21202,64.09,70.79,79.86,79.3469,-8.5569,-1.0847,below par,33.3884,37.4243,elem|lowFRPM,170,24.1594,above par,False
level,ela,19647336018758,Plummer Elementary,elementary,600,95.5,29.4872,16.6667,3174,25442,28616,31.55,34.94,33.3892,33.1639,1.7761,0.2251,par,12.21,11.5893,elem|highFRPM,155,10.9768,par,False
level,ela,19647336018766,Point Fermin Elementary,elementary,304,61.1842,6.7114,14.094,1943,21863,23806,61.15,65.77,59.5564,61.2966,4.4734,0.567,above par,27.6275,25.7484,elem|lowFRPM,170,24.1594,above par,False
level,ela,19647336018774,Pomelo Community Charter,elementary,612,31.6993,2.2222,20.0,1067,21331,22398,63.39,68.52,72.6234,72.4297,-3.9097,-0.4956,par,30.592,32.3376,elem|lowFRPM,170,24.1594,above par,False
level,ela,19647330126607,Porter Ranch Community,elementary,1312,21.9512,1.7327,8.4158,1206,16327,17533,78.6,80.82,83.0628,81.2542,-0.4342,-0.055,par,46.0959,46.3436,elem|lowFRPM,170,24.1594,above par,False
level,ela,19647336018790,President Avenue Elementary,elementary,362,73.4807,15.0538,19.8925,2775,30692,33467,37.36,41.4,47.847,45.8577,-4.4577,-0.5651,below par,12.3704,13.7024,elem|lowFRPM,170,24.1594,below par,False
level,ela,19647330124487,Public Service Community at Diego Rivera Learning Complex,high,457,98.9059,14.3939,7.5758,4506,22323,26829,43.7,43.94,48.7111,49.0248,-5.0848,-0.6446,below par,16.3778,18.2731,secondary|highFRPM,62,13.8786,par,False
level,ela,19647336018808,Purche Avenue Elementary,elementary,373,90.0804,6.4865,16.7568,4495,29570,34065,29.07,28.11,46.081,44.0882,-15.9782,-2.0254,below par,8.2519,12.9424,elem|midFRPM,149,12.5733,below par,False
level,ela,19647336018816,Queen Anne Place Elementary,elementary,337,80.4154,7.4074,8.642,3192,20537,23729,58.82,59.26,53.3785,55.1513,4.1087,0.5208,above par,24.9737,23.2422,elem|lowFRPM,170,24.1594,par,False
level,ela,19647330122127,Quincy Jones Elementary,elementary,244,96.3115,36.3636,19.1919,4619,25105,29724,36.36,39.39,27.7335,29.7785,9.6115,1.2184,above par,13.2519,10.0183,elem|highFRPM,155,10.9768,par,False
level,ela,19647330119727,Ramon C. Cortines School of Visual and Performing Arts,high,1102,71.5064,6.3604,10.2473,1928,22508,24436,65.53,64.31,64.1713,62.2188,2.0912,0.2651,par,26.3177,25.462,secondary|lowFRPM,47,27.2509,par,False
level,ela,19647336018824,Ramona Elementary,elementary,277,96.3899,30.2521,30.2521,4933,30795,35728,31.93,35.29,25.7799,25.9333,9.3567,1.1861,above par,9.8774,7.2585,elem|highFRPM,155,10.9768,par,False
level,ela,19647336018832,Ranchito Avenue Elementary,elementary,421,90.7363,31.6583,12.5628,2989,22777,25766,39.78,39.7,35.9078,37.2708,2.4292,0.3079,par,15.4079,14.4651,elem|midFRPM,149,12.5733,par,False
level,ela,19647330124529,Rancho Dominguez Preparatory,k12,701,90.5849,5.2459,14.0984,2810,24276,27086,40.21,40.0,42.6464,42.8996,-2.8996,-0.3675,par,14.7678,15.8383,secondary|midFRPM,68,17.0312,par,False
level,ela,19647336018840,Raymond Avenue Elementary,elementary,457,96.7177,20.0935,14.486,2716,24961,27677,31.75,37.38,37.985,38.6604,-1.2804,-0.1623,par,13.5058,13.9684,elem|highFRPM,155,10.9768,par,False
level,ela,19647331937226,Reseda Charter High,k12,1339,88.2748,12.9108,11.0329,2884,24358,27242,47.46,42.25,42.0713,40.0828,2.1672,0.2747,par,15.5091,14.7136,secondary|midFRPM,68,17.0312,par,False
level,ela,19647336018857,Reseda Elementary,elementary,378,87.8307,23.6842,9.2105,3012,23282,26294,45.22,52.63,42.3245,43.1066,9.5234,1.2072,above par,20.016,16.3941,elem|midFRPM,149,12.5733,above par,False
level,ela,19647330109330,Ricardo Lizarraga Elementary,elementary,368,98.0978,37.0968,16.129,4688,32171,36859,19.0,27.96,28.399,25.6299,2.3301,0.2954,par,7.5857,6.9535,elem|highFRPM,155,10.9768,par,False
level,ela,19647336057905,Richard E. Byrd Middle,middle,933,89.0675,7.8829,14.3018,2499,22068,24567,35.55,38.63,42.9797,43.1615,-4.5315,-0.5744,below par,15.7243,17.5689,secondary|midFRPM,68,17.0312,par,False
level,ela,19647336057954,Richard Henry Dana Middle,middle,1355,81.9926,7.6087,18.4006,1977,19918,21895,35.7,37.58,44.7512,45.3817,-7.8017,-0.9889,below par,17.1637,20.727,secondary|lowFRPM,47,27.2509,below par,False
level,ela,19647330101618,Richard Riordan Primary Center,elementary,136,77.9412,0.0,0.0,3561,31157,34718,50.0,70.27,60.8748,58.5406,11.7294,1.4868,above par,20.2402,16.8617,elem|lowFRPM,170,24.1594,below par,False
level,ela,19647336018873,Richland Avenue Elementary,elementary,280,17.8571,3.7383,9.3458,1515,24601,26116,71.13,82.24,81.8929,80.0091,2.2309,0.2828,par,31.4903,30.636,elem|lowFRPM,170,24.1594,above par,False
level,ela,19647336018907,Rio Vista Elementary,elementary,348,54.5977,16.5605,19.7452,1750,24224,25974,53.06,47.77,55.3973,56.1826,-8.4126,-1.0664,below par,18.3915,21.6303,elem|lowFRPM,170,24.1594,below par,False
level,ela,19647336018915,Ritter Elementary,elementary,307,97.3941,18.0451,13.5338,2374,23229,25603,33.85,43.61,38.6713,41.306,2.304,0.2921,par,17.0332,16.1333,elem|highFRPM,155,10.9768,above par,False
level,ela,19647336018923,Riverside Drive Charter,elementary,392,46.1735,9.6591,12.5,1548,25043,26591,60.82,63.64,65.686,64.4964,-0.8564,-0.1086,par,23.9329,24.255,elem|lowFRPM,170,24.1594,par,False
level,ela,19647336061576,Robert E. Peary Middle,middle,1082,90.7579,7.7458,14.1013,2719,22349,25068,30.01,31.68,42.5495,42.152,-10.472,-1.3274,below par,12.6376,16.8151,secondary|midFRPM,68,17.0312,below par,False
level,ela,19647336071443,Robert F. Kennedy Elementary,elementary,170,92.9412,9.8901,31.8681,4191,37340,41531,38.04,35.16,35.6721,34.2266,0.9334,0.1183,par,8.466,8.2412,elem|midFRPM,149,12.5733,below par,False
level,ela,19647336058275,Robert Frost Middle,middle,1505,54.0864,2.7491,7.7663,1784,17982,19766,71.48,74.16,64.0717,62.7243,11.4357,1.4496,above par,37.519,31.7334,secondary|lowFRPM,47,27.2509,above par,False
level,ela,19647336058002,Robert Fulton College Preparatory,k12,1229,95.6876,23.498,13.8852,2919,22481,25400,27.46,25.37,32.4784,32.396,-7.026,-0.8906,below par,9.9882,12.7543,secondary|highFRPM,62,13.8786,below par,False
level,ela,19647336018931,Robert Hill Lane Elementary,elementary,248,77.0161,11.0345,13.7931,2449,29337,31786,56.21,47.59,50.5338,49.75,-2.16,-0.2738,par,14.972,15.6516,elem|lowFRPM,170,24.1594,below par,False
level,ela,19647336058317,Robert Louis Stevenson College and Career Preparatory,middle,792,96.2121,14.7952,16.9089,2996,24490,27486,35.58,34.61,35.2675,35.2057,-0.5957,-0.0755,par,12.5919,12.8086,secondary|highFRPM,62,13.8786,par,False
level,ela,19647336018949,Rockdale Visual & Performing Arts Magnet,elementary,325,46.4615,3.4884,17.4419,1575,20533,22108,64.37,66.86,66.0748,68.1245,-1.2645,-0.1603,par,30.2424,30.8144,elem|lowFRPM,170,24.1594,above par,False
level,ela,19647330109371,Rosa Parks Learning Center,elementary,500,96.4,29.0837,21.9124,3932,23989,27921,20.68,27.09,30.6581,31.9457,-4.8557,-0.6155,below par,9.7024,11.4415,elem|highFRPM,155,10.9768,par,False
level,ela,19647336018956,Roscoe Elementary,elementary,481,90.8524,20.9821,20.5357,3250,23028,26278,27.8,33.04,37.477,39.158,-6.118,-0.7755,below par,12.5733,14.9015,elem|midFRPM,149,12.5733,par,False
level,ela,19647336018964,Roscomare Road Elementary,elementary,438,10.9589,0.0,7.9787,1061,17511,18572,84.92,85.64,87.7385,87.7532,-2.1132,-0.2679,par,46.1124,47.2503,elem|lowFRPM,170,24.1594,above par,False
level,ela,19647336018972,Rosemont Avenue Elementary,elementary,157,94.2675,14.6789,12.844,4831,27718,32549,38.33,34.86,41.2401,42.0628,-7.2028,-0.913,below par,10.71,12.9229,elem|midFRPM,149,12.5733,par,False
level,ela,19647336018980,Rosewood Avenue Elementary School Urban Planning and Urban Design Magnet,elementary,218,74.3119,4.878,8.9431,2299,25175,27474,48.0,59.35,56.651,57.5065,1.8435,0.2337,par,21.6022,20.9312,elem|lowFRPM,170,24.1594,par,False
level,ela,19647336018998,Rowan Avenue Elementary,elementary,598,95.6522,30.0,21.2903,3179,24666,27845,30.2,32.9,31.014,31.7531,1.1469,0.1454,par,11.8154,11.4035,elem|highFRPM,155,10.9768,par,False
level,ela,19647330117044,Roy Romer Middle,middle,707,94.0594,15.2672,15.1145,3294,23412,26706,32.09,35.57,36.6673,36.9586,-1.3886,-0.176,par,13.3191,13.8391,secondary|midFRPM,68,17.0312,below par,False
level,ela,19647336061436,Rudecinda Sepulveda Dodson Middle,middle,1337,67.7636,0.9486,7.3518,1848,18517,20365,63.49,71.7,59.0187,58.3052,13.3948,1.6979,above par,35.2075,28.6301,secondary|lowFRPM,47,27.2509,above par,False
level,ela,19647336019004,Russell Elementary,elementary,739,97.429,25.5583,10.1737,2897,22172,25069,36.79,34.0,37.5151,37.6999,-3.6999,-0.469,par,13.5626,15.0384,elem|highFRPM,155,10.9768,par,False
level,ela,19647330119701,Sal Castro Middle,middle,276,97.8261,21.0117,12.4514,2732,24008,26740,22.22,34.24,32.53,35.2099,-0.9699,-0.1229,par,12.8048,13.1675,secondary|highFRPM,62,13.8786,par,False
level,ela,19647330126375,Sally Ride Elementary: A SMArT Academy,elementary,367,97.0027,38.0208,11.9792,4498,27581,32079,37.3,32.81,30.2895,29.2634,3.5466,0.4496,par,10.2279,9.1223,elem|highFRPM,155,10.9768,par,False
level,ela,19647336058028,Samuel Gompers Middle,middle,406,96.0591,24.9351,15.0649,4779,30639,35418,14.06,25.97,30.6805,28.4241,-2.4541,-0.3111,par,7.3324,8.0253,secondary|highFRPM,62,13.8786,below par,False
level,ela,19647336112411,San Antonio Elementary,elementary,424,93.6321,26.7677,19.1919,2718,27890,30608,37.84,35.35,34.0027,33.949,1.401,0.1776,par,11.5493,11.0916,elem|midFRPM,149,12.5733,par,False
level,ela,19647336019012,San Fernando Elementary,elementary,421,94.2993,24.2857,13.3333,3997,30615,34612,30.92,34.29,37.4904,34.819,-0.529,-0.0671,par,9.907,10.0598,elem|midFRPM,149,12.5733,par,False
level,ela,19647330125971,San Fernando Institute of Applied Media,middle,384,90.8854,10.2902,21.372,1349,19444,20793,34.31,32.19,36.9791,42.3279,-10.1379,-1.2851,below par,15.4812,20.3568,secondary|midFRPM,68,17.0312,par,False
level,ela,19647336058283,San Fernando Middle,middle,442,95.7014,19.8966,18.0879,4709,30650,35359,26.79,29.2,31.9539,29.8212,-0.6212,-0.0787,par,8.2582,8.4338,secondary|highFRPM,62,13.8786,below par,False
level,ela,19647331937622,San Fernando Senior High,high,1608,93.2214,12.5828,14.2384,2851,21625,24476,36.14,44.04,50.3708,48.9937,-4.9537,-0.6279,below par,17.9931,20.017,secondary|midFRPM,68,17.0312,par,False
level,ela,19647336019020,San Gabriel Avenue Elementary,elementary,432,95.6019,20.9756,19.0244,2721,24907,27628,28.45,28.78,35.972,37.3358,-8.5558,-1.0845,below par,10.417,13.5138,elem|highFRPM,155,10.9768,par,False
level,ela,19647336019038,San Jose Street Elementary,elementary,638,69.5925,6.6038,12.5786,2531,18922,21453,49.85,50.94,57.3808,58.4969,-7.5569,-0.9579,below par,23.7449,27.2675,elem|lowFRPM,170,24.1594,par,False
level,ela,19647336108641,San Miguel Elementary,elementary,677,94.0916,23.4114,11.0368,2852,22907,25759,34.64,34.78,39.5088,39.5242,-4.7442,-0.6014,below par,13.5021,15.3438,elem|midFRPM,149,12.5733,par,False
level,ela,19647336019046,San Pascual Elementary Science Technology Engineering Arts And Mathematics (STEAM) Magnet,elementary,249,76.3052,6.4815,14.8148,2263,22282,24545,39.13,45.37,52.5416,55.2879,-9.9179,-1.2572,below par,18.4844,22.5251,elem|lowFRPM,170,24.1594,below par,False
level,ela,19647331937838,San Pedro Senior High,high,2398,77.1476,1.6427,12.9363,2417,19368,21785,59.13,63.66,63.5403,61.364,2.296,0.291,par,29.2219,28.168,secondary|lowFRPM,47,27.2509,par,False
level,ela,19647336019053,San Pedro Street Elementary,elementary,403,98.263,20.283,23.1132,3480,23713,27193,36.28,34.43,33.2418,35.6332,-1.2032,-0.1525,par,12.6613,13.1038,elem|highFRPM,155,10.9768,par,False
level,ela,19647330109447,Santee Education Complex,high,1582,93.426,11.9454,12.2867,2882,21186,24068,49.74,48.81,51.4365,50.0624,-1.2524,-0.1588,par,20.28,20.8004,secondary|midFRPM,68,17.0312,par,False
level,ela,19647336110951,Sara Coughlin Elementary,elementary,409,95.3545,17.3469,16.3265,2687,23231,25918,38.86,40.31,38.9404,40.8998,-0.5898,-0.0748,par,15.5529,15.7805,elem|midFRPM,149,12.5733,par,False
level,ela,19647336019087,Saticoy Elementary,elementary,523,92.1606,34.6614,8.3665,2698,20566,23264,29.67,28.69,35.9652,37.5223,-8.8323,-1.1196,below par,12.3324,16.1289,elem|midFRPM,149,12.5733,par,False
level,ela,19647336066286,Saturn Street Elementary,elementary,277,92.4188,14.4,26.4,3532,31255,34787,35.34,43.2,36.7148,36.5361,6.6639,0.8447,above par,12.4184,10.5028,elem|midFRPM,149,12.5733,par,False
level,ela,19647330117762,School for the Visual Arts and Humanities,high,512,96.6797,14.0496,13.2231,2336,17322,19658,53.45,59.5,47.4419,51.489,8.011,1.0155,above par,30.2676,26.1924,secondary|highFRPM,62,13.8786,above par,False
level,ela,19647330112029,School of Business and Tourism at Contreras Learning Complex,high,392,99.2347,19.2308,0.0,5141,25641,30782,67.24,65.38,49.5065,47.4395,17.9405,2.2741,above par,21.2397,15.4114,secondary|highFRPM,62,13.8786,above par,False
level,ela,19647330126540,"Science, Technology, Engineering, Arts and Mathematics at Legacy High School Complex",high,524,85.687,0.0,13.2812,4487,19465,23952,68.69,69.53,58.8676,60.1581,9.3719,1.188,above par,29.0289,25.1161,secondary|lowFRPM,47,27.2509,par,False
level,ela,19647336019095,Second Street Elementary,elementary,226,98.2301,23.3645,16.8224,3094,29022,32116,29.52,39.25,34.0118,34.8196,4.4304,0.5616,above par,12.2213,10.8418,elem|highFRPM,155,10.9768,par,False
level,ela,19647336019111,Serrania Avenue Charter for Enriched Studies,elementary,525,56.381,8.7302,17.8571,1863,19493,21356,50.92,47.22,59.583,61.2888,-14.0688,-1.7834,below par,22.1109,28.6986,elem|lowFRPM,170,24.1594,par,False
level,ela,19647336019129,Seventh Street Elementary Arts Integration Magnet,elementary,306,73.5294,0.0,27.9412,2267,27726,29993,45.38,51.47,51.1675,52.1918,-0.7218,-0.0915,par,17.1607,17.4013,elem|lowFRPM,170,24.1594,below par,False
level,ela,19647336019137,Seventy-Fifth Street Elementary,elementary,752,96.8085,32.381,12.1429,3515,26330,29845,23.28,34.52,33.704,31.8084,2.7116,0.3437,par,11.5664,10.6579,elem|highFRPM,155,10.9768,par,False
level,ela,19647336019145,Seventy-Fourth Street Elementary,elementary,377,92.5729,10.9827,19.0751,2972,27360,30332,28.41,38.73,41.8476,42.0624,-3.3324,-0.4224,par,12.7687,13.8673,elem|midFRPM,149,12.5733,par,False
level,ela,19647336019152,Sharp Avenue Elementary,elementary,417,97.1223,22.5641,14.359,3838,29574,33412,31.19,38.97,36.6042,34.7886,4.1814,0.53,above par,11.6635,10.412,elem|highFRPM,155,10.9768,par,False
level,ela,19647336019160,Shenandoah Street Elementary,elementary,331,93.3535,20.625,17.5,3352,28740,32092,31.76,35.0,37.5236,37.1504,-2.1504,-0.2726,par,10.9061,11.5762,elem|midFRPM,149,12.5733,par,False
level,ela,19647336019178,Sheridan Street Elementary,elementary,555,96.036,24.0418,15.6794,4085,24580,28665,28.37,36.59,36.0862,35.9108,0.6792,0.0861,par,12.7647,12.5277,elem|highFRPM,155,10.9768,par,False
level,ela,19647336019186,Sherman Oaks Elementary Charter,elementary,511,42.6614,3.1963,15.9817,1668,22748,24416,59.69,63.47,68.9889,68.3518,-4.8818,-0.6188,below par,25.9952,27.9947,elem|lowFRPM,170,24.1594,par,False
level,ela,19647336019194,Shirley Avenue Elementary,elementary,410,92.439,19.4286,6.2857,2342,23884,26226,36.94,48.57,43.7125,44.1432,4.4268,0.5611,above par,18.5198,16.8318,elem|midFRPM,149,12.5733,above par,False
level,ela,19647336019202,Short Avenue Elementary,elementary,414,28.744,4.0541,16.8919,1230,19896,21126,63.64,77.03,74.0313,74.9747,2.0553,0.2605,par,36.4622,35.4893,elem|lowFRPM,170,24.1594,above par,False
level,ela,19647336019210,Sierra Park Elementary,elementary,240,92.9167,8.7302,34.9206,3718,33235,36953,39.87,32.54,35.2241,35.4285,-2.8885,-0.3661,par,8.8058,9.5875,elem|midFRPM,149,12.5733,below par,False
level,ela,19647336019228,Sierra Vista Elementary,elementary,164,84.1463,0.0,14.8936,3643,26137,29780,65.17,60.64,51.7152,53.4075,7.2325,0.9168,above par,20.3627,17.934,elem|lowFRPM,170,24.1594,below par,False
level,ela,19647336019236,Sixth Avenue Elementary,elementary,313,90.4153,29.375,16.875,3903,32367,36270,34.81,30.0,34.8956,32.5033,-2.5033,-0.3173,par,8.2713,8.9615,elem|midFRPM,149,12.5733,below par,False
level,ela,19647336019251,Sixty-First Street Elementary,elementary,541,98.8909,32.0312,17.1875,3383,28986,32369,30.24,41.8,30.3698,28.8653,12.9347,1.6396,above par,12.9136,8.9176,elem|highFRPM,155,10.9768,par,False
level,ela,19647336019269,Sixty-Sixth Street Elementary,elementary,649,97.8428,12.5326,9.3995,3211,23936,27147,40.97,38.9,43.6954,43.0601,-4.1601,-0.5273,below par,14.3294,15.8618,elem|highFRPM,155,10.9768,par,False
level,ela,19647336019277,Solano Avenue Elementary,elementary,198,68.1818,12.7451,18.6275,2360,25253,27613,66.67,70.59,51.1901,53.1924,17.3976,2.2053,above par,25.564,19.2635,elem|lowFRPM,170,24.1594,par,False
level,ela,19647336019285,Soto Street Elementary,elementary,186,87.0968,12.6316,33.6842,4656,43981,48637,44.76,50.53,36.2096,31.0663,19.4637,2.4672,above par,10.3892,6.3874,elem|midFRPM,149,12.5733,par,False
level,ela,19647330109454,South East High,high,1990,92.1106,4.5752,11.329,2452,19062,21514,43.55,57.08,56.154,55.16,1.92,0.2434,par,26.5316,25.6391,secondary|midFRPM,68,17.0312,above par,False
level,ela,19647336058309,South Gate Middle,middle,1192,93.3725,11.4983,10.6272,2765,20445,23210,37.25,40.24,41.2877,41.2485,-1.0085,-0.1278,par,17.3374,17.7719,secondary|midFRPM,68,17.0312,par,False
level,ela,19647331938307,South Gate Senior High,high,1681,93.7537,5.1873,8.3573,3052,20144,23196,41.78,54.47,56.3002,54.664,-0.194,-0.0246,par,23.4825,23.5661,secondary|midFRPM,68,17.0312,above par,False
level,ela,19647336019293,South Park Elementary,elementary,825,97.8182,29.8925,12.6882,3010,21750,24760,19.96,24.73,34.2907,34.6919,-9.9619,-1.2628,below par,9.9879,14.0113,elem|highFRPM,155,10.9768,par,False
level,ela,19647330106989,Southeast Middle,middle,1215,94.7325,11.2369,13.0662,2688,20490,23178,30.53,34.23,39.7492,40.0418,-5.8118,-0.7367,below par,14.7683,17.2758,secondary|midFRPM,68,17.0312,par,False
level,ela,19647336019319,Stagg Street Elementary,elementary,413,83.0508,7.6923,7.1429,2375,23566,25941,57.38,57.14,52.9733,53.0851,4.0549,0.514,above par,22.0269,20.4638,elem|lowFRPM,170,24.1594,par,False
level,ela,19647336019327,Stanford Avenue Elementary,elementary,329,96.6565,22.0588,12.7451,3363,24298,27661,41.74,52.45,37.5215,38.8765,13.5735,1.7206,above par,18.9617,14.0546,elem|highFRPM,155,10.9768,above par,False
level,ela,19647330122226,Stanley Mosk Elementary,elementary,490,87.9592,21.0046,14.6119,3285,22191,25476,36.8,41.55,41.391,42.5314,-0.9814,-0.1244,par,16.3095,16.6947,elem|midFRPM,149,12.5733,above par,False
level,ela,19647336019335,State Street Elementary,elementary,396,95.202,20.4678,25.731,4225,26229,30454,28.49,34.5,33.3035,34.3501,0.1499,0.019,par,11.3286,11.2794,elem|midFRPM,149,12.5733,par,False
level,ela,19647330125989,STEM Academy at Bernstein High,high,599,97.4958,5.8442,9.7403,1920,17737,19657,54.23,60.39,52.6758,55.8545,4.5355,0.5749,above par,30.7219,28.4145,secondary|highFRPM,62,13.8786,above par,False
level,ela,19647336058366,Stephen M. White Middle,middle,1423,82.1504,3.0501,13.1445,2135,19623,21758,49.44,50.91,49.2305,49.1195,1.7905,0.227,par,23.3983,22.5754,secondary|lowFRPM,47,27.2509,below par,False
level,ela,19647336019343,"Stonehurst Avenue Elementary School Science, Technology, Engineering, Arts and Math Magnet",elementary,289,82.0069,10.8333,15.8333,2134,26614,28748,48.06,56.67,47.6993,48.4639,8.2061,1.0402,above par,19.7127,16.8582,elem|lowFRPM,170,24.1594,below par,False
level,ela,19647336019350,Stoner Avenue Elementary,elementary,258,94.9612,12.0968,25.8065,3772,27206,30978,27.87,38.71,36.8847,38.7614,-0.0514,-0.0065,par,12.496,12.5125,elem|midFRPM,149,12.5733,par,False
level,ela,19647336019368,Strathern Street Elementary,elementary,446,92.6009,22.1698,14.6226,3441,23089,26530,32.2,37.74,38.7143,39.8361,-2.0961,-0.2657,par,14.2254,15.0155,elem|midFRPM,149,12.5733,par,False
level,ela,19647336019376,Sunland Elementary,elementary,282,78.7234,8.7591,19.708,2681,28084,30765,39.26,38.69,48.3564,48.5222,-9.8322,-1.2463,below par,12.576,15.7719,elem|lowFRPM,170,24.1594,below par,False
level,ela,19647336019384,Sunny Brae Avenue Elementary,elementary,448,92.4107,20.5,25.0,3259,25822,29081,31.12,31.5,34.9594,36.1096,-4.6096,-0.5843,below par,10.8318,12.4169,elem|midFRPM,149,12.5733,par,False
level,ela,19647336104822,Sunrise Elementary,elementary,385,97.4026,26.5,21.5,3248,30183,33431,33.52,34.0,31.3548,30.6708,3.3292,0.422,par,10.1702,9.1744,elem|highFRPM,155,10.9768,par,False
level,ela,19647336019392,Superior Street Elementary,elementary,470,62.3404,9.375,15.1786,2145,22277,24422,59.28,66.07,57.7602,58.2515,7.8185,0.9911,above par,27.0535,23.8521,elem|lowFRPM,170,24.1594,par,False
level,ela,19647331932383,Susan Miller Dorsey Senior High,high,853,97.4209,13.8122,18.7845,2970,26460,29430,25.0,28.18,45.2757,43.9876,-15.8076,-2.0038,below par,9.5753,14.9465,secondary|highFRPM,62,13.8786,below par,False
level,ela,19647331938554,Sylmar Charter High,high,1463,87.0813,6.7797,13.8983,3079,23489,26568,41.74,49.83,55.8429,53.3284,-3.4984,-0.4435,par,18.7556,20.0724,secondary|midFRPM,68,17.0312,par,False
level,ela,19647336019400,Sylmar Elementary,elementary,393,96.1832,17.4603,23.2804,3068,25593,28661,42.7,32.8,35.3811,37.0327,-4.2327,-0.5365,below par,11.4441,12.9209,elem|highFRPM,155,10.9768,par,False
level,ela,19647330126599,Sylmar Leadership Academy,elementary,850,82.5882,12.4352,19.5164,2454,19233,21687,49.02,48.53,46.1592,47.936,0.594,0.0753,par,22.3775,22.1036,elem|lowFRPM,170,24.1594,par,False
level,ela,19647336019418,Sylvan Park Elementary,elementary,643,97.3561,21.1221,12.2112,2968,24700,27668,29.53,45.21,38.5883,38.1131,7.0969,0.8996,above par,16.3402,13.7751,elem|highFRPM,155,10.9768,above par,False
level,ela,19647331938612,Taft Charter High,high,2221,56.5961,2.1645,12.1212,1602,18712,20314,61.83,65.15,72.543,70.1741,-5.0241,-0.6369,below par,32.0715,34.5447,secondary|lowFRPM,47,27.2509,above par,False
level,ela,19647336019426,Taper Avenue Elementary,elementary,672,50.1488,0.0,10.299,2038,20268,22306,52.66,63.46,70.0504,69.3358,-5.8758,-0.7448,below par,28.4497,31.0839,elem|lowFRPM,170,24.1594,above par,False
level,ela,19647336019434,Tarzana Elementary,elementary,246,99.5935,17.0,12.0,3026,26979,30005,46.73,49.0,38.6612,39.681,9.319,1.1813,above par,16.3306,13.2248,elem|highFRPM,155,10.9768,above par,False
level,ela,19647336019442,Telfair Avenue Elementary,elementary,534,92.3221,22.5681,21.7899,4414,31610,36024,30.97,31.52,35.6354,32.5911,-1.0711,-0.1358,par,8.7497,9.0471,elem|midFRPM,149,12.5733,below par,False
level,ela,19647336019459,Tenth Street Elementary,elementary,339,96.7552,28.6408,20.3883,3752,25792,29544,19.81,24.27,30.9913,32.361,-8.091,-1.0256,below par,8.2149,10.9535,elem|highFRPM,155,10.9768,par,False
level,ela,19647336107411,Teresa Hughes Elementary,elementary,515,96.699,14.539,18.7943,3324,22031,25355,39.72,42.2,38.8161,40.7835,1.4165,0.1796,par,16.6437,16.085,elem|highFRPM,155,10.9768,above par,False
level,ela,19647331937424,Theodore Roosevelt Senior High,high,1678,96.3051,13.9665,13.9665,2687,20406,23093,48.06,44.69,48.5377,47.8389,-3.1489,-0.3992,par,19.3522,20.7158,secondary|highFRPM,62,13.8786,above par,False
level,ela,19647336019467,Third Street Elementary,elementary,717,51.1855,5.3459,3.7736,1102,19115,20217,89.04,87.42,70.0532,69.4486,17.9714,2.278,above par,43.2408,34.3516,elem|lowFRPM,170,24.1594,above par,False
level,ela,19647336061444,Thomas A. Edison Middle,middle,837,98.6858,14.3406,17.7977,3138,24179,27317,25.74,28.43,34.0636,34.1638,-5.7338,-0.7268,below par,10.4074,12.5064,secondary|highFRPM,62,13.8786,below par,False
level,ela,19647331934371,Thomas Jefferson Senior High,high,564,98.9362,23.4848,13.6364,4694,27548,32242,38.17,43.18,41.9187,39.8865,3.2935,0.4175,par,13.3925,12.371,secondary|highFRPM,62,13.8786,par,False
level,ela,19647336019509,Toland Way Elementary,elementary,218,85.3211,12.5,16.6667,2769,29543,32312,36.07,47.92,44.804,44.8853,3.0347,0.3847,par,14.8304,13.8912,elem|lowFRPM,170,24.1594,below par,False
level,ela,19647336019517,Toluca Lake Elementary,elementary,503,65.4076,3.9409,19.2118,2117,25938,28055,55.11,62.07,57.258,56.4342,5.6358,0.7144,above par,22.1244,20.1155,elem|lowFRPM,170,24.1594,par,False
level,ela,19647336019525,Topanga Elementary Charter,elementary,232,25.8621,0.0,7.5269,1645,23388,25033,80.0,81.72,80.7837,80.0625,1.6575,0.2101,par,32.6449,31.9828,elem|lowFRPM,170,24.1594,above par,False
level,ela,19647336019533,Topeka Charter School for Advanced Studies,elementary,610,44.0984,4.8327,20.4461,1218,22047,23265,67.26,70.63,65.7801,65.8597,4.7703,0.6047,above par,30.3589,28.3085,elem|lowFRPM,170,24.1594,above par,False
level,ela,19647336019541,Towne Avenue Elementary,elementary,288,81.5972,5.2632,14.2857,3307,25047,28354,45.8,50.38,51.1947,51.9066,-1.5266,-0.1935,par,17.7682,18.3066,elem|lowFRPM,170,24.1594,below par,False
level,ela,19647336019558,Trinity Street Elementary,elementary,185,98.3784,30.0,16.1538,6697,35884,42581,21.85,25.38,30.9062,27.1885,-1.8085,-0.2293,par,5.9604,6.3851,elem|highFRPM,155,10.9768,below par,False
level,ela,19647336019566,Tulsa Street Elementary,elementary,406,76.601,4.5685,14.7208,2177,20764,22941,42.21,49.75,53.8622,56.0641,-6.3141,-0.8004,below par,21.6861,24.4384,elem|lowFRPM,170,24.1594,par,False
level,ela,19647336019574,Tweedy Elementary,elementary,471,90.2335,21.7391,15.4589,3093,23124,26217,30.54,37.2,39.6334,40.7448,-3.5448,-0.4493,par,14.1893,15.5414,elem|midFRPM,149,12.5733,par,False
level,ela,19647336019582,Twentieth Street Elementary,elementary,499,95.5912,25.9912,17.1806,3020,23284,26304,37.78,39.21,34.5803,36.002,3.208,0.4066,par,14.9065,13.6869,elem|highFRPM,155,10.9768,above par,False
level,ela,19647336019590,Twenty-Eighth Street Elementary,elementary,459,98.4749,32.4324,18.018,4296,28596,32892,25.61,20.27,29.8216,28.5899,-8.3199,-1.0546,below par,6.1626,8.692,elem|highFRPM,155,10.9768,below par,False
level,ela,19647336019608,Twenty-Fourth Street Elementary,elementary,441,97.5057,32.0225,15.1685,3221,30959,34180,41.1,48.31,31.6682,29.5201,18.7899,2.3818,above par,14.134,8.6366,elem|highFRPM,155,10.9768,par,False
level,ela,19647336019616,Two Hundred Thirty-Second Place Elementary,elementary,413,64.6489,2.1505,15.0538,2274,20462,22736,59.69,64.52,60.0862,61.7797,2.7403,0.3474,par,28.3779,27.1726,elem|lowFRPM,170,24.1594,above par,False
level,ela,19647330119693,UCLA Community K-12,k12,887,97.2943,29.6984,16.2413,3751,20958,24709,32.82,34.11,27.4625,28.9974,5.1126,0.6481,above par,13.8047,11.7356,secondary|highFRPM,62,13.8786,par,False
level,ela,19647331933795,Ulysses S. Grant Senior High,high,1774,94.7012,13.0208,9.8958,2712,19722,22434,61.7,63.54,51.5577,50.4368,13.1032,1.661,above par,28.3231,22.4823,secondary|midFRPM,68,17.0312,above par,False
level,ela,19647336019624,Union Avenue Elementary,elementary,809,93.9431,36.0526,12.8947,3067,20329,23396,39.13,37.11,32.9604,33.9488,3.1612,0.4007,par,15.8617,14.5105,elem|midFRPM,149,12.5733,par,False
level,ela,19647331938885,University High School Charter,high,1385,72.2744,4.1237,13.7457,2272,21250,23522,54.83,52.23,63.5671,61.8999,-9.6699,-1.2258,below par,22.2047,26.3157,secondary|lowFRPM,47,27.2509,below par,False
level,ela,19647330137091,University Pathways Public Service Academy,high,121,99.1736,0.0,30.5556,1615,27723,29338,48.15,30.56,43.7638,49.1811,-18.6211,-2.3604,below par,10.4165,16.7636,secondary|highFRPM,62,13.8786,below par,False
level,ela,19647336019632,Utah Street Elementary,elementary,360,95.5556,15.7676,24.4813,3436,37478,40914,35.24,34.02,35.8276,31.9292,2.0908,0.265,par,8.315,7.804,elem|highFRPM,155,10.9768,par,False
level,ela,19647336019640,Valerio Street Elementary,elementary,645,97.5194,28.8136,14.5763,3904,27212,31116,32.46,32.54,33.8338,32.0485,0.4915,0.0623,par,10.4576,10.2997,elem|highFRPM,155,10.9768,par,False
level,ela,19647330124362,Valley Academy of Arts and Sciences,high,757,72.391,0.0,21.9178,2287,24292,26579,59.28,66.44,61.1928,60.659,5.781,0.7328,above par,24.9972,22.8222,secondary|lowFRPM,47,27.2509,par,False
level,ela,19647336019657,Valley View Elementary,elementary,151,42.3841,14.0625,7.8125,2251,24608,26859,80.65,60.94,66.3673,66.8586,-5.9186,-0.7502,below par,22.6889,24.8925,elem|lowFRPM,170,24.1594,par,False
level,ela,19647336019665,Van Deene Avenue Elementary,elementary,320,80.3125,7.6471,12.3529,2803,23176,25979,47.65,60.0,51.6008,52.8873,7.1127,0.9016,above par,23.0956,20.3577,elem|lowFRPM,170,24.1594,par,False
level,ela,19647336019673,Van Gogh Charter,elementary,456,48.9035,1.99,10.4478,1836,19506,21342,71.13,73.13,69.1876,69.9427,3.1873,0.404,par,34.2658,32.7724,elem|lowFRPM,170,24.1594,above par,False
level,ela,19647336019681,Van Ness Avenue Elementary,elementary,189,83.0688,9.7561,29.2683,3648,42158,45806,45.21,31.71,41.3112,36.7205,-5.0105,-0.6351,below par,6.9227,8.0165,elem|lowFRPM,170,24.1594,below par,False
level,ela,19647336019699,Van Nuys Elementary,elementary,459,96.9499,31.6742,17.6471,3151,24712,27863,34.62,33.48,31.0103,32.0701,1.4099,0.1787,par,12.0159,11.5099,elem|highFRPM,155,10.9768,par,False
level,ela,19647336058333,Van Nuys Middle,middle,726,92.8375,15.3738,17.2073,3156,23161,26317,37.17,40.34,36.2434,36.8516,3.4884,0.4422,par,15.3285,14.0029,secondary|midFRPM,68,17.0312,par,False
level,ela,19647331938968,Van Nuys Senior High,high,1969,84.967,12.766,9.3617,2627,19375,22002,54.33,56.38,56.27,54.5334,1.8466,0.2341,par,25.6249,24.7857,secondary|lowFRPM,47,27.2509,par,False
level,ela,19647336019707,Vanalden Avenue Elementary,elementary,369,88.0759,23.6686,20.1183,3011,28214,31225,41.62,36.09,37.3325,37.1739,-1.0839,-0.1374,par,11.558,11.9052,elem|midFRPM,149,12.5733,par,False
level,ela,19647336019723,Vena Avenue Elementary,elementary,464,79.3103,7.3733,15.2074,2523,23305,25828,64.49,58.53,51.2769,51.9475,6.5825,0.8344,above par,22.6615,20.1129,elem|lowFRPM,170,24.1594,par,False
level,ela,19647331939040,Venice Senior High,high,2293,64.7187,1.9157,8.6207,1901,18479,20380,62.53,68.97,70.7125,68.1885,0.7815,0.0991,par,33.842,33.4585,secondary|lowFRPM,47,27.2509,above par,False
level,ela,19647331939107,Verdugo Hills Senior High,high,1195,83.682,7.8853,15.0538,2520,22103,24623,69.02,64.52,56.0793,55.0244,9.4956,1.2037,above par,26.2031,22.3468,secondary|lowFRPM,47,27.2509,par,False
level,ela,19647336019731,Vermont Avenue Elementary,elementary,342,90.6433,23.4568,22.8395,3723,27342,31065,46.15,58.64,35.0199,35.603,23.037,2.9202,above par,18.8765,11.4608,elem|midFRPM,149,12.5733,above par,False
level,ela,19647336019749,Vernon City Elementary,elementary,134,95.5224,12.987,20.7792,3739,39045,42784,52.17,59.74,37.787,35.1464,24.5936,3.1175,above par,13.9632,8.2148,elem|highFRPM,155,10.9768,par,False
level,ela,19647336019756,Victoria Avenue Elementary,elementary,272,97.4265,21.7391,26.8116,3604,28334,31938,45.45,54.35,30.8632,32.4509,21.8991,2.7759,above par,17.0173,10.1606,elem|highFRPM,155,10.9768,above par,False
level,ela,19647336019764,Victory Boulevard Elementary,elementary,466,91.8455,18.1818,20.9091,3407,25643,29050,51.3,46.82,38.1665,38.6748,8.1452,1.0325,above par,16.117,13.3132,elem|midFRPM,149,12.5733,above par,False
level,ela,19647336019772,Vine Street Elementary,elementary,237,91.1392,20.4545,24.2424,3780,37707,41487,41.79,44.7,35.2165,31.9453,12.7547,1.6168,above par,10.7745,7.7001,elem|midFRPM,149,12.5733,par,False
level,ela,19647336019780,Vinedale College Preparatory Academy,elementary,207,90.8213,19.084,20.6107,2654,33620,36274,25.76,26.72,37.4832,36.6034,-9.8834,-1.2528,below par,7.3662,10.0908,elem|midFRPM,149,12.5733,below par,False
level,ela,19647336058341,Virgil Middle,middle,975,96.0,18.2309,11.9741,2564,21348,23912,41.86,43.37,36.1547,36.6577,6.7123,0.8508,above par,18.1373,15.3303,secondary|highFRPM,62,13.8786,above par,False
level,ela,19647336019806,Virginia Road Elementary,elementary,217,95.3917,23.913,9.7826,3768,32544,36312,37.78,46.74,38.0904,35.9807,10.7593,1.3638,above par,12.8718,9.9088,elem|midFRPM,149,12.5733,par,False
level,ela,19647330122200,Vista del Valle Dual Language Academy,elementary,416,77.4038,17.9487,10.2564,2872,22056,24928,46.29,47.18,49.2125,49.974,-2.794,-0.3542,par,18.9265,20.0473,elem|lowFRPM,170,24.1594,below par,False
level,ela,19647330106971,Vista Middle,middle,1080,96.7593,20.8333,13.6628,2827,22109,24936,29.29,34.98,33.9469,33.9498,1.0302,0.1306,par,14.0279,13.6148,secondary|highFRPM,62,13.8786,par,False
level,ela,19647330126557,Visual and Performing Arts at Legacy High School Complex,high,411,90.0243,7.0,16.0,1470,20101,21571,38.89,52.0,52.2071,55.8897,-3.8897,-0.4931,par,24.1064,25.9097,secondary|midFRPM,68,17.0312,above par,False
level,ela,19647336019814,Wadsworth Avenue Elementary,elementary,506,96.2451,31.0204,17.9592,3978,27796,31774,20.16,24.49,31.5878,30.5068,-6.0168,-0.7627,below par,7.7076,9.6012,elem|highFRPM,155,10.9768,par,False
level,ela,19647336019822,Walgrove Avenue Elementary,elementary,271,38.7454,3.6697,33.945,1987,28016,30003,50.47,51.38,61.8031,62.2134,-10.8334,-1.3732,below par,17.125,20.7357,elem|lowFRPM,170,24.1594,below par,False
level,ela,19647336110977,Walnut Park Elementary,elementary,555,95.3153,21.2851,13.6546,2674,23395,26069,36.93,36.14,38.6056,39.3721,-3.2321,-0.4097,par,13.8632,15.103,elem|midFRPM,149,12.5733,par,False
level,ela,19647330126458,Walnut Park Middle A School of Social Justice and Service Learning,middle,371,92.4528,14.7309,10.7649,3925,21307,25232,47.78,45.89,38.8968,40.9954,4.8946,0.6204,above par,18.1872,16.2474,secondary|midFRPM,68,17.0312,par,False
level,ela,19647330126466,"Walnut Park Middle B Science, Technology, Engineering and Mathematics Academy",middle,365,94.7945,14.9584,14.1274,1555,18431,19986,39.33,43.49,36.2506,41.4482,2.0418,0.2588,par,21.7602,20.7386,secondary|midFRPM,68,17.0312,above par,False
level,ela,19647336062699,Walter Reed Middle,middle,1580,57.4684,4.9935,9.6628,1611,16171,17782,62.53,66.54,60.7409,60.6343,5.9057,0.7486,above par,37.4199,34.0987,secondary|lowFRPM,47,27.2509,above par,False
level,ela,19647336019830,Warner Avenue Elementary,elementary,545,12.844,0.0,7.2581,1009,17361,18370,83.06,83.47,87.4634,86.9948,-3.5248,-0.4468,par,45.4382,47.357,elem|lowFRPM,170,24.1594,above par,False
level,ela,19647336019848,Weigand Avenue Elementary,elementary,290,100.0,6.4748,10.0719,3163,23767,26930,34.62,43.88,44.483,46.2483,-2.3683,-0.3002,par,16.2941,17.1735,elem|highFRPM,155,10.9768,above par,False
level,ela,19647336019855,Welby Way Charter Elementary School And Gifted-High Ability Magnet,elementary,755,28.6093,1.9231,7.4519,987,17946,18933,81.71,81.49,79.9286,79.1296,2.3604,0.2992,par,43.0413,41.7946,elem|lowFRPM,170,24.1594,above par,False
level,ela,19647330114850,West Adams Preparatory High,high,942,97.6645,20.3046,13.198,3226,24099,27325,34.89,37.06,44.6997,43.5232,-6.4632,-0.8193,below par,13.5627,15.928,secondary|highFRPM,62,13.8786,par,False
level,ela,19647336019863,West Athens Elementary,elementary,545,97.4312,29.6875,11.7188,3250,23797,27047,21.22,23.05,34.561,34.8286,-11.7786,-1.493,below par,8.5222,12.8771,elem|highFRPM,155,10.9768,par,False
level,ela,19647336019871,West Hollywood Elementary,elementary,313,48.2428,10.3448,6.8966,1491,19886,21377,76.56,65.52,66.7279,68.0564,-2.5364,-0.3215,par,30.6498,31.8363,elem|lowFRPM,170,24.1594,above par,False
level,ela,19647336019889,West Vernon Avenue Elementary,elementary,470,98.9362,31.3008,13.0081,3368,22625,25993,34.85,41.06,32.4147,33.8293,7.2307,0.9166,above par,15.7966,13.0148,elem|highFRPM,155,10.9768,above par,False
level,ela,19647336019913,Westminster Avenue Elementary,elementary,367,77.6567,2.809,25.2809,2778,28516,31294,54.91,58.43,49.4158,49.2214,9.2086,1.1673,above par,18.6713,15.7287,elem|lowFRPM,170,24.1594,below par,False
level,ela,19647336019921,Westport Heights Elementary,elementary,166,81.9277,7.1429,13.0952,2778,28443,31221,44.3,33.33,50.1258,50.8116,-17.4816,-2.216,below par,10.6755,16.2748,elem|lowFRPM,170,24.1594,below par,False
level,ela,19647336019939,Westwood Charter Elementary,elementary,670,19.5522,2.7972,15.035,902,18051,18953,72.95,76.22,79.9594,79.973,-3.753,-0.4757,par,40.2153,42.1955,elem|lowFRPM,170,24.1594,above par,False
level,ela,19647336019947,White Point Elementary,elementary,314,38.8535,3.3058,10.7438,832,24268,25100,58.12,65.29,72.433,71.931,-6.641,-0.8418,below par,26.012,28.6578,elem|lowFRPM,170,24.1594,par,False
level,ela,19647336019954,Wilbur Charter for Enriched Academics,elementary,564,38.4752,6.2257,19.8444,1602,21852,23454,61.74,62.26,67.7629,67.6205,-5.3605,-0.6795,below par,26.5456,28.8311,elem|lowFRPM,170,24.1594,par,False
level,ela,19647330112011,William Jefferson Clinton Middle,middle,622,98.3923,21.7317,14.9406,3237,24348,27585,26.27,24.62,31.6708,32.1177,-7.4977,-0.9504,below par,8.9251,11.6432,secondary|highFRPM,62,13.8786,below par,False
level,ela,19647336058184,William Mulholland Middle,middle,1098,93.5337,12.8302,18.3962,2865,20486,23351,38.61,39.72,37.0369,38.1306,1.5894,0.2015,par,17.01,16.3293,secondary|midFRPM,68,17.0312,par,False
level,ela,19647336017446,William R. Anton Elementary,elementary,453,97.5717,20.614,12.2807,4064,31271,35335,36.24,39.04,38.3417,35.131,3.909,0.4955,par,11.0485,9.9423,elem|highFRPM,155,10.9768,par,False
level,ela,19647330126409,Willow Elementary,elementary,420,93.3333,18.8119,9.901,3153,23439,26592,43.46,49.5,42.0251,42.7036,6.7964,0.8615,above par,18.6146,16.0588,elem|midFRPM,149,12.5733,above par,False
level,ela,19647336019962,Wilmington Park Elementary,elementary,472,95.9746,18.2979,19.5745,4165,28330,32495,30.08,37.02,36.9194,35.7749,1.2451,0.1578,par,11.3925,11.0094,elem|highFRPM,155,10.9768,par,False
level,ela,19647336019970,Wilshire Crest Elementary,elementary,154,78.5714,10.2041,18.3673,3342,34934,38276,30.0,46.94,47.7145,45.7204,1.2196,0.1546,par,12.2636,11.9449,elem|lowFRPM,170,24.1594,below par,False
level,ela,19647330112003,Wilshire Park Elementary,elementary,329,86.6261,25.3333,25.3333,3447,23648,27095,54.29,52.67,34.7334,37.4543,15.2157,1.9287,above par,19.439,13.8233,elem|lowFRPM,170,24.1594,below par,False
level,ela,19647336019988,Wilton Place Elementary,elementary,297,93.9394,28.8591,15.4362,4065,35475,39540,31.54,41.61,34.1899,30.3561,11.2539,1.4265,above par,10.5235,7.6773,elem|midFRPM,149,12.5733,par,False
level,ela,19647336020002,Winnetka Avenue Elementary,elementary,306,92.8105,24.4604,20.8633,3176,24644,27820,31.65,32.37,34.3679,36.6758,-4.3058,-0.5458,below par,11.6355,13.1833,elem|midFRPM,149,12.5733,par,False
level,ela,19647330122150,Wisdom Elementary,elementary,648,97.6852,29.3151,12.3288,3049,21438,24487,31.98,35.89,34.5325,35.6542,0.2358,0.0299,par,14.6568,14.5605,elem|highFRPM,155,10.9768,above par,False
level,ela,19647336020010,Wonderland Avenue Elementary,elementary,435,26.6667,0.0,11.2,1244,19973,21217,92.86,90.0,79.4423,79.3732,10.6268,1.347,above par,42.4188,37.4102,elem|lowFRPM,170,24.1594,above par,False
level,ela,19647336020028,Woodcrest Elementary,elementary,611,98.6907,21.4286,8.9286,3461,22820,26281,26.43,33.57,39.2737,39.2616,-5.6916,-0.7215,below par,12.7735,14.9392,elem|highFRPM,155,10.9768,par,False
level,ela,19647336020036,Woodlake Elementary Community Charter,elementary,561,45.8111,4.3478,12.6482,1190,18590,19780,60.42,56.92,68.6553,69.7465,-12.8265,-1.6259,below par,28.7765,35.2611,elem|lowFRPM,170,24.1594,above par,False
level,ela,19647336061568,Woodland Hills Academy,middle,607,82.7018,15.9396,15.1007,2295,22415,24710,31.88,36.58,41.1527,42.2572,-5.6772,-0.7196,below par,14.8037,17.1012,secondary|lowFRPM,47,27.2509,below par,False
level,ela,19647336020044,Woodland Hills Elementary Charter for Enriched Studies,elementary,621,30.5958,2.7559,7.874,1380,17918,19298,70.94,72.83,78.2789,77.9815,-5.1515,-0.653,below par,37.7397,40.4091,elem|lowFRPM,170,24.1594,above par,False
level,ela,19647336020051,Woodlawn Avenue Elementary,elementary,523,92.1606,29.7959,16.7347,3431,22507,25938,29.84,35.92,34.528,35.8036,0.1164,0.0148,par,13.8484,13.8035,elem|midFRPM,149,12.5733,par,False
level,ela,19647331939859,Woodrow Wilson Senior High,high,1260,93.9683,5.0909,12.7273,3036,24907,27943,60.14,67.27,54.0046,51.4079,15.8621,2.0107,above par,24.074,18.3974,secondary|midFRPM,68,17.0312,above par,False
level,ela,19647336017677,YES Academy,elementary,462,96.9697,25.0,19.6429,4072,30838,34910,17.49,22.32,33.2687,31.1249,-8.8049,-1.1161,below par,6.3936,8.9157,elem|highFRPM,155,10.9768,below par,False
level,ela,19647336020069,Yorkdale Elementary,elementary,205,82.9268,16.3265,25.5102,3134,25682,28816,36.27,34.69,40.0321,42.9652,-8.2752,-1.049,below par,12.0385,14.9102,elem|lowFRPM,170,24.1594,below par,False
level,ela,19647330119735,Young Oak Kim Academy,middle,715,98.6014,16.573,10.9551,2746,19571,22317,37.7,38.76,35.9373,38.0241,0.7359,0.0933,par,17.3679,17.0382,secondary|highFRPM,62,13.8786,above par,False
level,math,19647331935121,Abraham Lincoln Senior High,high,913,89.3757,6.7961,14.0777,2396,23896,26292,48.17,47.32,25.723,25.0314,22.2886,2.5975,above par,17.9979,9.5205,secondary|midFRPM,68,9.1192,above par,False
level,math,19647330126615,Academies of Education and Empowerment at Carson High,high,474,77.8481,3.3333,17.5,1447,18885,20332,10.34,15.83,29.8537,32.2749,-16.4449,-1.9165,below par,7.7858,15.8739,secondary|lowFRPM,47,17.1541,below par,False
level,math,19647330125096,Academy for Enriched Sciences,elementary,291,30.9278,2.7027,15.5405,1832,23621,25453,76.43,78.38,70.1515,69.9654,8.4146,0.9806,above par,30.794,27.4881,elem|lowFRPM,170,21.7748,above par,False
level,math,19647330126623,Academy of Medical Arts at Carson High,high,438,80.8219,4.5872,3.6697,1447,17397,18844,25.81,34.86,33.7945,35.7711,-0.9111,-0.1062,par,18.4993,18.9828,secondary|lowFRPM,47,17.1541,par,False
level,math,19647336015705,Albion Street Elementary,elementary,121,90.0826,10.3896,24.6753,4290,43717,48007,24.0,26.92,34.9915,31.7176,-4.7976,-0.5591,below par,5.6075,6.6069,elem|midFRPM,149,11.538,below par,False
level,math,19647336015713,Aldama Elementary,elementary,329,74.1641,16.4634,17.0732,2480,26091,28571,31.11,40.85,44.7826,45.0017,-4.1517,-0.4838,par,14.2977,15.7508,elem|lowFRPM,170,21.7748,below par,False
level,math,19647336057996,Alexander Fleming Middle,middle,1110,88.8288,7.1085,14.7935,2293,20624,22917,31.96,37.04,30.8499,31.2383,5.8017,0.6761,above par,16.1627,13.6311,secondary|midFRPM,68,9.1192,above par,False
level,math,19647331933852,Alexander Hamilton Senior High,high,2055,76.0584,1.5487,10.8407,1980,20486,22466,22.41,23.35,36.3489,34.666,-11.316,-1.3188,below par,10.3935,15.4304,secondary|lowFRPM,47,17.1541,below par,False
level,math,19647336015721,Alexandria Avenue Elementary,elementary,502,92.2311,23.9669,14.4628,3322,25303,28625,38.4,54.37,35.4724,35.3141,19.0559,2.2208,above par,18.9939,12.3368,elem|midFRPM,149,11.538,above par,False
level,math,19647336061543,Alfred B. Nobel Charter Middle,middle,1784,57.0628,2.8555,7.5957,1793,19021,20814,62.95,66.23,50.7571,49.2324,16.9976,1.9809,above par,31.8199,23.6535,secondary|lowFRPM,47,17.1541,above par,False
level,math,19647336015739,Allesandro Elementary,elementary,267,85.0187,4.3796,17.5182,3028,23556,26584,58.62,52.55,43.7501,45.378,7.172,0.8358,above par,19.7675,17.0697,elem|lowFRPM,170,21.7748,par,False
level,math,19647330122184,Alta California Elementary,elementary,588,96.4286,27.4566,14.7399,3283,22282,25565,40.06,46.37,32.38,33.1406,13.2294,1.5417,above par,18.1381,12.9633,elem|highFRPM,155,10.0423,above par,False
level,math,19647336015747,Alta Loma Elementary,elementary,381,89.7638,17.4863,17.4863,3867,26469,30336,27.72,27.57,37.2924,37.2195,-9.6495,-1.1245,below par,9.0882,12.2691,elem|midFRPM,149,11.538,par,False
level,math,19647330121103,Ambassador School-Global Education,elementary,332,94.8795,44.8718,18.5897,5976,23875,29851,18.6,19.02,24.1921,24.9456,-5.9256,-0.6906,below par,6.3716,8.3567,elem|midFRPM,149,11.538,below par,False
level,math,19647330121095,Ambassador-Global Leadership,k12,472,97.6695,22.2222,14.5299,2411,20562,22973,15.66,29.91,16.5703,19.2328,10.6772,1.2443,above par,13.0196,8.3719,secondary|highFRPM,62,6.4266,above par,False
level,math,19647336015754,Ambler Avenue Elementary,elementary,445,80.8989,0.0,17.1946,2300,26161,28461,32.05,30.32,48.1503,48.0026,-17.6826,-2.0607,below par,10.6532,16.8661,elem|lowFRPM,170,21.7748,below par,False
level,math,19647336015762,Amestoy Elementary,elementary,623,86.6774,9.5847,14.6965,2422,19616,22038,43.89,50.16,43.5356,44.9481,5.2119,0.6074,above par,22.7607,20.3957,elem|midFRPM,149,11.538,above par,False
level,math,19647336015770,Anatola Avenue Elementary,elementary,269,87.3606,14.2857,19.8413,3460,24963,28423,26.24,31.75,38.0526,39.3791,-7.6291,-0.8891,below par,11.1705,13.8546,elem|midFRPM,149,11.538,par,False
level,math,19647336015796,Andasol Avenue Elementary,elementary,411,75.6691,9.5541,7.6433,2390,24661,27051,45.4,48.45,50.9784,50.4921,-2.0421,-0.238,par,17.9106,18.6655,elem|lowFRPM,170,21.7748,below par,False
level,math,19647330122218,Andres and Maria Cardenas Elementary,elementary,423,96.9267,27.5676,17.2973,3156,25674,28830,23.67,17.95,30.5321,31.0493,-13.0993,-1.5266,below par,6.2262,10.7698,elem|highFRPM,155,10.0423,below par,False
level,math,19647336057913,Andrew Carnegie Middle,middle,843,84.9348,5.1059,14.6949,2458,23251,25709,26.33,33.58,33.0057,32.817,0.763,0.0889,par,13.0616,12.7648,secondary|lowFRPM,47,17.1541,below par,False
level,math,19647336015804,Angeles Mesa Elementary,elementary,297,95.6229,21.3592,15.534,3411,30293,33704,23.85,24.76,33.6389,32.9488,-8.1888,-0.9543,below par,7.3463,9.7759,elem|highFRPM,155,10.0423,par,False
level,math,19647336015812,Ann Street Elementary,elementary,79,96.2025,11.1111,16.6667,6725,47605,54330,27.03,16.67,34.6909,29.6048,-12.9348,-1.5074,below par,3.0683,5.4491,elem|highFRPM,155,10.0423,below par,False
level,math,19647336015820,Annalee Avenue Elementary,elementary,194,77.8351,0.0,10.0,2413,32803,35216,46.94,38.0,51.3806,49.7817,-11.7817,-1.373,below par,10.7905,14.1361,elem|lowFRPM,170,21.7748,below par,False
level,math,19647336015838,Annandale Elementary,elementary,90,88.8889,0.0,22.2222,3237,42861,46098,21.05,19.44,39.966,37.5814,-18.1414,-2.1142,below par,4.2171,8.1525,elem|midFRPM,149,11.538,below par,False
level,math,19647336015846,Apperson Street Elementary,elementary,355,65.6338,4.6667,12.6667,2075,20929,23004,49.68,56.21,55.0257,56.2417,-0.0317,-0.0037,par,24.4349,24.4486,elem|lowFRPM,170,21.7748,par,False
level,math,19647336015853,Aragon Avenue Elementary,elementary,205,95.122,30.0885,17.6991,5745,28347,34092,31.78,34.78,29.1828,29.2682,5.5118,0.6423,above par,10.2018,8.5851,elem|midFRPM,149,11.538,par,False
level,math,19647330112045,Arleta High,high,1038,88.921,7.3643,17.8295,3064,21154,24218,10.8,10.04,24.3173,24.3964,-14.3564,-1.6731,below par,4.1457,10.0737,secondary|midFRPM,68,9.1192,below par,False
level,math,19647336015861,Arlington Heights Elementary,elementary,308,96.7532,34.2657,18.8811,4435,26006,30441,18.71,22.82,27.0003,27.7326,-4.9126,-0.5725,below par,7.4965,9.1103,elem|highFRPM,155,10.0423,par,False
level,math,19647336015879,Arminta Street Elementary,elementary,317,93.6909,17.6829,19.5122,3753,30493,34246,30.73,33.53,34.2827,33.5497,-0.0197,-0.0023,par,9.7909,9.7967,elem|midFRPM,149,11.538,par,False
level,math,19647336015887,Ascot Avenue Elementary,elementary,610,97.541,24.8276,16.8966,3170,23929,27099,37.38,44.18,31.9744,32.3629,11.8171,1.3772,above par,16.3032,11.9425,elem|highFRPM,155,10.0423,above par,False
level,math,19647336015895,Atwater Avenue Elementary,elementary,332,60.241,9.396,19.4631,2001,26766,28767,48.63,54.36,52.7679,52.5994,1.7606,0.2052,par,18.8967,18.2846,elem|lowFRPM,170,21.7748,par,False
level,math,19647336061394,Audubon Middle,middle,446,93.0493,11.7506,18.2254,3413,34445,37858,12.81,15.31,24.3875,21.9193,-6.6093,-0.7702,below par,4.0441,5.7899,secondary|midFRPM,68,9.1192,below par,False
level,math,19647330126482,Augustus Hawkins High,high,1122,98.4848,21.0332,10.3321,2522,22059,24581,6.0,21.03,18.2047,17.761,3.269,0.381,par,8.5554,7.2255,secondary|highFRPM,62,6.4266,par,False
level,math,19647330109348,Aurora Elementary,elementary,304,97.0395,24.6835,17.0886,4516,28109,32625,18.9,30.86,31.1388,30.968,-0.108,-0.0126,par,9.459,9.4921,elem|highFRPM,155,10.0423,par,False
level,math,19647336015903,Avalon Gardens Elementary,elementary,171,93.5673,10.2564,14.1026,3326,33793,37119,21.05,18.42,38.4552,37.3979,-18.9779,-2.2117,below par,4.9624,10.0751,elem|midFRPM,149,11.538,below par,False
level,math,19647336015929,Baldwin Hills Elementary,elementary,417,76.259,0.0,13.0208,1922,23125,25047,36.84,36.79,51.9578,52.5582,-15.7682,-1.8376,below par,14.6884,20.9838,elem|lowFRPM,170,21.7748,below par,False
level,math,19647336015945,Bandini Street Elementary,elementary,232,87.5,9.0909,17.0455,4265,27205,31470,32.41,56.82,40.8697,41.1843,15.6357,1.8222,above par,18.0553,13.0868,elem|midFRPM,149,11.538,above par,False
level,math,19647330122416,Barack Obama Global Preparation Academy,k12,293,95.2218,19.8582,16.6667,4690,35995,40685,5.04,11.07,16.9442,14.6308,-3.5608,-0.415,par,2.7209,3.5961,secondary|midFRPM,68,9.1192,below par,False
level,math,19647336015952,Barton Hill Elementary,elementary,329,95.7447,16.8675,22.8916,3526,28769,32295,25.93,30.72,32.2582,32.4716,-1.7516,-0.2041,par,9.5123,10.0547,elem|highFRPM,155,10.0423,par,False
level,math,19647336015960,Bassett Street Elementary,elementary,609,96.3875,28.9474,18.0451,3300,23500,26800,27.44,32.61,30.4962,31.0689,1.5411,0.1796,par,12.1679,11.5929,elem|highFRPM,155,10.0423,par,False
level,math,19647336015978,Beachy Avenue Elementary,elementary,398,89.4472,20.1058,23.2804,2508,25864,28372,26.0,31.05,34.0734,35.0845,-4.0345,-0.4702,par,10.9439,12.3659,elem|midFRPM,149,11.538,par,False
level,math,19647336015986,Beckford Charter for Enriched Studies,elementary,588,29.932,1.4235,14.9466,1089,16835,17924,80.29,80.78,72.3792,73.3198,7.4602,0.8694,above par,45.0681,40.9059,elem|lowFRPM,170,21.7748,above par,False
level,math,19647336015994,Beethoven Street Elementary,elementary,315,61.2698,6.0241,13.253,1389,22453,23842,54.12,47.59,56.1007,57.166,-9.576,-1.116,below par,19.9606,23.977,elem|lowFRPM,170,21.7748,par,False
level,math,19647331930866,Bell Senior High,high,2088,91.3793,5.6373,12.2549,3037,19606,22643,20.58,30.02,27.2375,26.1334,3.8866,0.4529,par,13.258,11.5415,secondary|midFRPM,68,9.1192,above par,False
level,math,19647330106914,Bellingham Elementary,elementary,390,97.1795,21.8935,16.568,3475,25971,29446,38.55,43.86,32.6938,33.0728,10.7872,1.2571,above par,14.8951,11.2317,elem|highFRPM,155,10.0423,above par,False
level,math,19647331930924,Belmont Senior High,high,614,96.4169,42.7481,5.3435,4797,26738,31535,17.05,9.02,12.3862,10.3328,-1.3128,-0.153,par,2.8603,3.2766,secondary|highFRPM,62,6.4266,below par,False
level,math,19647336016018,Belvedere Elementary,elementary,526,97.7186,23.4818,23.4818,3733,26229,29962,24.63,20.48,29.3659,29.6393,-9.1593,-1.0674,below par,6.8353,9.8923,elem|highFRPM,155,10.0423,par,False
level,math,19647336057889,Belvedere Middle,middle,734,95.7766,9.2798,22.9917,2615,24090,26705,19.69,25.31,22.7597,23.6069,1.7031,0.1985,par,9.4776,8.8399,secondary|highFRPM,62,6.4266,par,False
level,math,19647331933043,Benjamin Franklin Senior High,k12,1284,87.3832,5.1913,13.388,2805,20749,23554,18.6,24.32,29.5333,29.5966,-5.2766,-0.6149,below par,10.3252,12.5654,secondary|midFRPM,68,9.1192,par,False
level,math,19647336061402,Berendo Middle,middle,552,96.558,20.1161,16.441,3476,25037,28513,19.97,18.03,20.7757,21.0585,-3.0285,-0.3529,par,6.3234,7.3856,secondary|highFRPM,62,6.4266,par,False
level,math,19647336016026,Bertrand Avenue Elementary,elementary,326,90.4908,31.2925,17.0068,2864,26863,29727,21.67,24.2,31.8495,32.3239,-8.1239,-0.9468,below par,8.1407,10.8736,elem|midFRPM,149,11.538,below par,False
level,math,19647336016638,Betty Plasencia Elementary,elementary,411,95.1338,24.8705,10.8808,3339,27631,30970,27.04,28.43,35.0344,34.2539,-5.8239,-0.6787,below par,9.1799,11.0603,elem|midFRPM,149,11.538,par,False
level,math,19647336019491,Birdielee V. Bright Elementary,elementary,374,95.4545,15.2381,11.9048,3336,23816,27152,33.68,33.03,37.8562,38.5881,-5.5581,-0.6477,below par,12.1648,14.2119,elem|highFRPM,155,10.0423,par,False
level,math,19647336016034,Blythe Street Elementary,elementary,323,99.6904,37.8378,21.6216,4632,35127,39759,27.46,40.88,23.243,21.1094,19.7706,2.3041,above par,10.2819,5.3093,elem|highFRPM,155,10.0423,par,False
level,math,19647336016042,Bonita Street Elementary,elementary,399,77.9449,6.0976,16.4634,2165,22522,24687,36.72,43.9,47.4099,48.6004,-4.7004,-0.5478,below par,17.7826,19.6866,elem|lowFRPM,170,21.7748,below par,False
level,math,19647330135996,Boys Academic Leadership Academy,k12,69,91.3043,0.0,28.8462,1224,49395,50619,2.78,17.31,18.715,16.5856,0.7244,0.0844,par,3.4197,3.2766,secondary|midFRPM,68,9.1192,below par,False
level,math,19647336016059,Braddock Drive Elementary,elementary,541,59.7043,4.4118,6.6176,2402,21572,23974,70.14,63.24,61.0407,60.4144,2.8256,0.3293,par,26.3786,25.2,elem|lowFRPM,170,21.7748,above par,False
level,math,19647336016067,Brainard Elementary,elementary,160,74.375,7.4627,22.3881,2825,36345,39170,46.67,59.7,44.6639,43.0887,16.6113,1.9359,above par,15.2413,11.0004,elem|lowFRPM,170,21.7748,below par,False
level,math,19647336016075,Breed Street Elementary,elementary,258,96.8992,23.4375,21.0938,3822,36534,40356,28.06,33.33,29.7134,27.5859,5.7441,0.6694,above par,8.259,6.8356,elem|highFRPM,155,10.0423,par,False
level,math,19647336058044,Bret Harte Preparatory Middle,middle,456,97.3684,21.219,20.0903,3251,32314,35565,7.03,10.57,18.1609,16.779,-6.209,-0.7236,below par,2.972,4.7178,secondary|highFRPM,62,6.4266,below par,False
level,math,19647336016091,Bridge Street Elementary,elementary,180,97.2222,22.3529,41.1765,3726,36568,40294,26.32,25.58,20.8841,21.1984,4.3816,0.5106,above par,6.3483,5.2609,elem|highFRPM,155,10.0423,below par,False
level,math,19647336016109,Broad Avenue Elementary,elementary,441,85.2608,11.0577,23.0769,3123,26072,29195,37.9,43.75,39.5634,39.9004,3.8496,0.4486,par,14.9854,13.6669,elem|lowFRPM,170,21.7748,below par,False
level,math,19647336016117,Broadacres Avenue Elementary Visual & Performing Arts Magnet,elementary,275,85.4545,0.0,22.1477,2492,25820,28312,34.25,30.67,43.2364,44.6233,-13.9533,-1.6261,below par,10.8329,15.7613,elem|lowFRPM,170,21.7748,below par,False
level,math,19647336016125,Broadway Elementary,elementary,546,25.8242,2.6667,7.5556,1592,18225,19817,79.25,79.39,76.8404,76.5065,2.8835,0.336,par,40.0616,38.6065,elem|lowFRPM,170,21.7748,above par,False
level,math,19647336016133,Brockton Avenue Elementary,elementary,189,88.3598,18.3908,18.3908,3278,29855,33133,45.68,42.53,36.1749,36.5051,6.0249,0.7021,above par,12.8361,11.0177,elem|midFRPM,149,11.538,par,False
level,math,19647336016141,Brooklyn Avenue,elementary,510,89.2157,12.9577,24.2254,3256,25123,28379,38.76,42.46,36.7776,37.3622,5.0978,0.5941,above par,14.9618,13.1655,elem|midFRPM,149,11.538,above par,False
level,math,19647336016158,Bryson Avenue Elementary,elementary,706,84.8442,3.869,13.9881,2736,21218,23954,54.1,58.16,46.9678,47.35,10.81,1.2598,above par,24.2799,19.7671,elem|lowFRPM,170,21.7748,par,False
level,math,19647336016166,Buchanan Street Elementary,elementary,278,66.1871,15.2,25.6,2726,28596,31322,28.45,39.2,45.0286,45.0975,-5.8975,-0.6873,below par,12.5152,14.398,elem|lowFRPM,170,21.7748,below par,False
level,math,19647336016174,Budlong Avenue Elementary,elementary,624,96.6346,26.6667,10.7937,3909,25790,29699,19.28,25.0,34.3436,33.2638,-8.2638,-0.9631,below par,8.4178,11.2003,elem|highFRPM,155,10.0423,par,False
level,math,19647336016182,Burbank Boulevard Elementary,elementary,319,81.5047,10.5263,9.2105,2457,22692,25149,48.24,42.14,46.8994,47.8665,-5.7265,-0.6674,below par,16.7561,19.0332,elem|lowFRPM,170,21.7748,below par,False
level,math,19647336016208,Burton Street Elementary,elementary,274,98.1752,20.5128,29.9145,3050,31950,35000,26.4,21.85,26.5412,26.8974,-5.0474,-0.5882,below par,6.2429,7.685,elem|highFRPM,155,10.0423,below par,False
level,math,19647336016216,Bushnell Way Elementary,elementary,157,84.0764,0.0,32.9114,6851,33826,40677,36.0,32.05,38.4545,37.617,-5.567,-0.6488,below par,7.8791,9.2477,elem|lowFRPM,170,21.7748,below par,False
level,math,19647336016224,Cabrillo Avenue Elementary,elementary,303,92.4092,14.6154,22.3077,3946,34467,38413,30.71,48.53,34.743,32.8767,15.6533,1.8242,above par,12.6337,8.5588,elem|midFRPM,149,11.538,par,False
level,math,19647336016232,Cahuenga Elementary,elementary,355,86.7606,18.6047,16.2791,3187,23386,26573,43.48,50.58,38.6669,39.7892,10.7908,1.2576,above par,19.0344,14.9735,elem|midFRPM,149,11.538,above par,False
level,math,19647336016240,Calabash Charter Academy,elementary,409,32.5183,0.0,12.2449,1281,18868,20149,72.96,73.98,72.3256,73.0427,0.9373,0.1092,par,36.7165,36.2513,elem|lowFRPM,170,21.7748,above par,False
level,math,19647336016257,Calahan Street Elementary,elementary,474,73.2068,11.399,12.9534,2356,22650,25006,38.24,40.8,49.3823,49.703,-8.903,-1.0375,below par,16.3161,19.8764,elem|lowFRPM,170,21.7748,below par,False
level,math,19647336016265,Calvert Charter for Enriched Studies,elementary,324,82.4074,16.0584,19.708,2903,26805,29708,26.85,39.29,40.0062,40.3807,-1.0907,-0.1271,par,13.2254,13.5925,elem|lowFRPM,170,21.7748,below par,False
level,math,19647336016273,Camellia Avenue Elementary,elementary,433,95.1501,24.0838,16.2304,4668,25504,30172,26.94,20.5,33.1181,32.9697,-12.4697,-1.4532,below par,6.7944,10.9272,elem|midFRPM,149,11.538,below par,False
level,math,19647336016281,Canfield Avenue Elementary,elementary,285,49.4737,5.6,21.6,1699,23942,25641,73.28,69.05,57.9681,58.9335,10.1165,1.179,above par,26.9295,22.9841,elem|lowFRPM,170,21.7748,above par,False
level,math,19647336016299,Canoga Park Elementary,elementary,462,96.3203,35.9504,18.595,3536,30232,33768,16.67,17.08,27.3043,26.1296,-9.0496,-1.0546,below par,5.058,7.738,elem|highFRPM,155,10.0423,below par,False
level,math,19647336057947,Canoga Park Middle,middle,579,91.7098,14.6667,18.0952,2856,26015,28871,13.11,15.4,24.3727,24.3966,-8.9966,-1.0485,below par,5.3341,8.4502,secondary|midFRPM,68,9.1192,below par,False
level,math,19647331931476,Canoga Park Senior High,high,1389,92.3686,13.5849,15.8491,2860,22311,25171,17.25,22.18,21.7225,20.9144,1.2656,0.1475,par,8.8117,8.3089,secondary|midFRPM,68,9.1192,par,False
level,math,19647336016307,Cantara Street Elementary,elementary,357,94.3978,33.3333,22.0339,2393,25755,28148,33.33,49.73,27.3025,28.7186,21.0114,2.4487,above par,17.6673,10.2027,elem|midFRPM,149,11.538,above par,False
level,math,19647336016315,Canterbury Avenue Elementary,elementary,578,85.4671,13.4615,10.3846,3186,22043,25229,46.43,45.8,44.3868,44.4697,1.3303,0.155,par,18.1537,17.6264,elem|lowFRPM,170,21.7748,below par,False
level,math,19647336016323,Canyon Charter Elementary,elementary,391,15.601,0.0,9.0278,979,18008,18987,80.21,86.81,81.3883,81.7211,5.0889,0.5931,above par,45.7208,43.0405,elem|lowFRPM,170,21.7748,above par,False
level,math,19647336016331,Capistrano Avenue Elementary,elementary,415,80.9639,7.2222,22.7778,2417,23111,25528,59.38,52.72,42.9831,44.4744,8.2456,0.9609,above par,20.6518,17.4218,elem|lowFRPM,170,21.7748,par,False
level,math,19647330122234,Carlos Santana Arts Academy,elementary,371,91.1051,25.1366,19.6721,4865,26034,30899,30.22,31.28,32.8919,32.9528,-1.6728,-0.1949,par,10.1233,10.6647,elem|midFRPM,149,11.538,par,False
level,math,19647336016349,Caroldale Learning Community,elementary,620,77.9032,4.7506,15.4394,2542,21263,23805,43.22,44.81,49.0167,49.584,-4.774,-0.5564,below par,18.8238,20.8292,elem|lowFRPM,170,21.7748,par,False
level,math,19647336016356,Carpenter Community Charter,elementary,863,13.2097,1.0076,16.8766,1064,17447,18511,82.34,81.66,79.954,79.5732,2.0868,0.2432,par,44.1143,42.987,elem|lowFRPM,170,21.7748,above par,False
level,math,19647331931526,Carson Senior High,high,1407,87.7043,3.4602,12.1107,2470,20652,23122,19.05,33.79,29.1983,28.5208,5.2692,0.6141,above par,14.6138,12.3349,secondary|midFRPM,68,9.1192,above par,False
level,math,19647336016364,Carson Street Elementary,elementary,623,68.2183,2.2876,15.6863,2193,19486,21679,48.64,49.51,54.2684,55.2189,-5.7089,-0.6653,below par,22.8378,25.4712,elem|lowFRPM,170,21.7748,par,False
level,math,19647330122101,Carson-Gore Academy of Environmental Studies,elementary,344,95.6395,24.4792,24.4792,3370,24856,28226,35.68,32.29,28.8959,30.5662,1.7238,0.2009,par,11.4398,10.8291,elem|highFRPM,155,10.0423,par,False
level,math,19647336016372,Carthay Elementary Of Environmental Studies Magnet,elementary,327,68.8073,4.0984,7.377,1715,21171,22886,54.66,50.4,55.9071,56.963,-6.563,-0.7648,below par,22.0222,24.8899,elem|lowFRPM,170,21.7748,par,False
level,math,19647336016380,Castelar Street Elementary,elementary,626,85.4633,24.3402,5.2786,2572,22112,24684,48.36,44.11,42.676,42.4035,1.7065,0.1989,par,17.8699,17.1785,elem|lowFRPM,170,21.7748,below par,False
level,math,19647336016398,Castle Heights Elementary,elementary,501,32.7345,3.6364,12.2727,1294,19247,20541,76.42,79.55,71.1783,71.4126,8.1374,0.9483,above par,38.7274,34.7659,elem|lowFRPM,170,21.7748,above par,False
level,math,19647336071435,Castlebay Lane Charter,elementary,666,26.7267,2.0202,11.4478,1066,17674,18740,74.3,71.38,75.3041,75.3271,-3.9471,-0.46,par,38.0896,40.1959,elem|lowFRPM,170,21.7748,above par,False
level,math,19647336016406,Catskill Avenue Elementary,elementary,419,90.2148,14.1304,7.6087,3079,25156,28235,37.11,49.73,42.6646,42.2622,7.4678,0.8703,above par,17.6129,14.968,elem|midFRPM,149,11.538,above par,False
level,math,19647336016414,Century Park Elementary,elementary,256,97.6562,4.0984,24.5902,4468,33212,37680,40.0,37.7,34.9846,34.0054,3.6946,0.4306,par,10.0053,9.0248,elem|highFRPM,155,10.0423,par,False
level,math,19647330109439,Cesar Chavez Elementary,elementary,169,92.8994,19.7917,34.375,6228,41967,48195,22.43,29.59,26.6097,23.6337,5.9563,0.6941,above par,6.1396,4.9038,elem|midFRPM,149,11.538,below par,False
level,math,19647330124396,Cesar E. Chavez Learning Academies-Academy of Scientific Exploration (ASE),high,420,91.1905,9.4737,14.7368,1824,18717,20541,14.95,20.0,22.4683,25.2928,-5.2928,-0.6168,below par,9.7366,12.3133,secondary|midFRPM,68,9.1192,par,False
level,math,19647330124388,Cesar E. Chavez Learning Academies-Social Justice Humanitas Academy,high,417,92.5659,0.0,14.1176,2353,18313,20666,1.32,15.48,25.5768,28.3192,-12.8392,-1.4963,below par,7.4906,13.7033,secondary|midFRPM,68,9.1192,par,False
level,math,19647330124404,Cesar E. Chavez Learning Academies-Technology Preparatory Academy,high,321,95.9502,10.6383,13.8298,6363,24288,30651,6.38,11.83,19.8418,19.8585,-8.0285,-0.9356,below par,3.8596,6.4789,secondary|highFRPM,62,6.4266,par,False
level,math,19647336016422,Chandler Elementary,elementary,450,56.4444,8.5714,10.8571,1996,23919,25915,57.32,60.11,58.9273,58.2689,1.8411,0.2146,par,23.1951,22.4846,elem|lowFRPM,170,21.7748,par,False
level,math,19647336016430,Chapman Elementary,elementary,406,63.0542,7.0588,14.1176,1859,21028,22887,63.33,56.47,54.9113,55.9653,0.5047,0.0588,par,24.6734,24.4529,elem|lowFRPM,170,21.7748,par,False
level,math,19647336057962,Charles Drew Middle,middle,607,99.1763,20.4545,12.2378,3428,26587,30015,7.94,13.54,21.3797,20.7067,-7.1667,-0.8352,below par,4.5111,6.8988,secondary|highFRPM,62,6.4266,par,False
level,math,19647330111989,Charles H. Kim Elementary,elementary,483,93.3747,18.75,12.5,2998,20830,23828,66.34,61.54,37.6454,39.0153,22.5247,2.625,above par,25.8268,16.3737,elem|midFRPM,149,11.538,above par,False
level,math,19647336058101,Charles Maclay Middle,middle,238,98.3193,23.8866,23.0769,6413,38828,45241,6.1,9.16,14.504,11.3872,-2.2272,-0.2596,par,2.0247,2.517,secondary|highFRPM,62,6.4266,below par,False
level,math,19647336018360,Charles W. Barrett Elementary,elementary,473,98.9429,27.0386,11.588,4073,31482,35555,33.2,23.95,32.3973,30.0154,-6.0654,-0.7069,below par,6.736,8.442,elem|highFRPM,155,10.0423,below par,False
level,math,19647330106948,Charles White Elementary,elementary,233,98.7124,31.1594,13.0435,4362,26380,30742,33.54,49.65,29.3128,30.01,19.64,2.2888,above par,16.1505,9.7619,elem|highFRPM,155,10.0423,above par,False
level,math,19647336016448,Charnock Road Elementary,elementary,281,90.7473,14.0625,33.5938,3025,30707,33732,52.71,50.77,30.795,31.5635,19.2065,2.2383,above par,15.051,9.3571,elem|midFRPM,149,11.538,above par,False
level,math,19647336016455,Chase Street Elementary,elementary,436,91.5138,18.5366,25.8537,3631,29695,33326,31.17,34.47,32.7439,32.2053,2.2647,0.2639,par,10.3433,9.6637,elem|midFRPM,149,11.538,par,False
level,math,19647331931708,Chatsworth Charter High,high,1743,68.9042,5.291,8.9947,2034,19928,21962,31.05,33.6,38.7938,37.2009,-3.6009,-0.4196,par,15.2992,16.9387,secondary|lowFRPM,47,17.1541,par,False
level,math,19647336016463,Chatsworth Park ES Urban Planning/Community Development Magnet,elementary,422,63.0332,7.9208,12.3762,1783,20827,22610,54.5,54.73,55.4021,56.3295,-1.5995,-0.1864,par,24.2061,24.9136,elem|lowFRPM,170,21.7748,par,False
level,math,19647336016471,Cheremoya Avenue Elementary,elementary,161,83.8509,17.5676,16.2162,2774,29929,32703,24.39,27.27,39.2328,39.6596,-12.3896,-1.4439,below par,8.3387,12.1272,elem|lowFRPM,170,21.7748,below par,False
level,math,19647336057939,Chester W. Nimitz Middle,middle,1057,95.3642,13.3267,16.2325,2450,21891,24341,18.53,26.12,24.8781,25.2586,0.8614,0.1004,par,10.7309,10.377,secondary|midFRPM,68,9.1192,par,False
level,math,19647336016679,Christopher Dena Elementary,elementary,313,94.8882,32.4742,12.3711,3938,34281,38219,33.79,33.51,31.3089,28.7578,4.7522,0.5538,above par,8.7679,7.5245,elem|midFRPM,149,11.538,par,False
level,math,19647336016489,Cienega Elementary,elementary,370,88.6486,24.4048,21.4286,3279,26808,30087,28.14,36.9,33.5368,33.9405,2.9595,0.3449,par,12.2644,11.2808,elem|midFRPM,149,11.538,par,False
level,math,19647336016497,Cimarron Avenue Elementary,elementary,261,85.8238,0.0,15.9292,3845,34526,38371,28.7,27.43,45.6348,43.2097,-15.7797,-1.839,below par,7.1486,11.261,elem|lowFRPM,170,21.7748,below par,False
level,math,19647336016505,City Terrace Elementary,elementary,313,78.5942,9.4595,13.5135,3153,22798,25951,53.66,59.33,46.7683,47.7696,11.5604,1.3472,above par,22.8623,18.4076,elem|lowFRPM,170,21.7748,par,False
level,math,19647336016513,Clifford Street Elementary Math & Technology Magnet,elementary,128,52.3438,0.0,13.3333,2632,29489,32121,55.1,68.33,61.0377,60.6715,7.6585,0.8925,above par,21.2727,18.8884,elem|lowFRPM,170,21.7748,par,False
level,math,19647336016521,Clover Avenue Elementary,elementary,468,40.5983,2.2099,8.2873,1048,19276,20324,85.02,86.96,69.6899,70.0409,16.9191,1.9717,above par,42.7869,34.4621,elem|lowFRPM,170,21.7748,above par,False
level,math,19647336016539,Coeur D'Alene Avenue Elementary,elementary,295,31.5254,4.5752,9.8039,1318,19366,20684,66.46,70.59,71.6492,72.573,-1.983,-0.2311,par,34.1278,35.0866,elem|lowFRPM,170,21.7748,above par,False
level,math,19647336016547,Cohasset Street Elementary,elementary,451,95.122,27.6382,21.1055,3393,25889,29282,25.23,29.65,29.8093,30.3239,-0.6739,-0.0785,par,10.1257,10.3558,elem|midFRPM,149,11.538,par,False
level,math,19647336016554,Coldwater Canyon Elementary,elementary,570,95.2632,24.7788,8.8496,3274,23854,27128,28.34,20.94,36.36,36.0886,-15.1486,-1.7654,below par,7.719,13.3031,elem|midFRPM,149,11.538,below par,False
level,math,19647336016562,Colfax Charter Elementary,elementary,774,30.7494,0.0,7.3446,1045,17139,18184,80.52,80.0,76.1717,75.8728,4.1272,0.481,par,43.9947,41.725,elem|lowFRPM,170,21.7748,above par,False
level,math,19647336016570,Coliseum Street Elementary,elementary,218,97.2477,21.25,17.5,4527,40077,44604,13.95,23.75,31.6368,28.0845,-4.3345,-0.5051,below par,5.3246,6.2964,elem|highFRPM,155,10.0423,below par,False
level,math,19647336120679,Columbus Avenue Elementary,elementary,382,96.0733,34.6939,22.9592,3974,25989,29963,16.34,26.73,25.7402,26.5641,0.1659,0.0193,par,8.921,8.8656,elem|highFRPM,155,10.0423,par,False
level,math,19647336016604,Commonwealth Avenue Elementary,elementary,504,88.6905,24.5059,20.9486,2997,22982,25979,40.7,36.82,34.1448,35.3132,1.5068,0.1756,par,14.173,13.593,elem|midFRPM,149,11.538,par,False
level,math,19647330124495,Communication and Technology at Diego Rivera Learning Complex,high,505,97.0297,11.2069,12.069,1956,18748,20704,17.8,24.35,20.5611,22.9638,1.3862,0.1615,par,11.761,11.0915,secondary|highFRPM,62,6.4266,above par,False
level,math,19647336094726,Community Magnet Charter Elementary,elementary,425,25.1765,1.7544,11.8421,1215,23792,25007,80.08,84.21,75.2765,74.0105,10.1995,1.1886,above par,33.6746,29.5959,elem|lowFRPM,170,21.7748,above par,False
level,math,19647336016612,Compton Avenue Elementary,elementary,265,95.8491,22.5225,9.9099,3427,29406,32833,45.95,39.13,35.33,34.671,4.459,0.5197,above par,11.9179,10.5598,elem|highFRPM,155,10.0423,par,False
level,math,19647330117721,Contreras Learning Center-Academic Leadership Community,high,392,96.1735,25.5102,12.2449,1621,24039,25660,13.33,18.37,15.2377,16.5032,1.8668,0.2176,par,7.159,6.4315,secondary|highFRPM,62,6.4266,par,False
level,math,19647330112870,Contreras Learning Center-Los Angeles School of Global Studies,high,317,97.1609,40.0,0.0,2542,20781,23323,13.16,21.54,14.3453,15.8356,5.7044,0.6648,above par,9.2355,6.7897,secondary|highFRPM,62,6.4266,par,False
level,math,19647330127795,Contreras Learning Center-School of Social Justice,high,326,96.6258,44.9438,7.8652,2826,22565,25391,5.88,10.11,9.4667,10.8981,-0.7881,-0.0918,par,3.9817,4.2921,secondary|highFRPM,62,6.4266,par,False
level,math,19647336016620,Corona Avenue Elementary,elementary,542,95.941,25.5014,13.7536,3162,22373,25535,26.9,26.36,33.6216,34.4324,-8.0724,-0.9408,below par,10.3231,13.4844,elem|highFRPM,155,10.0423,par,False
level,math,19647336016646,Cowan Avenue Elementary,elementary,377,63.3952,0.0,13.5417,1814,23441,25255,51.61,57.07,57.4875,57.8104,-0.7404,-0.0863,par,22.5975,22.8907,elem|lowFRPM,170,21.7748,par,False
level,math,19647336016661,Crestwood Street STEAM Magnet,elementary,289,73.0104,3.1746,17.4603,2332,25821,28153,33.85,48.82,49.845,50.3751,-1.5551,-0.1812,par,17.341,17.8933,elem|lowFRPM,170,21.7748,below par,False
level,math,19647336016687,Dahlia Heights Elementary,elementary,410,23.6585,0.0,16.3265,1287,18978,20265,65.28,75.0,74.6572,75.3813,-0.3813,-0.0444,par,37.0096,37.1978,elem|lowFRPM,170,21.7748,above par,False
level,math,19647336058358,Daniel Webster Middle,middle,438,87.4429,11.0588,16.2353,3139,28768,31907,16.55,24.08,28.0338,27.2323,-3.1523,-0.3674,par,7.5469,8.5349,secondary|midFRPM,68,9.1192,par,False
level,math,19647336016695,Danube Avenue Elementary,elementary,259,80.695,5.5556,17.5926,2481,28184,30665,29.17,39.45,45.2239,45.4004,-5.9504,-0.6935,below par,12.8648,14.8053,elem|lowFRPM,170,21.7748,below par,False
level,math,19647336016703,Darby Avenue Elementary,elementary,412,55.0971,4.6875,11.4583,2176,20559,22735,68.57,61.34,60.5877,61.1502,0.1898,0.0221,par,26.9804,26.8969,elem|lowFRPM,170,21.7748,above par,False
level,math,19647336016711,Dayton Heights Elementary,elementary,214,96.729,35.2941,20.1681,5007,36587,41594,46.03,42.5,25.5432,23.3208,19.1792,2.2351,above par,10.2178,5.6068,elem|highFRPM,155,10.0423,par,False
level,math,19647336016729,Dearborn Elementary Charter Academy,elementary,527,72.1063,5.5319,12.3404,1860,21772,23632,54.46,58.16,52.465,52.9301,5.2299,0.6095,above par,24.6107,22.3976,elem|lowFRPM,170,21.7748,par,False
level,math,19647336016737,Del Amo Elementary,elementary,285,75.4386,8.4034,21.0084,2324,26772,29096,51.56,47.06,45.2764,45.9323,1.1277,0.1314,par,16.174,15.7865,elem|lowFRPM,170,21.7748,below par,False
level,math,19647336016745,Delevan Drive Elementary,elementary,483,39.1304,3.6145,15.6627,1310,20017,21327,68.12,66.67,66.7555,67.3071,-0.6371,-0.0742,par,31.2608,31.5596,elem|lowFRPM,170,21.7748,above par,False
level,math,19647336016752,Denker Avenue Elementary,elementary,670,79.8507,10.7914,10.7914,2492,21335,23827,39.51,48.2,47.993,48.1012,0.0988,0.0115,par,20.2292,20.1877,elem|lowFRPM,170,21.7748,par,False
level,math,19647330124503,Diego Rivera Learning Complex Green Design STEAM Academy,high,493,96.3489,11.4286,11.4286,2229,18970,21199,6.45,19.05,21.0285,23.2318,-4.1818,-0.4873,par,8.9863,10.9589,secondary|highFRPM,62,6.4266,par,False
level,math,19647336016778,Dixie Canyon Community Charter,elementary,635,33.2283,5.7143,11.7857,1075,19878,20953,63.64,60.92,70.7471,70.3853,-9.4653,-1.1031,below par,29.0746,33.592,elem|lowFRPM,170,21.7748,above par,False
level,math,19647330122135,Dolores Huerta Elementary,elementary,321,99.0654,31.6901,10.5634,3272,21134,24406,30.72,24.31,30.4878,32.5169,-8.2069,-0.9564,below par,9.9607,13.3233,elem|highFRPM,155,10.0423,par,False
level,math,19647336016786,Dolores Street Elementary,elementary,370,85.1351,5.8511,13.2979,2909,28737,31646,34.86,39.89,45.4365,44.3981,-4.5081,-0.5254,below par,12.6051,14.0296,elem|lowFRPM,170,21.7748,below par,False
level,math,19647336016794,Dominguez Elementary,elementary,450,86.2222,6.7358,11.9171,2774,20007,22781,41.21,49.23,45.4911,46.9901,2.2399,0.261,par,21.6101,20.6269,elem|lowFRPM,170,21.7748,par,False
level,math,19647336016802,Dorris Place Elementary,elementary,230,83.4783,8.4034,17.6471,2423,23418,25841,49.02,50.41,42.6989,44.8335,5.5765,0.6499,above par,19.5078,17.3497,elem|lowFRPM,170,21.7748,par,False
level,math,19647330124453,Dr. Julian Nava Learning Academy,middle,572,98.6014,14.0036,16.8761,3607,20751,24358,10.54,15.61,21.9558,23.647,-8.037,-0.9366,below par,6.4086,9.7081,secondary|highFRPM,62,6.4266,par,False
level,math,19647330126433,"Dr. Lawrence H. Moore Math, Science, Technology Academy",elementary,454,97.7974,17.5732,13.3891,3277,20604,23881,37.23,36.36,35.5791,37.2697,-0.9097,-0.106,par,15.2255,15.6064,elem|highFRPM,155,10.0423,above par,False
level,math,19647330124479,Dr. Maya Angelou Community High,high,971,97.2194,26.6332,9.0452,3349,22585,25934,8.47,12.56,17.0565,16.3002,-3.7402,-0.4359,par,4.8431,6.2853,secondary|highFRPM,62,6.4266,par,False
level,math,19647330122143,Dr. Owen Lloyd Knox Elementary,elementary,669,97.4589,27.5,12.1875,3221,21944,25165,30.14,32.93,33.1694,33.6376,-0.7076,-0.0825,par,13.0856,13.3668,elem|highFRPM,155,10.0423,par,False
level,math,19647330102921,Dr. Richard A. Vladovic Harbor Teacher Preparation Academy,high,452,65.4867,0.0,0.0,1015,17917,18932,90.27,78.7,44.1261,45.1476,33.5524,3.9102,above par,41.5698,23.8472,secondary|lowFRPM,47,17.1541,above par,False
level,math,19647330128710,Dr. Sammy Lee Medical and Health Science Magnet Elementary,elementary,551,92.7405,11.8056,9.0278,2849,18842,21691,52.43,61.51,42.1656,43.6508,17.8592,2.0813,above par,28.3574,20.1239,elem|midFRPM,149,11.538,above par,False
level,math,19647330102491,Dr. Theodore T. Alexander Jr. Science Center,elementary,616,86.3636,6.4286,5.3571,2618,20278,22896,35.71,38.43,48.7977,49.1058,-10.6758,-1.2442,below par,16.7846,21.4473,elem|lowFRPM,170,21.7748,below par,False
level,math,19647336016828,Dyer Street Elementary,elementary,539,92.3933,18.6207,19.6552,2825,21563,24388,39.64,40.0,35.2624,36.826,3.174,0.3699,par,16.4015,15.1,elem|midFRPM,149,11.538,above par,False
level,math,19647336016836,Eagle Rock Elementary,elementary,755,37.6159,1.7505,16.1926,1634,20656,22290,69.33,67.83,68.5759,67.9547,-0.1247,-0.0145,par,30.4307,30.4867,elem|lowFRPM,170,21.7748,above par,False
level,math,19647331932540,Eagle Rock High,high,2031,51.551,2.0666,10.333,1772,18748,20520,46.17,48.39,47.5998,45.7118,2.6782,0.3121,par,23.5819,22.2767,secondary|lowFRPM,47,17.1541,above par,False
level,math,19647330127803,Early College Academy-LA Trade Tech College,high,272,93.75,0.0,0.0,1436,15670,17106,21.43,30.43,30.4038,33.9561,-3.5261,-0.4109,par,17.7891,19.8504,secondary|midFRPM,68,9.1192,above par,False
level,math,19647330122374,East Los Angeles Renaissance Academy at Esteban E. Torres High No. 2,high,355,89.8592,8.5366,14.6341,1742,21421,23163,9.09,10.98,23.2173,25.4148,-14.4348,-1.6822,below par,4.7403,10.9721,secondary|midFRPM,68,9.1192,below par,False
level,math,19647330112037,East Valley Senior High,high,558,96.2366,16.7939,19.8473,3643,23891,27534,21.19,9.3,15.708,16.3032,-7.0032,-0.8162,below par,3.3776,5.9211,secondary|highFRPM,62,6.4266,par,False
level,math,19647336016844,Eastman Avenue Elementary,elementary,545,96.3303,30.855,12.2677,3507,25500,29007,17.25,27.41,32.1131,31.6568,-4.2468,-0.4949,par,9.4494,10.9135,elem|highFRPM,155,10.0423,par,False
level,math,19647330117051,Edward R. Roybal Learning Center,high,1130,93.8938,12.7413,13.1274,2814,24036,26850,18.85,11.2,22.184,21.0084,-9.8084,-1.1431,below par,4.1713,7.8243,secondary|midFRPM,68,9.1192,below par,False
level,math,19647336061527,Edwin Markham Middle,middle,618,98.3819,19.3012,19.6339,3083,27723,30806,10.0,12.99,19.0486,18.6852,-5.6952,-0.6637,below par,4.2167,6.0654,secondary|highFRPM,62,6.4266,par,False
level,math,19647336016851,El Dorado Avenue Elementary,elementary,364,95.6044,25.0,23.5714,4002,26877,30879,27.78,37.24,29.1907,29.7859,7.4541,0.8687,above par,12.06,9.646,elem|highFRPM,155,10.0423,par,False
level,math,19647336016869,El Oro Way Charter for Enriched Studies,elementary,434,42.6267,10.9524,6.1905,1105,19520,20625,53.39,64.79,66.3215,66.6428,-1.8528,-0.2159,par,31.4133,32.3116,elem|lowFRPM,170,21.7748,above par,False
level,math,19647336016877,El Sereno Elementary,elementary,222,94.5946,16.5354,21.2598,3756,28987,32743,35.34,33.86,33.0165,33.6309,0.2291,0.0267,par,10.3411,10.2712,elem|midFRPM,149,11.538,par,False
level,math,19647336068431,El Sereno Middle,middle,857,91.832,6.6502,19.0887,2644,24692,27336,35.92,40.56,27.4283,27.2871,13.2729,1.5468,above par,14.8376,9.9821,secondary|midFRPM,68,9.1192,above par,False
level,math,19647336016885,Elizabeth Learning Center,k12,1257,97.5338,15.6863,9.1503,2547,21845,24392,11.94,19.22,22.7853,22.6383,-3.4183,-0.3984,par,7.8796,9.281,secondary|highFRPM,62,6.4266,par,False
level,math,19647336118186,Ellen Ochoa Learning Center,elementary,1052,96.5779,22.0588,16.4439,3022,23756,26778,20.4,28.82,34.4393,33.8324,-5.0124,-0.5841,below par,10.7626,12.6344,elem|highFRPM,155,10.0423,par,False
level,math,19647336016893,Elysian Heights ES Arts Magnet,elementary,401,40.399,3.8043,14.1304,1314,19999,21313,53.29,63.04,66.4785,67.2935,-4.2535,-0.4957,par,29.5782,31.5739,elem|lowFRPM,170,21.7748,above par,False
level,math,19647336016901,Emelita Street Elementary,elementary,275,70.9091,20.0,27.6923,2746,23781,26527,37.04,35.88,40.1894,42.2581,-6.3781,-0.7433,below par,13.5258,15.9302,elem|lowFRPM,170,21.7748,below par,False
level,math,19647336057988,Emerson Community Charter,middle,454,57.9295,6.4516,14.2857,2023,24157,26180,36.48,44.34,44.1519,44.0057,0.3343,0.039,par,16.9366,16.8089,secondary|lowFRPM,47,17.1541,par,False
level,math,19647330117036,Enadia Way Technology Charter,elementary,213,69.9531,10.0,18.8889,2413,26309,28722,40.21,30.0,47.6735,48.6347,-18.6347,-2.1717,below par,10.445,16.9329,elem|lowFRPM,170,21.7748,below par,False
level,math,19647336016935,Encino Charter Elementary,elementary,529,40.8318,4.7619,9.9567,1419,18301,19720,61.66,69.26,68.1157,68.6066,0.6534,0.0761,par,35.1217,34.7904,elem|lowFRPM,170,21.7748,above par,False
level,math,19647330122382,Engineering and Technology Academy at Esteban E. Torres High No. 3,high,263,97.7186,10.8434,24.0964,2724,24990,27714,8.06,14.29,14.2903,16.6195,-2.3295,-0.2715,par,5.1562,5.9968,secondary|highFRPM,62,6.4266,par,False
level,math,19647336058093,Ernest Lawrence Middle,middle,1076,69.7026,8.8152,11.8483,2080,18745,20825,29.19,37.2,40.2028,40.4501,-3.2501,-0.3788,par,17.8631,19.4238,secondary|lowFRPM,47,17.1541,par,False
level,math,19647336016943,Erwin Elementary,elementary,580,91.3793,22.9682,15.9011,3316,22391,25707,39.09,46.6,35.8339,36.4779,10.1221,1.1796,above par,18.1274,14.1899,elem|midFRPM,149,11.538,above par,False
level,math,19647336016950,Eshelman Avenue Elementary,elementary,449,86.8597,11.2745,10.7843,2735,20706,23441,41.31,46.26,44.0068,45.234,1.026,0.1196,par,19.7347,19.2969,elem|midFRPM,149,11.538,above par,False
level,math,19647336110969,Esperanza Elementary,elementary,577,97.9203,42.623,15.4098,3273,22411,25684,26.81,31.37,25.8006,26.7407,4.6293,0.5395,above par,12.2138,10.4114,elem|highFRPM,155,10.0423,par,False
level,math,19647330122119,Estrella Elementary,elementary,453,97.7925,31.5789,11.8421,3191,26333,29524,24.8,24.35,31.0816,30.8134,-6.4634,-0.7532,below par,8.2475,10.4367,elem|highFRPM,155,10.0423,par,False
level,math,19647336016968,Euclid Avenue Elementary,elementary,578,89.7924,15.1007,15.1007,3304,23133,26437,30.72,42.81,39.7928,40.0352,2.7748,0.3234,par,16.1932,15.1436,elem|midFRPM,149,11.538,above par,False
level,math,19647336016976,Evergreen Avenue Elementary,elementary,492,95.3252,21.7687,13.6054,3372,25159,28531,26.06,29.53,35.1968,35.1284,-5.5984,-0.6524,below par,10.3501,12.3124,elem|midFRPM,149,11.538,par,False
level,math,19647336016984,Fair Avenue Elementary,elementary,516,96.124,21.9231,18.4615,3412,27077,30489,29.49,31.92,32.7784,32.4124,-0.4924,-0.0574,par,10.4693,10.6308,elem|highFRPM,155,10.0423,par,False
level,math,19647336016992,Fairburn Avenue Elementary,elementary,466,24.6781,6.1111,10.0,1026,18119,19145,78.76,78.61,74.8226,75.2003,3.4097,0.3974,par,41.0603,39.2793,elem|lowFRPM,170,21.7748,above par,False
level,math,19647331932920,Fairfax Senior High,high,1495,87.3579,6.8047,11.5385,2585,21252,23837,22.7,23.24,28.4601,27.3839,-4.1439,-0.4829,par,9.7495,11.488,secondary|midFRPM,68,9.1192,par,False
level,math,19647336017008,Farmdale Elementary,elementary,324,87.3457,14.2857,19.7279,3240,27018,30258,43.8,44.3,38.3847,38.7365,5.5635,0.6484,above par,14.6408,12.8021,elem|midFRPM,149,11.538,par,False
level,math,19647330119966,Felicitas and Gonzalo Mendez High,high,694,94.5245,16.2338,12.3377,2954,23765,26719,16.29,28.95,20.2194,19.9682,8.9818,1.0467,above par,10.835,7.4734,secondary|midFRPM,68,9.1192,par,False
level,math,19647336017024,Fernangeles Elementary,elementary,459,96.732,26.9565,25.6522,3711,25505,29216,20.33,26.89,27.4134,28.3638,-1.4738,-0.1718,par,9.2039,9.7083,elem|highFRPM,155,10.0423,par,False
level,math,19647336017032,Fifteenth Street Elementary,elementary,353,95.4674,23.3161,19.171,3166,22537,25703,29.74,32.47,31.6998,33.6978,-1.2278,-0.1431,par,12.6328,13.1105,elem|highFRPM,155,10.0423,par,False
level,math,19647336017040,Fifty-Fourth Street Elementary,elementary,209,94.7368,0.0,19.6262,5944,34940,40884,40.57,45.79,39.6422,37.4131,8.3769,0.9762,above par,11.2,9.151,elem|midFRPM,149,11.538,par,False
level,math,19647336017057,Fifty-Ninth Street Elementary,elementary,202,93.0693,25.2252,24.3243,4296,38385,42681,29.7,38.39,29.0737,26.7791,11.6109,1.3531,above par,8.9946,6.2742,elem|midFRPM,149,11.538,par,False
level,math,19647336017065,Fifty-Second Street Elementary,elementary,606,98.5149,29.4521,15.411,3709,27866,31575,20.71,20.07,30.4479,29.2708,-9.2008,-1.0723,below par,6.3563,9.2703,elem|highFRPM,155,10.0423,below par,False
level,math,19647336017073,Figueroa Street Elementary,elementary,400,98.0,15.5251,16.895,3234,27794,31028,37.84,48.03,34.5598,34.3846,13.6454,1.5902,above par,15.4796,11.0818,elem|highFRPM,155,10.0423,above par,False
level,math,19647336017099,First Street Elementary,elementary,349,94.5559,15.493,23.4742,3518,23481,26999,31.61,42.99,33.1494,35.0366,7.9534,0.9269,above par,15.9228,12.977,elem|midFRPM,149,11.538,above par,False
level,math,19647336089700,Fishburn Avenue Elementary,elementary,430,94.4186,23.2432,16.2162,3075,28115,31190,28.64,31.22,33.7587,33.2505,-2.0305,-0.2366,par,10.0096,10.6606,elem|midFRPM,149,11.538,par,False
level,math,19647336017115,Fletcher Drive Elementary,elementary,156,97.4359,12.7907,22.093,4138,29760,33898,21.65,22.09,32.2114,33.2473,-11.1573,-1.3003,below par,6.5166,9.808,elem|highFRPM,155,10.0423,below par,False
level,math,19647336017123,Florence Avenue Elementary,elementary,489,97.3415,17.0213,16.5957,3403,25583,28986,33.85,42.04,34.7377,34.833,7.207,0.8399,above par,14.5036,12.0172,elem|highFRPM,155,10.0423,above par,False
level,math,19647336018527,Florence Griffith Joyner Elementary,elementary,399,99.4987,21.7617,17.0984,3933,31027,34960,14.02,21.03,31.4866,30.0938,-9.0638,-1.0563,below par,6.0154,8.6081,elem|highFRPM,155,10.0423,below par,False
level,math,19647336058192,Florence Nightingale Middle,middle,773,87.3221,8.3671,16.3293,2376,23896,26272,27.56,34.66,29.8858,29.9093,4.7507,0.5536,above par,13.1928,11.3845,secondary|midFRPM,68,9.1192,above par,False
level,math,19647336017131,Ford Boulevard Elementary,elementary,722,96.1219,23.6559,21.2366,3432,24856,28288,38.7,45.55,31.4611,31.4575,14.0925,1.6423,above par,16.1022,11.1204,elem|highFRPM,155,10.0423,above par,False
level,math,19647336017149,Forty-Ninth Street Elementary,elementary,491,97.3523,33.3333,9.6491,3791,25169,28960,18.63,33.19,31.6908,31.2651,1.9249,0.2243,par,11.4606,10.796,elem|highFRPM,155,10.0423,par,False
level,math,19647336017156,Forty-Second Street Elementary,elementary,215,89.3023,9.375,15.625,5283,36513,41796,14.74,27.08,40.4294,37.3535,-10.2735,-1.1973,below par,6.4791,8.9371,elem|midFRPM,149,11.538,below par,False
level,math,19647336061451,Foshay Learning Center,k12,1530,84.7059,12.2112,9.901,2256,18758,21014,21.55,20.85,29.9224,30.1528,-9.3028,-1.0841,below par,9.922,14.3489,secondary|lowFRPM,47,17.1541,below par,False
level,math,19647336017164,Fourth Street Elementary,elementary,303,90.7591,20.5357,27.2321,4279,32329,36608,22.17,25.33,31.226,30.3668,-5.0368,-0.587,below par,6.9193,8.2951,elem|midFRPM,149,11.538,below par,False
level,math,19647336058291,Francisco Sepulveda Middle,middle,1052,93.9163,17.9487,15.5897,2898,22112,25010,10.05,23.25,24.1076,24.1894,-0.9394,-0.1095,par,9.2963,9.6719,secondary|midFRPM,68,9.1192,par,False
level,math,19647330111971,Frank del Olmo Elementary,elementary,456,97.807,31.8777,17.4672,3473,22451,25924,29.72,36.55,28.5815,30.0018,6.5482,0.7631,above par,14.0989,11.573,elem|highFRPM,155,10.0423,above par,False
level,math,19647336017172,Franklin Avenue Elementary,elementary,387,25.5814,0.0,7.9787,1223,18934,20157,73.91,78.19,77.2407,77.4502,0.7398,0.0862,par,38.7905,38.4235,elem|lowFRPM,170,21.7748,above par,False
level,math,19647336017180,Fries Avenue Elementary,elementary,325,90.1538,24.8175,27.7372,4705,26316,31021,18.75,27.54,29.8173,30.7502,-3.2102,-0.3741,par,8.8779,9.9127,elem|midFRPM,149,11.538,par,False
level,math,19647336017198,Fullbright Avenue Elementary,elementary,321,91.2773,34.1176,14.1176,3292,23233,26525,31.74,28.24,31.6551,33.0252,-4.7852,-0.5577,below par,10.6466,12.4506,elem|midFRPM,149,11.538,par,False
level,math,19647336017206,Garden Grove Elementary,elementary,306,94.1176,25.641,19.2308,2490,25902,28392,49.04,46.2,31.2252,32.5561,13.6439,1.5901,above par,16.2722,11.4666,elem|midFRPM,149,11.538,above par,False
level,math,19647336017214,Gardena Elementary,elementary,398,95.2261,28.7736,10.8491,3128,21105,24233,28.57,27.96,33.5212,35.0858,-7.1258,-0.8304,below par,11.538,14.4785,elem|midFRPM,149,11.538,par,False
level,math,19647331933241,Gardena Senior High,high,1343,93.522,7.8078,12.3123,2865,22692,25557,15.69,34.53,24.7742,23.6032,10.9268,1.2734,above par,13.511,9.2355,secondary|midFRPM,68,9.1192,above par,False
level,math,19647336017222,Gardner Street Elementary,elementary,361,76.1773,20.8333,5.9524,2152,24669,26821,41.21,39.77,47.1204,46.8798,-7.1098,-0.8286,below par,14.8279,17.4788,elem|lowFRPM,170,21.7748,below par,False
level,math,19647336017230,Garvanza Elementary School Technology and Leadership Magnet,elementary,239,81.59,8.8235,16.6667,3660,34664,38324,43.86,41.18,43.8848,41.6024,-0.4224,-0.0492,par,10.7452,10.8554,elem|lowFRPM,170,21.7748,below par,False
level,math,19647336061584,Gaspar De Portola Charter Middle,middle,1461,49.0075,5.2212,15.446,1560,19658,21218,56.91,59.24,49.9445,49.0738,10.1662,1.1848,above par,27.9197,23.1284,secondary|lowFRPM,47,17.1541,above par,False
level,math,19647336017248,Gates Street Elementary,elementary,450,93.7778,22.0339,21.6102,3261,24757,28018,42.54,42.98,32.2706,33.1844,9.7956,1.1416,above par,15.3401,11.844,elem|midFRPM,149,11.538,above par,False
level,math,19647336017255,Gault Street Elementary,elementary,298,87.9195,26.7123,23.9726,2374,22039,24413,39.42,32.68,31.6175,34.5403,-1.8603,-0.2168,par,13.3863,14.1483,elem|midFRPM,149,11.538,par,False
level,math,19647330111955,George De La Torre Jr. Elementary,elementary,598,98.495,22.7528,17.1348,3708,23085,26793,19.43,30.05,32.1694,32.7411,-2.6911,-0.3136,par,11.2156,12.22,elem|highFRPM,155,10.0423,par,False
level,math,19647336061477,George Ellery Hale Charter Academy,middle,1693,50.9746,3.7313,9.6393,1069,17263,18332,50.97,52.63,52.2803,51.661,0.969,0.1129,par,28.7094,28.1808,secondary|lowFRPM,47,17.1541,above par,False
level,math,19647336058242,George K. Porter Middle,middle,1009,74.5292,3.5971,12.9496,2365,20022,22387,39.08,47.16,39.3448,39.422,7.738,0.9018,above par,21.0658,17.6093,secondary|lowFRPM,47,17.1541,above par,False
level,math,19647336057921,George Washington Carver Middle,middle,635,98.2677,24.6935,17.1629,3100,26172,29272,10.87,18.91,18.2081,18.1181,0.7919,0.0923,par,6.4601,6.1896,secondary|highFRPM,62,6.4266,par,False
level,math,19647331939305,George Washington Preparatory High,high,738,97.1545,13.8365,16.3522,3199,29758,32957,5.21,18.13,18.2787,16.2419,1.8881,0.22,par,5.5011,4.9282,secondary|highFRPM,62,6.4266,par,False
level,math,19647330126425,"Gerald A. Lawson Academy of the Arts, Mathematics and Science",elementary,480,98.5417,34.4262,11.8852,3482,22764,26246,12.98,15.51,29.7578,30.5273,-15.0173,-1.7501,below par,5.9095,11.6312,elem|highFRPM,155,10.0423,below par,False
level,math,19647336017263,Germain Academy For Academic Achievement,elementary,564,68.9716,6.8273,10.8434,1994,22813,24807,41.97,44.18,54.1643,53.8765,-9.6965,-1.13,below par,17.8095,21.7183,elem|lowFRPM,170,21.7748,below par,False
level,math,19647336019244,Gil Garcetti Learning Academy,elementary,519,98.2659,28.8973,14.4487,2903,24084,26987,40.77,37.16,30.9449,31.5052,5.6548,0.659,above par,13.7696,11.6742,elem|highFRPM,155,10.0423,above par,False
level,math,19647330133603,"Girls Academic Leadership Academy, Dr. Michelle King School for Sci, Tech, Eng and Math",k12,720,56.6667,0.0,5.2885,1787,22581,24368,64.72,63.31,48.12,47.208,16.102,1.8765,above par,25.9808,19.373,secondary|lowFRPM,47,17.1541,above par,False
level,math,19647336017271,"Glassell Park ES Science, Technology, Engineering, Arts and Math Magnet",elementary,234,93.1624,12.7273,27.2727,3594,32243,35837,24.11,27.27,32.5953,32.5251,-5.2551,-0.6124,below par,7.6095,9.0758,elem|midFRPM,149,11.538,below par,False
level,math,19647336017289,Gledhill Street Elementary,elementary,373,78.8204,13.7255,23.5294,3280,30817,34097,38.22,46.1,41.0943,39.9272,6.1728,0.7194,above par,13.5203,11.7099,elem|lowFRPM,170,21.7748,below par,False
level,math,19647336017297,Glen Alta Elementary,elementary,112,97.3214,11.4286,17.1429,3928,37801,41729,39.51,37.14,34.3779,32.9587,4.1813,0.4873,par,8.9003,7.8983,elem|highFRPM,155,10.0423,par,False
level,math,19647336017305,Glenfeliz Boulevard Elementary,elementary,189,74.0741,0.0,16.4706,2746,32728,35474,32.65,48.81,50.3142,49.1101,-0.3001,-0.035,par,13.7594,13.844,elem|lowFRPM,170,21.7748,below par,False
level,math,19647336066294,Glenn Hammond Curtiss Middle,middle,341,89.7361,4.0123,19.7531,3396,32336,35732,22.32,26.23,27.7058,26.4345,-0.2045,-0.0238,par,7.3408,7.398,secondary|midFRPM,68,9.1192,par,False
level,math,19647336017313,Glenwood Elementary,elementary,189,92.0635,32.4324,20.2703,6731,34522,41253,25.77,32.89,28.5083,26.4673,6.4227,0.7485,above par,7.9728,6.4159,elem|midFRPM,149,11.538,below par,False
level,math,19647336017321,Graham Elementary,elementary,522,97.7011,30.4029,15.0183,3195,25980,29175,16.08,24.91,30.4161,30.2674,-5.3574,-0.6243,below par,8.5381,10.3744,elem|highFRPM,155,10.0423,par,False
level,math,19647336017339,Granada Elementary,elementary,370,92.973,16.6667,13.3333,2491,24453,26944,30.43,32.68,37.8451,38.713,-6.033,-0.7031,below par,12.1289,14.3679,elem|midFRPM,149,11.538,par,False
level,math,19647336017347,Grand View Boulevard Elementary,elementary,510,65.4902,7.9812,12.6761,2474,24037,26511,51.71,53.3,54.4072,53.7798,-0.4798,-0.0559,par,20.1049,20.2858,elem|lowFRPM,170,21.7748,par,False
level,math,19647336017354,Grant Elementary,elementary,365,93.9726,28.5714,20.2765,3844,30568,34412,32.88,38.77,30.0308,29.1085,9.6615,1.1259,above par,11.2664,8.4588,elem|midFRPM,149,11.538,par,False
level,math,19647336017362,Grape Street Elementary,elementary,333,97.8979,14.9701,12.5749,4246,26982,31228,24.72,31.36,36.376,36.0945,-4.7345,-0.5518,below par,10.0423,11.5584,elem|highFRPM,155,10.0423,par,False
level,math,19647336113419,Gratts Learning Academy for Young Scholars (GLAYS),elementary,408,96.3235,33.9623,12.7358,3352,27352,30704,26.58,24.32,30.3423,29.9116,-5.5916,-0.6516,below par,7.9208,9.7419,elem|highFRPM,155,10.0423,par,False
level,math,19647336017388,Gridley-Montañez Dual Language Academy,elementary,454,85.9031,18.8482,8.377,3306,29581,32887,16.67,20.62,42.6989,40.5247,-19.9047,-2.3197,below par,6.27,12.3224,elem|lowFRPM,170,21.7748,below par,False
level,math,19647336017396,Griffin Avenue Elementary,elementary,287,91.9861,17.6923,17.6923,3393,26553,29946,28.47,40.0,35.6876,36.3698,3.6302,0.4231,par,13.3574,12.1451,elem|midFRPM,149,11.538,par,False
level,math,19647331931864,Grover Cleveland Charter High,high,2719,71.4969,6.8182,10.8766,2082,18893,20975,38.12,40.49,36.9037,35.0724,5.4176,0.6314,above par,19.3039,16.721,secondary|lowFRPM,47,17.1541,par,False
level,math,19647336017404,Gulf Avenue Elementary,elementary,634,92.5868,19.0635,17.3913,2887,20195,23082,36.16,38.61,36.2155,37.7276,0.8824,0.1028,par,16.7273,16.345,elem|midFRPM,149,11.538,above par,False
level,math,19647336017412,Haddon Avenue Elementary,elementary,590,90.678,23.2877,7.8767,3809,25838,29647,26.45,26.28,39.4775,38.0457,-11.7657,-1.3712,below par,8.8643,12.8329,elem|midFRPM,149,11.538,par,False
level,math,19647336017420,Halldale Elementary,elementary,425,86.1176,9.6257,16.5775,2574,24787,27361,44.0,50.53,42.4075,42.8884,7.6416,0.8906,above par,18.4679,15.675,elem|lowFRPM,170,21.7748,below par,False
level,math,19647336017438,Hamlin Charter Academy,elementary,314,68.4713,13.6,18.4,2805,30362,33167,34.13,40.46,47.8141,46.4807,-6.0207,-0.7016,below par,12.1989,14.0141,elem|lowFRPM,170,21.7748,below par,False
level,math,19647336017453,Hancock Park Elementary,elementary,589,55.5178,7.0352,14.0704,1458,19852,21310,64.02,59.64,58.9515,59.5788,0.0612,0.0071,par,27.9869,27.9581,elem|lowFRPM,170,21.7748,above par,False
level,math,19647336017461,Harbor City Elementary,elementary,420,92.381,16.6667,16.1905,2790,23475,26265,32.99,36.02,37.0898,38.1771,-2.1571,-0.2514,par,13.7141,14.5354,elem|midFRPM,149,11.538,par,False
level,math,19647336017479,Harding Street Elementary,elementary,357,77.8711,12.426,22.4852,2280,24605,26885,37.06,35.67,42.387,43.5974,-7.9274,-0.9238,below par,13.2676,16.2162,elem|lowFRPM,170,21.7748,below par,False
level,math,19647330106955,Harmony Elementary,elementary,409,97.555,34.1837,17.3469,4816,26576,31392,20.18,25.13,27.7377,27.5146,-2.3846,-0.2779,par,8.0052,8.7649,elem|highFRPM,155,10.0423,par,False
level,math,19647336017487,Harrison Street Elementary,elementary,229,95.1965,15.534,13.5922,6454,38543,44997,18.8,24.27,36.4174,32.2033,-7.9333,-0.9245,below par,5.3937,7.1568,elem|midFRPM,149,11.538,below par,False
level,math,19647330126581,Harry Bridges Span,elementary,1171,90.7771,13.5458,11.8194,2687,18648,21335,40.32,41.59,42.3607,42.7418,-1.1518,-0.1342,par,19.4938,20.0337,elem|midFRPM,149,11.538,above par,False
level,math,19647336017495,Hart Street Elementary,elementary,699,96.5665,41.9355,20.0,2994,21847,24841,24.38,20.32,25.0074,26.2215,-5.9015,-0.6878,below par,8.18,10.5557,elem|highFRPM,155,10.0423,par,False
level,math,19647330109314,Harvard Elementary,elementary,249,95.1807,23.5294,22.6891,3686,29054,32740,36.44,36.36,29.7363,30.3162,6.0438,0.7043,above par,11.1057,9.2597,elem|midFRPM,149,11.538,par,False
level,math,19647336017503,Haskell Elementary Science Technology Engineering Arts And Mathematics (STEAM) Magnet,elementary,560,74.8214,8.1851,15.6584,2026,20719,22745,46.79,49.29,48.9218,49.9658,-0.6758,-0.0788,par,21.6707,21.9678,elem|lowFRPM,170,21.7748,par,False
level,math,19647336017511,Hawaiian Avenue Elementary,elementary,455,96.4835,21.4612,17.8082,3279,28522,31801,23.58,24.66,32.8741,32.2551,-7.5951,-0.8851,below par,7.7545,10.1428,elem|highFRPM,155,10.0423,par,False
level,math,19647336017529,Haynes Charter for Enriched Studies,elementary,381,42.7822,4.908,17.1779,1428,21341,22769,55.56,58.54,63.6062,64.3789,-5.8389,-0.6805,below par,25.7104,28.2748,elem|lowFRPM,170,21.7748,above par,False
level,math,19647336017537,Hazeltine Avenue Elementary,elementary,621,94.2029,35.5172,16.8966,3272,20947,24219,31.55,34.56,29.5981,30.8601,3.6999,0.4312,par,14.2698,12.7421,elem|midFRPM,149,11.538,par,False
level,math,19647330117069,Helen Bernstein High,high,703,93.1721,32.7957,11.2903,4266,25874,30140,9.36,21.62,15.2091,13.728,7.892,0.9197,above par,7.1732,4.5547,secondary|midFRPM,68,9.1192,par,False
level,math,19647336017545,Heliotrope Avenue Elementary,elementary,462,95.671,18.2692,19.2308,3228,25297,28525,37.56,47.12,33.8391,34.3731,12.7469,1.4855,above par,16.5188,12.0502,elem|highFRPM,155,10.0423,above par,False
level,math,19647336061469,Henry T. Gage Middle,middle,1139,95.1712,16.1439,15.5904,2729,22060,24789,19.62,18.77,24.3142,24.3562,-5.5862,-0.651,below par,7.5719,9.8254,secondary|midFRPM,68,9.1192,par,False
level,math,19647336017552,Herrick Avenue Elementary,elementary,379,87.3351,16.8539,22.4719,2981,26339,29320,32.07,26.97,36.5104,37.1353,-10.1653,-1.1847,below par,9.1985,12.6655,elem|midFRPM,149,11.538,par,False
level,math,19647330112060,Hesby Oaks Leadership Academy,elementary,494,22.2672,1.791,11.6418,1398,19073,20471,69.38,70.15,76.9069,76.7684,-6.6184,-0.7713,below par,34.268,37.5011,elem|lowFRPM,170,21.7748,above par,False
level,math,19647336017586,Hillcrest Drive Elementary,elementary,486,97.3251,23.5043,14.9573,3577,30340,33917,20.62,21.61,33.0471,31.385,-9.775,-1.1392,below par,6.3714,9.2535,elem|highFRPM,155,10.0423,below par,False
level,math,19647336017081,Hillery T. Broadous Elementary,elementary,343,96.5015,31.7365,21.5569,4368,33366,37734,23.56,29.76,27.0685,25.3586,4.4014,0.5129,above par,7.8868,6.7204,elem|highFRPM,155,10.0423,par,False
level,math,19647336017594,Hillside Elementary,elementary,92,91.3043,16.6667,11.9048,8190,51755,59945,34.0,45.24,37.1461,29.3337,15.9063,1.8537,above par,7.5469,4.8934,elem|midFRPM,149,11.538,below par,False
level,math,19647336017602,Hobart Boulevard Elementary,elementary,420,98.0952,33.6406,20.2765,3670,24057,27727,20.0,21.66,26.4829,27.7128,-6.0528,-0.7054,below par,7.8119,9.9949,elem|highFRPM,155,10.0423,par,False
level,math,19647336058051,Hollenbeck Middle,middle,927,96.0086,9.5346,16.2316,2932,23007,25939,31.06,38.31,25.7831,25.8745,12.4355,1.4492,above par,14.7693,9.9751,secondary|highFRPM,62,6.4266,above par,False
level,math,19647330109298,Hollywood Elementary,elementary,175,94.2857,13.5135,36.4865,5959,41521,47480,24.32,35.14,27.4379,24.8371,10.3029,1.2007,above par,7.401,5.2311,elem|midFRPM,149,11.538,below par,False
level,math,19647331934033,Hollywood Senior High,high,1025,92.6829,5.2632,15.3509,3075,24558,27633,17.07,34.2,24.4005,23.2583,10.9417,1.2751,above par,12.3765,8.4169,secondary|midFRPM,68,9.1192,par,False
level,math,19647336017610,Holmes Avenue Elementary,elementary,125,100.0,17.4603,23.8095,8091,56248,64339,7.59,14.29,28.2563,19.7294,-5.4394,-0.6339,below par,2.221,3.0665,elem|highFRPM,155,10.0423,below par,False
level,math,19647336017628,Hooper Avenue Elementary,elementary,608,98.8487,33.8279,13.3531,3830,23996,27826,14.25,19.94,29.5646,29.4965,-9.5565,-1.1137,below par,7.166,10.6004,elem|highFRPM,155,10.0423,par,False
level,math,19647336017636,Hoover Street Elementary,elementary,551,98.0036,22.7451,21.5686,3004,20794,23798,61.72,67.18,30.3893,32.489,34.691,4.0429,above par,28.2293,13.652,elem|highFRPM,155,10.0423,above par,False
level,math,19647330109421,Hope Street Elementary,elementary,338,93.1953,11.4094,15.4362,2614,23882,26496,26.63,24.83,38.6486,40.0002,-15.1702,-1.7679,below par,9.3712,15.0967,elem|midFRPM,149,11.538,par,False
level,math,19647330135681,Horace Mann UCLA Community,k12,440,95.0,13.1579,27.6316,3462,33588,37050,6.47,19.41,15.4523,14.5133,4.8967,0.5707,above par,5.2389,3.9172,secondary|midFRPM,68,9.1192,below par,False
level,math,19647336017644,Hubbard Street Elementary,elementary,535,88.5981,15.4676,14.3885,2191,20466,22657,39.64,36.92,40.3936,41.9503,-5.0303,-0.5862,below par,16.2952,18.5154,elem|midFRPM,149,11.538,above par,False
level,math,19647336057871,Hubert Howe Bancroft Middle,middle,457,91.4661,16.21,17.5799,3408,28414,31822,14.37,27.0,23.7834,23.2112,3.7888,0.4415,par,8.4847,7.2941,secondary|midFRPM,68,9.1192,par,False
level,math,19647330122358,Humanitas Academy of Art and Technology at Esteban E. Torres High No. 4,high,398,95.4774,13.1313,21.2121,1713,18939,20652,7.23,7.07,16.3205,19.9351,-12.8651,-1.4993,below par,3.4234,9.6529,secondary|highFRPM,62,6.4266,par,False
level,math,19647330127787,Humanities and Arts (HARTS) Academy of Los Angeles,high,296,80.7432,0.0,21.3115,1298,20360,21658,33.33,39.34,27.4296,30.6975,8.6425,1.0072,above par,18.1642,14.1738,secondary|lowFRPM,47,17.1541,par,False
level,math,19647336017651,Humphreys Avenue Elementary,elementary,364,94.5055,26.7442,16.2791,3605,25513,29118,31.71,37.79,32.1555,32.6808,5.1092,0.5954,above par,12.9782,11.2236,elem|midFRPM,149,11.538,par,False
level,math,19647336017669,Huntington Drive Elementary,elementary,282,92.9078,13.1387,31.3869,3395,33805,37200,22.06,25.9,31.0881,30.5617,-4.6617,-0.5433,below par,6.9624,8.2155,elem|midFRPM,149,11.538,below par,False
level,math,19647330111997,Huntington Park Elementary,elementary,261,95.4023,18.2432,17.5676,3527,26854,30381,37.66,37.58,33.8293,34.6515,2.9285,0.3413,par,12.3696,11.4056,elem|midFRPM,149,11.538,par,False
level,math,19647331934157,Huntington Park Senior High,high,1479,95.1318,15.0943,10.6918,2700,21381,24081,9.64,20.69,22.187,21.2827,-0.5927,-0.0691,par,8.5918,8.838,secondary|midFRPM,68,9.1192,par,False
level,math,19647336114722,Independence Elementary,elementary,418,94.7368,15.8879,14.0187,3120,28019,31139,40.55,31.48,37.2126,36.5582,-5.0782,-0.5918,below par,10.1095,11.7403,elem|midFRPM,149,11.538,par,False
level,math,19647330107011,International Studies Learning Center at Legacy High School Complex,k12,867,86.1592,5.2124,11.9691,1685,17923,19608,21.8,31.66,30.106,32.0642,-0.4042,-0.0471,par,16.1465,16.3526,secondary|lowFRPM,47,17.1541,par,False
level,math,19647336017685,Ivanhoe Elementary,elementary,426,17.8404,0.0,10.6599,1066,17935,19001,68.64,77.78,79.7942,80.1807,-2.4007,-0.2798,par,40.9347,42.1981,elem|lowFRPM,170,21.7748,above par,False
level,math,19647330122168,Jaime Escalante Elementary,elementary,453,95.1435,24.1379,11.2069,3935,29429,33364,49.16,45.3,35.3057,33.5636,11.7364,1.3678,above par,13.5775,10.0598,elem|midFRPM,149,11.538,par,False
level,math,19647331933381,James A. Garfield Senior High,high,2237,92.8029,5.5336,15.8103,2402,19960,22362,25.72,28.54,25.2126,24.4312,4.1088,0.4788,par,12.7627,10.9253,secondary|midFRPM,68,9.1192,above par,False
level,math,19647336061519,James Madison Middle,middle,1148,95.9059,21.2746,12.8397,2880,22535,25415,16.71,23.32,23.2709,22.8993,0.4207,0.049,par,9.1757,9.0102,secondary|highFRPM,62,6.4266,par,False
level,math,19647331935865,James Monroe High,high,1905,94.0682,17.3121,18.2232,2725,21721,24446,14.22,10.5,19.0313,18.16,-7.66,-0.8927,below par,4.2952,7.4286,secondary|midFRPM,68,9.1192,below par,False
level,math,19647336058325,John A. Sutter Middle,middle,763,92.3984,20.8976,18.2328,3307,23424,26731,16.1,21.14,22.1159,22.4106,-1.2706,-0.1481,par,7.9084,8.3837,secondary|midFRPM,68,9.1192,par,False
level,math,19647336057855,John Adams Middle,middle,676,96.4497,14.8092,13.1298,2894,23509,26403,35.26,32.07,24.489,24.7858,7.2842,0.8489,above par,12.1463,9.3875,secondary|highFRPM,62,6.4266,above par,False
level,math,19647336018196,John B. Monlux Elementary,elementary,660,87.7273,16.9381,6.5147,2547,21506,24053,51.69,61.74,43.9145,43.9038,17.8362,2.0786,above par,25.6683,18.2529,elem|midFRPM,149,11.538,above par,False
level,math,19647336061410,John Burroughs Middle,middle,1302,79.9539,5.7785,6.6613,2173,17421,19594,45.72,48.41,39.1083,39.2997,9.1103,1.0617,above par,24.7065,20.057,secondary|lowFRPM,47,17.1541,above par,False
level,math,19647331933118,John C. Fremont Senior High,high,1889,97.459,17.5926,10.1852,2564,20663,23227,14.39,13.89,20.7798,19.754,-5.864,-0.6834,below par,5.9801,8.5048,secondary|highFRPM,62,6.4266,par,False
level,math,19647331939941,John F. Kennedy High,high,2152,72.026,3.2389,10.7287,2087,20286,22373,30.28,33.0,37.693,35.8158,-2.8158,-0.3281,par,14.7499,16.0085,secondary|lowFRPM,47,17.1541,par,False
level,math,19647331932987,John H. Francis Polytechnic,high,2124,93.5499,9.4923,11.0375,2561,21228,23789,19.03,23.61,25.3663,23.8327,-0.2227,-0.026,par,9.9248,10.0184,secondary|midFRPM,68,9.1192,par,False
level,math,19647330114199,John H. Liechty Middle,middle,748,98.262,27.9202,20.0855,3247,24803,28050,12.2,17.39,16.0236,16.3081,1.0819,0.1261,par,6.1996,5.814,secondary|highFRPM,62,6.4266,par,False
level,math,19647331935568,John Marshall Senior High,high,1842,71.1726,3.8554,14.6988,2128,19690,21818,46.46,42.09,35.9369,34.8551,7.2349,0.8432,above par,19.2914,15.9754,secondary|lowFRPM,47,17.1541,par,False
level,math,19647336058176,John Muir Middle,middle,624,98.7179,22.0395,14.4737,3411,25919,29330,6.73,14.88,20.0964,19.7884,-4.9084,-0.572,below par,5.0733,6.7468,secondary|highFRPM,62,6.4266,par,False
level,math,19647330109355,John W. Mack Elementary,elementary,283,96.4664,23.8095,11.9048,4709,32550,37259,22.3,23.39,33.8222,31.7529,-8.3629,-0.9746,below par,6.2777,8.5222,elem|highFRPM,155,10.0423,below par,False
level,math,19647336061535,"Johnnie Cochran, Jr., Middle",middle,441,94.5578,22.276,28.0872,3736,32469,36205,9.73,12.21,15.6091,14.6775,-2.4675,-0.2876,par,3.3725,4.054,secondary|midFRPM,68,9.1192,below par,False
level,math,19647331934454,Jordan High,high,797,97.867,6.5041,18.6992,3051,24841,27892,6.21,24.79,19.7664,19.4812,5.3088,0.6187,above par,8.8879,6.9845,secondary|highFRPM,62,6.4266,par,False
level,math,19647336061501,Joseph Le Conte Middle,middle,627,94.7368,20.8197,17.7049,3245,23149,26394,14.8,16.05,21.0041,21.8125,-5.7625,-0.6716,below par,6.0809,8.2642,secondary|midFRPM,68,9.1192,par,False
level,math,19647330122176,Judith F. Baca Arts Academy,elementary,495,97.7778,22.7799,16.2162,3290,24135,27425,31.89,30.27,32.5978,33.2056,-2.9356,-0.3421,par,11.0374,12.1078,elem|highFRPM,155,10.0423,par,False
level,math,19647330122192,Julie Korenstein Elementary,elementary,311,96.463,38.7324,11.2676,3658,25067,28725,22.22,32.37,28.7431,29.3856,2.9844,0.3478,par,11.2689,10.23,elem|highFRPM,155,10.0423,par,False
level,math,19647336017693,Justice Street Academy Charter,elementary,430,41.8605,3.6842,14.7368,1244,19646,20890,65.78,64.4,65.6982,66.6273,-2.2273,-0.2596,par,30.8281,31.8943,elem|lowFRPM,170,21.7748,above par,False
level,math,19647330135707,Katherine Johnson STEM Academy,middle,133,70.6767,6.015,22.5564,1543,27088,28631,28.46,43.94,33.1178,35.592,8.348,0.9729,above par,15.347,12.4313,secondary|lowFRPM,47,17.1541,par,False
level,math,19647336017701,Kenter Canyon Elementary Charter,elementary,453,13.245,0.0,16.3158,1024,19000,20024,84.62,81.58,79.5875,79.8488,1.7312,0.2018,par,40.7411,39.8765,elem|lowFRPM,170,21.7748,above par,False
level,math,19647336017719,Kentwood Elementary,elementary,352,30.3977,0.0,19.2,1987,23478,25465,69.57,80.8,70.1159,69.8566,10.9434,1.2753,above par,31.7298,27.4324,elem|lowFRPM,170,21.7748,above par,False
level,math,19647336017727,Kester Avenue Elementary,elementary,886,46.9526,7.8049,13.6585,1544,18614,20158,71.53,72.64,63.3807,63.3077,9.3323,1.0876,above par,36.0353,31.4057,elem|lowFRPM,170,21.7748,above par,False
level,math,19647330109405,Kingsley Elementary,elementary,288,96.5278,37.4046,12.2137,3660,26295,29955,29.63,35.97,28.6852,29.1353,6.8347,0.7965,above par,12.008,9.7263,elem|highFRPM,155,10.0423,par,False
level,math,19647336017735,Kittridge Street Elementary,elementary,768,93.099,28.3333,10.8333,2315,18247,20562,24.33,37.2,35.6445,37.1401,0.0599,0.007,par,18.0916,18.0625,elem|midFRPM,149,11.538,above par,False
level,math,19647336017743,Knollwood Preparatory Academy,elementary,381,61.6798,4.5161,20.0,1861,26438,28299,41.85,42.95,53.8803,53.6841,-10.7341,-1.2509,below par,15.1772,18.9703,elem|lowFRPM,170,21.7748,below par,False
level,math,19647336017750,La Salle Avenue Elementary,elementary,330,95.7576,10.596,16.5563,3476,28094,31570,25.87,26.97,37.2603,37.1314,-10.1614,-1.1842,below par,8.5429,11.7616,elem|highFRPM,155,10.0423,par,False
level,math,19647336017768,Lanai Road Elementary,elementary,566,10.424,0.0,7.451,1222,18425,19647,79.92,80.78,84.9849,84.0909,-3.3109,-0.3859,par,41.1157,42.8009,elem|lowFRPM,170,21.7748,above par,False
level,math,19647336017776,Langdon Avenue Elementary,elementary,532,96.0526,27.1255,17.004,3526,24207,27733,20.53,17.72,31.562,31.9624,-14.2424,-1.6598,below par,6.3895,11.5251,elem|highFRPM,155,10.0423,below par,False
level,math,19647336017784,Lankershim Elementary,elementary,326,92.9448,37.3984,18.6992,2386,26899,29285,25.53,29.13,27.7565,28.6406,0.4894,0.057,par,9.9471,9.78,elem|midFRPM,149,11.538,par,False
level,math,19647336017792,Lassen Elementary,elementary,412,89.0777,27.1277,21.8085,2682,26366,29048,41.32,35.75,32.3363,32.9498,2.8002,0.3263,par,12.3072,11.3432,elem|midFRPM,149,11.538,par,False
level,math,19647336017800,Latona Avenue Elementary,elementary,149,89.2617,10.8108,17.5676,2986,31679,34665,43.04,31.08,38.5471,38.728,-7.648,-0.8913,below par,8.9658,11.1721,elem|midFRPM,149,11.538,par,False
level,math,19647336017826,Leapwood Avenue Elementary,elementary,222,72.0721,0.0,17.0213,2201,28435,30636,31.52,39.36,51.2379,51.3395,-11.9795,-1.3961,below par,12.8476,16.7579,elem|lowFRPM,170,21.7748,below par,False
level,math,19647336017834,Leland Street Elementary,elementary,418,83.4928,8.5859,16.6667,2620,24098,26718,31.13,33.17,43.9317,44.5724,-11.4024,-1.3288,below par,12.4149,16.6825,elem|lowFRPM,170,21.7748,below par,False
level,math,19647336017842,Lemay Street Elementary,elementary,334,91.9162,14.9351,22.7273,2947,28155,31102,32.21,47.74,34.8181,35.2495,12.4905,1.4556,above par,15.3495,11.3335,elem|midFRPM,149,11.538,above par,False
level,math,19647336019483,Lenicia B. Weemes Elementary,elementary,394,95.6853,16.2921,7.3034,4498,30377,34875,25.97,25.97,39.3977,37.049,-11.079,-1.2911,below par,7.4466,10.6234,elem|highFRPM,155,10.0423,par,False
level,math,19647336110266,Leo Politi Elementary,elementary,504,94.4444,35.8025,21.3992,4507,28199,32706,18.59,22.49,27.1558,26.3542,-3.8642,-0.4503,par,6.8764,8.0579,elem|midFRPM,149,11.538,below par,False
level,math,19647336017859,Liberty Boulevard Elementary,elementary,410,96.8293,20.4301,23.1183,3050,26005,29055,32.21,37.37,30.6807,31.6472,5.7228,0.6669,above par,12.8618,10.8922,elem|highFRPM,155,10.0423,par,False
level,math,19647336017867,Liggett Street Elementary,elementary,550,91.2727,20.1681,20.1681,3177,23409,26586,33.33,34.16,35.0188,35.8194,-1.6594,-0.1934,par,12.8489,13.473,elem|midFRPM,149,11.538,par,False
level,math,19647336017875,Lillian Street Elementary,elementary,302,94.702,24.6667,10.6667,3501,24899,28400,23.98,27.33,34.9397,35.5644,-8.2344,-0.9596,below par,9.6232,12.5227,elem|midFRPM,149,11.538,par,False
level,math,19647336017883,Limerick Avenue Elementary,elementary,656,94.9695,20.9524,15.2381,3687,21497,25184,42.73,43.69,35.3941,36.0397,7.6503,0.8916,above par,17.3483,14.3106,elem|midFRPM,149,11.538,above par,False
level,math,19647330126516,Linda Esperanza Marquez High A Huntington Park Institute of Applied Medicine,high,729,93.4156,4.6512,8.1395,3837,18619,22456,25.79,36.63,26.8503,27.4812,9.1488,1.0662,above par,16.3119,12.2378,secondary|midFRPM,68,9.1192,above par,False
level,math,19647330126524,Linda Esperanza Marquez High B LIBRA Academy,high,615,94.3089,4.1379,7.5862,1668,17389,19057,15.97,20.14,26.6116,28.683,-8.543,-0.9956,below par,10.5683,15.0511,secondary|midFRPM,68,9.1192,par,False
level,math,19647330126532,Linda Esperanza Marquez High C School of Social Justice,high,541,95.0092,12.5,5.0,1992,17852,19844,13.45,21.67,24.1222,26.009,-4.339,-0.5057,below par,10.9202,13.1067,secondary|midFRPM,68,9.1192,par,False
level,math,19647336017891,Lockhurst Drive Charter Elementary,elementary,438,31.7352,7.027,14.5946,1510,24754,26264,65.24,69.02,69.2009,67.9457,1.0743,0.1252,par,26.2793,25.8703,elem|lowFRPM,170,21.7748,above par,False
level,math,19647336017909,Lockwood Avenue Elementary,elementary,285,96.4912,30.4878,12.1951,3745,30691,34436,24.12,25.29,31.2399,30.1657,-4.8757,-0.5682,below par,7.3441,8.7599,elem|highFRPM,155,10.0423,par,False
level,math,19647336017917,Logan Academy of Global Ecology,elementary,362,93.6464,19.3798,18.6047,3651,31941,35592,19.6,27.2,34.2623,32.757,-5.557,-0.6476,below par,7.6422,9.2035,elem|midFRPM,149,11.538,below par,False
level,math,19647336017925,Loma Vista Elementary,elementary,498,97.992,24.6914,18.5185,3443,24368,27811,30.89,43.67,30.8255,31.5089,12.1611,1.4172,above par,15.7024,11.3297,elem|highFRPM,155,10.0423,above par,False
level,math,19647336066278,Loren Miller Elementary,elementary,601,99.0017,31.746,13.0159,3473,24445,27918,25.52,28.13,30.3869,30.2752,-2.1452,-0.25,par,10.0759,10.8443,elem|highFRPM,155,10.0423,par,False
level,math,19647336017941,Lorena Street Elementary,elementary,383,99.7389,27.3684,21.5789,3904,27211,31115,17.22,26.74,27.3458,27.747,-1.007,-0.1174,par,8.5939,8.9176,elem|highFRPM,155,10.0423,par,False
level,math,19647336017958,Loreto Street Elementary,elementary,250,92.0,20.339,28.8136,3731,27053,30784,29.17,33.06,29.77,31.407,1.653,0.1926,par,10.7393,10.2024,elem|midFRPM,149,11.538,par,False
level,math,19647336017966,Lorne Street Elementary,elementary,372,70.9677,6.7073,19.5122,2186,23234,25420,36.52,43.45,48.9849,50.0882,-6.6382,-0.7736,below par,17.0928,19.7042,elem|lowFRPM,170,21.7748,below par,False
level,math,19647336115794,Los Angeles Academy Middle,middle,829,97.7081,20.0772,12.0978,3166,26564,29730,12.92,19.16,22.7157,21.4924,-2.3324,-0.2718,par,6.4447,7.2292,secondary|highFRPM,62,6.4266,par,False
level,math,19647336111512,Los Angeles Elementary,elementary,406,95.5665,32.6316,17.3684,3858,29166,33024,25.0,19.19,29.2011,28.369,-9.179,-1.0697,below par,5.8109,8.5904,elem|highFRPM,155,10.0423,below par,False
level,math,19647330117747,Los Angeles High School of the Arts,high,431,96.0557,23.0769,20.8791,2128,19829,21957,19.0,18.68,12.6551,15.7221,2.9579,0.3447,par,8.5075,7.1604,secondary|highFRPM,62,6.4266,par,False
level,math,19647331935352,Los Angeles Senior High,high,978,90.7975,19.3676,13.834,3010,25241,28251,9.06,11.46,20.6499,19.2608,-7.8008,-0.9091,below par,4.0565,6.8178,secondary|midFRPM,68,9.1192,below par,False
level,math,19647336017974,Los Feliz Science/Tech/Engineer/Math/Medicine Magnet,elementary,428,81.0748,17.4528,12.7358,2033,18403,20436,47.14,41.47,43.4852,45.8139,-4.3439,-0.5062,below par,20.2926,22.4182,elem|lowFRPM,170,21.7748,par,False
level,math,19647336058150,Louis Armstrong Middle,middle,1174,62.5213,6.0552,11.6652,1814,19371,21185,37.94,39.5,44.7208,44.4087,-4.9087,-0.5721,below par,18.6453,20.9623,secondary|lowFRPM,47,17.1541,par,False
level,math,19647336018485,Lovelia P. Flournoy Elementary,elementary,382,97.3822,29.2453,21.2264,4197,28222,32419,15.07,10.95,27.8823,27.7478,-16.7978,-1.9576,below par,3.3776,8.5591,elem|highFRPM,155,10.0423,below par,False
level,math,19647336017982,Loyola Village Fine And Performing Arts Magnet,elementary,161,78.882,0.0,15.9091,2835,33917,36752,33.64,20.45,48.1086,46.8901,-26.4401,-3.0813,below par,5.5643,12.7585,elem|lowFRPM,170,21.7748,below par,False
level,math,19647330126391,Lucille Roybal-Allard Elementary,elementary,477,91.8239,24.0175,9.1703,3078,24222,27300,31.9,37.07,37.8163,37.7258,-0.6558,-0.0764,par,13.5788,13.819,elem|midFRPM,149,11.538,par,False
level,math,19647336120810,MacArthur Park Elementary School for the Visual and Performing Arts,elementary,338,97.929,54.9383,9.8765,3712,25015,28727,22.73,26.06,22.822,23.3178,2.7422,0.3196,par,9.0716,8.117,elem|highFRPM,155,10.0423,par,False
level,math,19647330109413,Madison Elementary,elementary,482,93.9834,32.3651,15.7676,2911,23167,26078,35.29,34.71,30.9619,31.9508,2.7592,0.3216,par,13.3101,12.252,elem|midFRPM,149,11.538,par,False
level,math,19647336017990,Magnolia Avenue Elementary,elementary,545,99.8165,19.305,18.1467,3480,23299,26779,24.11,36.98,32.2633,33.1291,3.8509,0.4488,par,13.8093,12.3713,elem|highFRPM,155,10.0423,above par,False
level,math,19647336018006,Main Street Elementary,elementary,623,96.7897,47.5694,8.6806,3936,23865,27801,22.58,23.71,27.476,26.9625,-3.2525,-0.379,par,8.5285,9.6984,elem|highFRPM,155,10.0423,par,False
level,math,19647336018014,Malabar Street Elementary,elementary,418,96.6507,23.6287,26.1603,3668,23317,26985,35.62,27.35,28.3199,30.2201,-2.8701,-0.3345,par,10.1353,11.1989,elem|highFRPM,155,10.0423,par,False
level,math,19647336018022,Manchester Avenue Elementary,elementary,509,98.0354,32.2767,11.5274,3347,22942,26289,22.85,23.16,31.0208,31.6073,-8.4473,-0.9844,below par,8.8098,12.023,elem|highFRPM,155,10.0423,par,False
level,math,19647336018030,Manhattan Place Elementary,elementary,218,95.4128,25.3333,16.0,4930,50934,55864,6.25,7.69,31.6139,24.1023,-16.4123,-1.9127,below par,1.3766,4.3145,elem|midFRPM,149,11.538,below par,False
level,math,19647331935519,Manual Arts Senior High,high,1001,97.5025,24.5192,10.0962,3584,24690,28274,8.43,11.48,17.3028,15.7934,-4.3134,-0.5027,below par,4.0603,5.5858,secondary|highFRPM,62,6.4266,par,False
level,math,19647336018048,Mar Vista Elementary,elementary,590,14.9153,0.0,11.583,974,17856,18830,80.74,86.1,81.2283,81.0442,5.0558,0.5892,above par,45.7249,43.0399,elem|lowFRPM,170,21.7748,above par,False
level,math,19647330126417,Marguerite Poindexter LaMotte Elementary,elementary,449,97.7728,37.8723,12.766,4116,23186,27302,14.29,16.6,28.3681,28.9742,-12.3742,-1.4421,below par,6.0801,10.6125,elem|highFRPM,155,10.0423,below par,False
level,math,19647336018055,Marianna Avenue Elementary,elementary,281,92.1708,24.8175,15.3285,3207,27292,30499,33.33,33.09,33.9547,34.3267,-1.2367,-0.1441,par,10.8495,11.255,elem|midFRPM,149,11.538,par,False
level,math,19647336058127,Marina del Rey Middle,middle,300,87.3333,8.9494,22.5681,5847,39193,45040,11.73,19.31,25.6026,21.6269,-2.3169,-0.27,par,4.2873,4.8017,secondary|midFRPM,68,9.1192,below par,False
level,math,19647336058135,Mark Twain Middle,middle,974,57.5975,3.3368,13.4515,1612,19494,21106,41.17,46.29,46.9421,46.978,-0.688,-0.0802,par,21.9322,22.2581,secondary|lowFRPM,47,17.1541,above par,False
level,math,19647336018063,Marquez Charter,elementary,314,16.5605,0.0,11.3208,1189,21118,22307,78.67,76.42,79.646,79.5037,-3.0837,-0.3594,par,34.2583,35.6407,elem|lowFRPM,170,21.7748,above par,False
level,math,19647336019061,Martin Luther King Jr. Elementary,elementary,278,98.9209,28.0,19.3333,3477,30611,34088,15.06,19.87,27.9669,27.7468,-7.8768,-0.918,below par,5.829,8.1397,elem|highFRPM,155,10.0423,below par,False
level,math,19647336018071,Marvin Elementary,elementary,503,91.2525,12.3016,23.0159,3659,26988,30647,47.78,47.06,36.5787,36.3881,10.6719,1.2437,above par,15.3555,11.8733,elem|midFRPM,149,11.538,above par,False
level,math,19647336058143,Mary McLeod Bethune Middle,middle,843,97.6275,21.9512,13.0488,2893,23768,26661,15.44,18.77,21.6833,21.5497,-2.7797,-0.3239,par,7.0402,8.0829,secondary|highFRPM,62,6.4266,par,False
level,math,19647330109397,Maurice Sendak Elementary,elementary,421,95.0119,21.5962,18.3099,3253,22304,25557,30.41,32.88,33.1704,34.7898,-1.9098,-0.2226,par,12.8654,13.6126,elem|midFRPM,149,11.538,par,False
level,math,19647336018089,Mayall Street Elementary,elementary,471,64.9682,7.9295,13.6564,1767,21816,23583,69.1,64.63,54.1301,54.7028,9.9272,1.1569,above par,27.4053,23.1959,elem|lowFRPM,170,21.7748,above par,False
level,math,19647336018097,Mayberry Street Elementary,elementary,128,88.2812,0.0,35.0877,4287,44270,48557,21.82,42.11,35.2955,32.5224,9.5876,1.1173,above par,8.6723,6.6978,elem|midFRPM,149,11.538,par,False
level,math,19647330109462,Maywood Academy High,high,1012,96.7391,17.2414,15.3257,2994,21165,24159,10.04,11.92,18.123,18.3687,-6.4487,-0.7515,below par,4.934,7.6032,secondary|highFRPM,62,6.4266,par,False
level,math,19647330109363,Maywood Elementary,elementary,426,95.7746,15.1351,15.6757,3108,20793,23901,40.78,51.06,36.3368,38.2566,12.8034,1.4921,above par,21.3631,16.0063,elem|highFRPM,155,10.0423,above par,False
level,math,19647336018105,McKinley Avenue Elementary,elementary,474,99.1561,24.4604,15.4676,3919,24379,28298,19.06,15.85,31.6009,31.9867,-16.1367,-1.8806,below par,5.6011,11.3035,elem|highFRPM,155,10.0423,below par,False
level,math,19647336018113,Melrose Avenue Elementary,elementary,419,45.8234,5.4299,14.9321,1331,21222,22553,69.96,71.04,63.116,63.6957,7.3443,0.8559,above par,31.4991,28.2427,elem|lowFRPM,170,21.7748,above par,False
level,math,19647336018121,Melvin Avenue Elementary,elementary,379,91.029,32.2222,18.8889,2391,25229,27620,34.44,36.11,30.684,31.7721,4.3379,0.5055,above par,13.0739,11.5033,elem|midFRPM,149,11.538,par,False
level,math,19647336018139,Menlo Avenue Elementary,elementary,531,98.8701,27.2436,13.141,2794,23801,26595,24.85,31.55,31.8667,32.4152,-0.8652,-0.1008,par,11.8631,12.1885,elem|highFRPM,155,10.0423,par,False
level,math,19647330126573,Mervyn M. Dymally High,high,654,98.318,14.7887,15.493,3256,28633,31889,7.56,14.18,17.5801,16.098,-1.918,-0.2235,par,4.4467,5.0481,secondary|highFRPM,62,6.4266,par,False
level,math,19647336018147,Meyler Street Elementary,elementary,603,95.5224,12.9496,14.7482,2406,21538,23944,33.85,31.1,38.1688,39.3256,-8.2256,-0.9586,below par,12.9886,16.424,elem|highFRPM,155,10.0423,par,False
level,math,19647330126441,Michelle Obama Elementary,elementary,570,98.0702,28.1481,12.5926,3014,21579,24593,18.43,27.44,32.2396,33.2584,-5.8184,-0.6781,below par,11.1576,13.5235,elem|highFRPM,155,10.0423,par,False
level,math,19647336018154,Micheltorena Street Elementary,elementary,388,39.9485,3.1447,17.6101,1956,22828,24784,52.63,54.43,65.3984,65.3912,-10.9612,-1.2774,below par,21.9617,26.3844,elem|lowFRPM,170,21.7748,par,False
level,math,19647330102913,Middle College High,high,361,88.6427,0.0,0.0,1534,19222,20756,55.13,69.57,33.1683,34.7898,34.7802,4.0533,above par,33.518,16.7613,secondary|midFRPM,68,9.1192,above par,False
level,math,19647336018162,Middleton Street Elementary,elementary,601,99.1681,23.1947,15.5361,3276,21926,25202,35.38,35.67,32.3856,33.3694,2.3006,0.2681,par,14.1536,13.2408,elem|highFRPM,155,10.0423,above par,False
level,math,19647336018170,Miles Avenue Elementary,elementary,788,94.2893,28.0112,18.2073,3181,24956,28137,24.69,26.63,32.118,31.6976,-5.0676,-0.5906,below par,9.4644,11.2654,elem|midFRPM,149,11.538,par,False
level,math,19647336018188,Miramonte Elementary,elementary,631,96.6719,22.4913,16.263,3785,30141,33926,11.46,21.11,33.5528,31.4862,-10.3762,-1.2092,below par,6.2224,9.2808,elem|highFRPM,155,10.0423,below par,False
level,math,19647336107403,Montara Avenue Elementary,elementary,554,93.3213,15.4122,14.3369,3344,25795,29139,41.99,44.44,38.3211,37.7901,6.6499,0.775,above par,15.251,12.9689,elem|midFRPM,149,11.538,above par,False
level,math,19647336018212,Monte Vista Street Elementary,elementary,181,88.3978,17.8295,35.6589,5387,37795,43182,24.48,31.01,28.9529,27.4821,3.5279,0.4111,par,7.1812,6.3642,elem|midFRPM,149,11.538,below par,False
level,math,19647336018220,Morningside Elementary,elementary,408,94.1176,13.7755,27.551,3018,24064,27082,18.91,26.87,32.4806,34.3787,-7.5087,-0.8751,below par,9.9217,12.6943,elem|midFRPM,149,11.538,par,False
level,math,19647336018881,Morris K. Hamasaki Elementary,elementary,316,91.1392,4.2553,11.7021,2860,25993,28853,52.02,49.21,43.7133,43.9681,5.2419,0.6109,above par,17.0554,15.2386,elem|midFRPM,149,11.538,above par,False
level,math,19647336018238,Mountain View Elementary,elementary,567,75.8377,17.3913,4.3478,2580,17376,19956,42.8,43.42,49.8979,50.9551,-7.5351,-0.8781,below par,21.7579,25.5337,elem|lowFRPM,170,21.7748,par,False
level,math,19647336058168,Mt. Gleason Middle,middle,753,81.6733,8.2993,14.6939,2318,22845,25163,31.48,33.06,33.1589,33.2685,-0.2085,-0.0243,par,13.1383,13.2212,secondary|lowFRPM,47,17.1541,below par,False
level,math,19647336018246,Mt. Washington Elementary,elementary,430,18.1395,0.0,10.4167,1307,17829,19136,72.22,71.35,79.7744,80.0871,-8.7371,-1.0182,below par,37.2857,41.8516,elem|lowFRPM,170,21.7748,above par,False
level,math,19647336018253,Multnomah Street Elementary,elementary,322,73.2919,5.625,11.25,3137,23194,26331,57.24,60.63,51.6172,52.0408,8.5892,1.001,above par,23.0261,19.7641,elem|lowFRPM,170,21.7748,par,False
level,math,19647336018261,Murchison Street Elementary,elementary,312,98.3974,12.8571,22.8571,5124,37897,43021,33.51,36.17,32.4528,29.2266,6.9434,0.8092,above par,8.4075,6.7936,elem|highFRPM,155,10.0423,par,False
level,math,19647336018279,Napa Street Elementary,elementary,402,94.7761,29.1667,27.0833,5047,29201,34248,26.57,31.96,26.6909,26.2649,5.6951,0.6637,above par,9.3319,7.669,elem|midFRPM,149,11.538,par,False
level,math,19647331936160,Nathaniel Narbonne Senior High,high,1549,83.9897,8.4986,13.5977,2889,20872,23761,25.26,28.69,28.5586,27.5134,1.1766,0.1371,par,12.0744,11.5792,secondary|lowFRPM,47,17.1541,below par,False
level,math,19647330129585,Nava College Preparatory Academy,high,598,99.1639,8.3969,19.084,1974,19480,21454,18.42,16.03,17.8834,20.3865,-4.3565,-0.5077,below par,7.4718,9.5024,secondary|highFRPM,62,6.4266,par,False
level,math,19647336018287,Nestle Avenue Charter,elementary,421,72.209,20.7447,16.4894,2141,21646,23787,48.26,52.04,44.7194,45.9903,6.0497,0.705,above par,21.8775,19.3342,elem|lowFRPM,170,21.7748,par,False
level,math,19647336018295,Nevada Avenue Elementary,elementary,379,87.3351,23.5294,9.8039,2938,26112,29050,26.97,24.84,39.4431,39.0923,-14.2523,-1.6609,below par,8.5508,13.4569,elem|midFRPM,149,11.538,par,False
level,math,19647336018303,Nevin Avenue Elementary,elementary,478,97.6987,30.2632,14.9123,3438,25089,28527,38.72,36.52,30.3826,30.6062,5.9138,0.6892,above par,12.8019,10.7289,elem|highFRPM,155,10.0423,par,False
level,math,19647330119685,New Open World Academy K-12,k12,911,97.5851,26.0579,12.0267,2592,18923,21515,15.73,20.04,17.2414,18.9655,1.0745,0.1252,par,9.3144,8.815,secondary|highFRPM,62,6.4266,par,False
level,math,19647336018311,Newcastle Elementary,elementary,299,90.6355,21.1268,30.9859,3045,27804,30849,43.88,40.14,29.4484,30.875,9.265,1.0797,above par,13.0118,10.0084,elem|midFRPM,149,11.538,par,False
level,math,19647336018337,Ninety-Fifth Street Elementary,elementary,745,98.9262,17.3554,13.2231,3579,23666,27245,29.2,31.42,35.9495,35.6075,-4.1875,-0.488,par,11.5324,13.0694,elem|highFRPM,155,10.0423,par,False
level,math,19647336018345,Ninety-Ninth Street Elementary,elementary,487,97.1253,15.5462,13.8655,2859,26137,28996,37.4,46.47,36.5353,36.3832,10.0868,1.1755,above par,16.0263,12.5476,elem|highFRPM,155,10.0423,above par,False
level,math,19647336018352,Ninety-Second Street Elementary,elementary,568,98.5915,18.4375,12.8125,3296,24474,27770,40.0,37.58,35.4756,35.4216,2.1584,0.2515,par,13.5326,12.7554,elem|highFRPM,155,10.0423,above par,False
level,math,19647336018378,Ninety-Sixth Street Elementary,elementary,527,96.9639,16.2162,16.2162,3890,26335,30225,26.55,27.03,35.4801,34.9692,-7.9392,-0.9252,below par,8.9429,11.5696,elem|highFRPM,155,10.0423,par,False
level,math,19647336018386,Ninety-Third Street Elementary,elementary,772,97.5389,25.75,19.0,3227,24170,27397,27.01,32.84,31.0916,31.1274,1.7126,0.1996,par,11.9867,11.3616,elem|highFRPM,155,10.0423,par,False
level,math,19647336104814,Ninth Street Elementary,elementary,302,99.0066,41.5385,18.4615,3815,27413,31228,15.43,13.16,23.4391,24.0202,-10.8602,-1.2656,below par,4.2142,7.6919,elem|highFRPM,155,10.0423,below par,False
level,math,19647336018394,Noble Avenue Elementary,elementary,656,94.2073,36.3057,19.4268,3390,25383,28773,23.41,22.88,28.3111,28.163,-5.283,-0.6157,below par,7.9519,9.788,elem|midFRPM,149,11.538,below par,False
level,math,19647336018402,Nora Sterry Elementary,elementary,188,84.0426,13.7931,28.7356,3533,30059,33592,33.33,23.86,35.4385,36.3515,-12.4915,-1.4558,below par,7.1029,10.8215,elem|lowFRPM,170,21.7748,below par,False
level,math,19647336018410,Normandie Avenue Elementary,elementary,509,97.446,30.7087,18.1102,4461,31254,35715,22.22,23.17,29.0676,27.0279,-3.8579,-0.4496,par,6.4875,7.5677,elem|highFRPM,155,10.0423,below par,False
level,math,19647336018428,Normont Elementary,elementary,270,98.5185,20.0,19.0909,3850,38380,42230,25.78,32.43,31.1555,28.1776,4.2524,0.4956,par,7.6794,6.6724,elem|highFRPM,155,10.0423,par,False
level,math,19647331936350,North Hollywood Senior High,high,2444,71.9722,5.1661,9.7786,2150,18208,20358,40.42,42.24,37.6021,36.0901,6.1499,0.7167,above par,20.7486,17.7277,secondary|lowFRPM,47,17.1541,above par,False
level,math,19647330107003,Northridge Academy High,high,832,85.4567,5.1282,14.7436,2707,21324,24031,22.57,24.36,27.713,27.8704,-3.5104,-0.4091,par,10.1369,11.5977,secondary|lowFRPM,47,17.1541,below par,False
level,math,19647336058200,Northridge Middle,middle,670,94.7761,18.72,20.0,3332,25331,28663,12.73,15.26,20.8812,20.9929,-5.7329,-0.6681,below par,5.3239,7.3241,secondary|midFRPM,68,9.1192,below par,False
level,math,19647336018436,Norwood Street Elementary,elementary,347,95.389,21.4286,21.4286,4032,25091,29123,20.91,30.1,31.4444,32.5084,-2.4084,-0.2807,par,10.3355,11.1624,elem|midFRPM,149,11.538,par,False
level,math,19647336110274,Nueva Vista Elementary,elementary,636,93.0818,20.7865,15.4494,3028,22569,25597,30.39,35.11,36.1852,36.7025,-1.5925,-0.1856,par,13.7165,14.3386,elem|midFRPM,149,11.538,par,False
level,math,19647336018444,O'Melveny Elementary,elementary,345,93.6232,11.1111,21.5686,3246,28004,31250,31.65,45.16,35.9836,36.2438,8.9162,1.0391,above par,14.4512,11.598,elem|midFRPM,149,11.538,par,False
level,math,19647336061550,Olive Vista Middle,middle,897,88.7402,13.2775,15.0718,2484,22980,25464,23.44,27.87,28.1845,28.1657,-0.2957,-0.0345,par,10.9449,11.061,secondary|midFRPM,68,9.1192,par,False
level,math,19647336058069,Oliver Wendell Holmes Middle,middle,870,75.0575,3.6675,10.8802,2202,21060,23262,50.95,62.5,39.7363,39.6348,22.8652,2.6647,above par,26.8679,17.0384,secondary|lowFRPM,47,17.1541,above par,False
level,math,19647336018469,One Hundred Eighteenth Street Elementary,elementary,465,98.2796,15.8371,14.9321,2538,23961,26499,26.85,32.88,35.376,36.2835,-3.4035,-0.3966,par,12.408,13.6924,elem|highFRPM,155,10.0423,par,False
level,math,19647336018477,One Hundred Eighty-Sixth Street Elementary,elementary,579,86.3558,9.5941,12.5461,2581,27050,29631,37.68,41.54,44.4855,43.2838,-1.7438,-0.2032,par,14.0191,14.6076,elem|lowFRPM,170,21.7748,below par,False
level,math,19647336018493,One Hundred Fifty-Sixth Street Elementary,elementary,353,67.9887,4.3478,10.3261,2183,21627,23810,58.29,62.5,55.0501,55.8816,6.6184,0.7713,above par,26.2495,23.4698,elem|lowFRPM,170,21.7748,above par,False
level,math,19647336018501,One Hundred Fifty-Third Street Elementary,elementary,363,87.0523,12.4294,22.5989,3265,29235,32500,25.27,31.64,38.1502,37.7659,-6.1259,-0.7139,below par,9.7354,11.6203,elem|midFRPM,149,11.538,par,False
level,math,19647336018519,One Hundred Ninth Street Elementary,elementary,332,97.2892,27.3256,19.7674,4108,28104,32212,24.14,36.42,29.0433,29.1011,7.3189,0.8529,above par,11.3063,9.0342,elem|highFRPM,155,10.0423,par,False
level,math,19647336018535,One Hundred Seventh Street Elementary,elementary,804,98.5075,33.0688,15.0794,3356,25625,28981,16.9,14.29,29.6822,28.8385,-14.5485,-1.6955,below par,4.9308,9.9508,elem|highFRPM,155,10.0423,below par,False
level,math,19647336018543,One Hundred Sixteenth Street Elementary,elementary,401,96.7581,20.4545,10.7955,2570,24647,27217,30.56,28.49,35.9141,36.4681,-7.9781,-0.9298,below par,10.4677,13.399,elem|highFRPM,155,10.0423,par,False
level,math,19647336018550,One Hundred Thirty-Fifth Street Elementary,elementary,554,96.0289,19.6787,18.0723,3126,23707,26833,31.39,33.98,33.9195,34.6021,-0.6221,-0.0725,par,12.6635,12.8953,elem|highFRPM,155,10.0423,par,False
level,math,19647336018568,One Hundred Twelfth Street Elementary,elementary,319,99.373,16.6667,14.2857,4459,33195,37654,37.5,33.33,34.283,32.1283,1.2017,0.14,par,8.8516,8.5325,elem|highFRPM,155,10.0423,par,False
level,math,19647336018576,One Hundred Twenty-Second Street Elementary,elementary,574,95.993,15.8491,13.5849,2767,22554,25321,37.41,46.27,37.3074,38.0225,8.2475,0.9612,above par,18.2734,15.0162,elem|highFRPM,155,10.0423,above par,False
level,math,19647336097927,Open Charter Magnet,elementary,390,19.7436,0.0,9.3137,1211,23640,24851,59.9,63.41,79.3624,77.8949,-14.4849,-1.6881,below par,25.5161,31.3448,elem|lowFRPM,170,21.7748,above par,False
level,math,19647330122390,Orchard Academies 2B,middle,352,92.0455,9.9071,17.6471,3922,23544,27466,16.71,12.5,25.4201,26.7946,-14.2946,-1.6659,below par,4.5511,9.7555,secondary|midFRPM,68,9.1192,below par,False
level,math,19647330122408,Orchard Academies 2C,middle,395,97.7215,13.2992,17.6471,1680,21691,23371,21.31,23.16,21.7393,24.4869,-1.3269,-0.1546,par,9.9097,10.4775,secondary|highFRPM,62,6.4266,above par,False
level,math,19647336018592,Osceola Street Elementary,elementary,352,90.0568,14.6667,10.0,2969,26938,29907,33.1,37.09,41.2629,40.8284,-3.7384,-0.4357,par,12.4018,13.6518,elem|midFRPM,149,11.538,par,False
level,math,19647336018618,Overland Avenue Elementary,elementary,485,14.0206,0.0,10.5023,1161,18779,19940,87.76,90.41,81.8067,81.4907,8.9193,1.0394,above par,45.341,40.868,elem|lowFRPM,170,21.7748,above par,False
level,math,19647336018626,Oxnard Street Elementary,elementary,298,94.6309,20.5128,25.0,2513,21895,24408,32.69,33.76,30.3831,33.5963,0.1637,0.0191,par,13.8315,13.7644,elem|midFRPM,149,11.538,par,False
level,math,19647330109322,Pacific Boulevard,elementary,301,97.6744,24.6479,14.0845,3468,44147,47615,42.76,33.1,32.1239,26.6918,6.4082,0.7468,above par,6.9516,5.6058,elem|highFRPM,155,10.0423,par,False
level,math,19647336058218,Pacoima Middle,middle,823,91.8591,12.232,15.5107,2876,22562,25438,23.57,25.25,26.8235,27.1141,-1.8641,-0.2172,par,9.9261,10.6589,secondary|midFRPM,68,9.1192,par,False
level,math,19647336018634,Palisades Charter Elementary,elementary,408,16.9118,0.0,9.5541,981,18589,19570,79.7,80.89,80.6264,80.7743,0.1157,0.0135,par,41.3337,41.2746,elem|lowFRPM,170,21.7748,above par,False
level,math,19647336018659,Palms Elementary,elementary,229,78.6026,6.7797,30.5085,2538,31610,34148,25.76,24.39,40.0548,40.3454,-15.9554,-1.8594,below par,7.1424,11.8149,elem|lowFRPM,170,21.7748,below par,False
level,math,19647336058226,Palms Middle,middle,1081,71.5079,3.1823,11.1861,2173,20578,22751,40.38,42.93,41.7365,41.304,1.626,0.1895,par,18.8695,18.1548,secondary|lowFRPM,47,17.1541,par,False
level,math,19647330109389,Panorama City Elementary,elementary,443,99.0971,33.6449,14.486,3374,24073,27447,45.16,56.28,28.5647,29.321,26.959,3.1418,above par,20.505,10.6828,elem|highFRPM,155,10.0423,above par,False
level,math,19647330112052,Panorama High,high,1316,97.6444,20.6667,9.3333,2767,22011,24778,13.35,15.38,19.3876,18.4626,-3.0826,-0.3592,par,6.2071,7.4512,secondary|highFRPM,62,6.4266,par,False
level,math,19647336018667,Park Avenue Elementary,elementary,274,94.1606,18.1159,13.0435,3589,24828,28417,17.07,22.46,36.4429,37.3989,-14.9389,-1.741,below par,7.9037,13.1608,elem|midFRPM,149,11.538,below par,False
level,math,19647336018675,Park Western Place Elementary,elementary,528,66.6667,2.0,9.2,1787,23412,25199,63.2,68.4,57.5993,57.0574,11.3426,1.3219,above par,27.1439,22.6427,elem|lowFRPM,170,21.7748,above par,False
level,math,19647336018683,Parmelee Avenue Elementary,elementary,670,95.3731,22.3464,8.6592,3254,21302,24556,30.16,32.13,37.5264,37.7934,-5.6634,-0.66,below par,13.0844,15.3907,elem|midFRPM,149,11.538,par,False
level,math,19647336018691,Parthenia Academy of Arts and Technology,elementary,421,90.2613,25.6545,19.8953,3297,26403,29700,29.44,36.79,33.1817,33.4028,3.3872,0.3947,par,12.3872,11.2467,elem|midFRPM,149,11.538,par,False
level,math,19647336061485,Patrick Henry Middle,middle,1053,76.1633,2.8376,17.1233,2383,21410,23793,29.29,38.72,37.1625,37.1018,1.6182,0.1886,par,16.2737,15.5936,secondary|lowFRPM,47,17.1541,par,False
level,math,19647336058267,Paul Revere Charter Middle,middle,1715,31.5452,1.4426,10.623,841,18029,18870,63.49,65.16,61.6368,60.2207,4.9393,0.5756,above par,34.531,31.9135,secondary|lowFRPM,47,17.1541,above par,False
level,math,19647330124511,Performing Arts Community at Diego Rivera Learning Complex,high,494,97.7733,15.2542,7.6271,2009,18483,20492,13.93,13.11,20.5874,22.7624,-9.6524,-1.1249,below par,6.3976,11.1079,secondary|highFRPM,62,6.4266,par,False
level,math,19647331930650,Phineas Banning Senior High,high,2422,91.4533,5.8333,12.7083,2268,20078,22346,17.24,24.74,27.1594,25.9211,-1.1811,-0.1376,par,11.0713,11.5999,secondary|midFRPM,68,9.1192,par,False
level,math,19647336018717,Pinewood Avenue Elementary,elementary,215,95.814,25.5102,24.4898,4014,33246,37260,21.28,25.24,27.7321,27.2539,-2.0139,-0.2347,par,6.774,7.3145,elem|highFRPM,155,10.0423,par,False
level,math,19647336107064,Pio Pico Middle,middle,253,96.0474,20.6478,18.2186,4324,31338,35662,17.8,19.92,18.8963,18.371,1.549,0.1805,par,5.5858,5.1514,secondary|highFRPM,62,6.4266,par,False
level,math,19647336018725,Plainview Academic Charter Academy,elementary,248,87.9032,25.9843,20.4724,3029,31655,34684,19.26,19.69,33.1086,32.6125,-12.9225,-1.506,below par,5.677,9.4028,elem|midFRPM,149,11.538,below par,False
level,math,19647336018741,Playa del Rey Elementary,elementary,272,41.9118,4.6154,13.0769,1637,21387,23024,63.93,61.54,65.3562,66.285,-4.745,-0.553,below par,26.7286,28.7895,elem|lowFRPM,170,21.7748,above par,False
level,math,19647330126383,Playa Vista Elementary,elementary,488,21.7213,3.3708,11.7978,1431,19771,21202,58.79,64.8,76.4914,76.1325,-11.3325,-1.3207,below par,30.5632,35.9082,elem|lowFRPM,170,21.7748,above par,False
level,math,19647336018758,Plummer Elementary,elementary,600,95.5,29.4872,16.6667,3174,25442,28616,21.3,26.52,31.269,31.1114,-4.5914,-0.5351,below par,9.2675,10.872,elem|highFRPM,155,10.0423,par,False
level,math,19647336018766,Point Fermin Elementary,elementary,304,61.1842,6.7114,14.094,1943,21863,23806,53.21,66.44,55.4763,56.6936,9.7464,1.1358,above par,27.9089,23.8148,elem|lowFRPM,170,21.7748,above par,False
level,math,19647336018774,Pomelo Community Charter,elementary,612,31.6993,2.2222,20.0,1067,21331,22398,58.66,65.8,69.1841,69.0486,-3.2486,-0.3786,par,29.3776,30.828,elem|lowFRPM,170,21.7748,above par,False
level,math,19647330126607,Porter Ranch Community,elementary,1312,21.9512,1.7327,8.4158,1206,16327,17533,72.47,73.05,79.9003,78.6352,-5.5852,-0.6509,below par,41.6643,44.8498,elem|lowFRPM,170,21.7748,above par,False
level,math,19647336018790,President Avenue Elementary,elementary,362,73.4807,15.0538,19.8925,2775,30692,33467,30.77,39.25,44.5578,43.1664,-3.9164,-0.4564,par,11.728,12.8982,elem|lowFRPM,170,21.7748,below par,False
level,math,19647330124487,Public Service Community at Diego Rivera Learning Complex,high,457,98.9059,14.3939,7.5758,4506,22323,26829,19.33,41.98,20.2904,20.5099,21.4701,2.5021,above par,15.6472,7.6447,secondary|highFRPM,62,6.4266,above par,False
level,math,19647336018808,Purche Avenue Elementary,elementary,373,90.0804,6.4865,16.7568,4495,29570,34065,23.86,29.19,41.4743,40.0803,-10.8903,-1.2692,below par,8.5689,11.7658,elem|midFRPM,149,11.538,par,False
level,math,19647336018816,Queen Anne Place Elementary,elementary,337,80.4154,7.4074,8.642,3192,20537,23729,55.19,53.7,48.8706,50.1107,3.5893,0.4183,par,22.6305,21.1179,elem|lowFRPM,170,21.7748,par,False
level,math,19647330122127,Quincy Jones Elementary,elementary,244,96.3115,36.3636,19.1919,4619,25105,29724,28.0,32.69,25.9518,27.3822,5.3078,0.6186,above par,10.9978,9.2122,elem|highFRPM,155,10.0423,par,False
level,math,19647330119727,Ramon C. Cortines School of Visual and Performing Arts,high,1102,71.5064,6.3604,10.2473,1928,22508,24436,13.96,17.79,35.9908,34.6251,-16.8351,-1.9619,below par,7.2802,14.1697,secondary|lowFRPM,47,17.1541,below par,False
level,math,19647336018824,Ramona Elementary,elementary,277,96.3899,30.2521,30.2521,4933,30795,35728,26.61,26.23,23.6484,23.7556,2.4744,0.2884,par,7.3416,6.649,elem|highFRPM,155,10.0423,par,False
level,math,19647336018832,Ranchito Avenue Elementary,elementary,421,90.7363,31.6583,12.5628,2989,22777,25766,41.45,40.58,33.8737,34.8271,5.7529,0.6704,above par,15.7494,13.5167,elem|midFRPM,149,11.538,above par,False
level,math,19647330124529,Rancho Dominguez Preparatory,k12,701,90.5849,5.2459,14.0984,2810,24276,27086,21.95,21.97,26.8409,27.018,-5.048,-0.5883,below par,8.1112,9.9749,secondary|midFRPM,68,9.1192,par,False
level,math,19647336018840,Raymond Avenue Elementary,elementary,457,96.7177,20.0935,14.486,2716,24961,27677,32.56,36.53,34.69,35.1625,1.3675,0.1594,par,13.1987,12.7046,elem|highFRPM,155,10.0423,par,False
level,math,19647331937226,Reseda Charter High,k12,1339,88.2748,12.9108,11.0329,2884,24358,27242,24.9,24.42,27.3476,25.9566,-1.5366,-0.1791,par,8.9641,9.5282,secondary|midFRPM,68,9.1192,par,False
level,math,19647336018857,Reseda Elementary,elementary,378,87.8307,23.6842,9.2105,3012,23282,26294,33.54,48.03,39.4073,39.9544,8.0756,0.9411,above par,18.2665,15.1952,elem|midFRPM,149,11.538,above par,False
level,math,19647330109330,Ricardo Lizarraga Elementary,elementary,368,98.0978,37.0968,16.129,4688,32171,36859,16.58,26.18,26.7774,24.8404,1.3396,0.1561,par,7.1027,6.7393,elem|highFRPM,155,10.0423,par,False
level,math,19647336057905,Richard E. Byrd Middle,middle,933,89.0675,7.8829,14.3018,2499,22068,24567,26.99,26.69,30.406,30.5331,-3.8431,-0.4479,par,10.8642,12.4285,secondary|midFRPM,68,9.1192,par,False
level,math,19647336057954,Richard Henry Dana Middle,middle,1355,81.9926,7.6087,18.4006,1977,19918,21895,24.32,25.06,32.5643,33.0054,-7.9454,-0.9259,below par,11.4455,15.0744,secondary|lowFRPM,47,17.1541,below par,False
level,math,19647330101618,Richard Riordan Primary Center,elementary,136,77.9412,0.0,0.0,3561,31157,34718,41.94,67.57,55.0576,53.4249,14.1451,1.6485,above par,19.4625,15.3882,elem|lowFRPM,170,21.7748,par,False
level,math,19647336018873,Richland Avenue Elementary,elementary,280,17.8571,3.7383,9.3458,1515,24601,26116,77.32,78.5,78.3449,77.0272,1.4728,0.1716,par,30.0582,29.4942,elem|lowFRPM,170,21.7748,above par,False
level,math,19647336018907,Rio Vista Elementary,elementary,348,54.5977,16.5605,19.7452,1750,24224,25974,42.76,44.91,52.67,53.2193,-8.3093,-0.9684,below par,17.2904,20.4894,elem|lowFRPM,170,21.7748,below par,False
level,math,19647336018915,Ritter Elementary,elementary,307,97.3941,18.0451,13.5338,2374,23229,25603,33.08,44.44,34.9463,36.7893,7.6507,0.8916,above par,17.3573,14.3691,elem|highFRPM,155,10.0423,above par,False
level,math,19647336018923,Riverside Drive Charter,elementary,392,46.1735,9.6591,12.5,1548,25043,26591,51.28,55.37,62.3344,61.5024,-6.1324,-0.7147,below par,20.8228,23.129,elem|lowFRPM,170,21.7748,par,False
level,math,19647336061576,Robert E. Peary Middle,middle,1082,90.7579,7.7458,14.1013,2719,22349,25068,18.32,21.53,29.9869,29.7088,-8.1788,-0.9532,below par,8.5886,11.8513,secondary|midFRPM,68,9.1192,par,False
level,math,19647336071443,Robert F. Kennedy Elementary,elementary,170,92.9412,9.8901,31.8681,4191,37340,41531,39.13,34.78,31.31,30.2989,4.4811,0.5222,above par,8.3745,7.2955,elem|midFRPM,149,11.538,par,False
level,math,19647336058275,Robert Frost Middle,middle,1505,54.0864,2.7491,7.7663,1784,17982,19766,58.95,61.79,51.8358,50.8933,10.8967,1.2699,above par,31.2608,25.7479,secondary|lowFRPM,47,17.1541,above par,False
level,math,19647336058002,Robert Fulton College Preparatory,k12,1229,95.6876,23.498,13.8852,2919,22481,25400,12.13,12.87,18.7092,18.6516,-5.7816,-0.6738,below par,5.0669,7.3431,secondary|highFRPM,62,6.4266,par,False
level,math,19647336018931,Robert Hill Lane Elementary,elementary,248,77.0161,11.0345,13.7931,2449,29337,31786,47.71,45.52,46.447,45.8988,-0.3788,-0.0441,par,14.3208,14.4399,elem|lowFRPM,170,21.7748,below par,False
level,math,19647336058317,Robert Louis Stevenson College and Career Preparatory,middle,792,96.2121,14.7952,16.9089,2996,24490,27486,17.97,17.39,23.2311,23.1879,-5.7979,-0.6757,below par,6.3269,8.4362,secondary|highFRPM,62,6.4266,par,False
level,math,19647336018949,Rockdale Visual & Performing Arts Magnet,elementary,325,46.4615,3.4884,17.4419,1575,20533,22108,59.32,62.21,62.0917,63.5254,-1.3154,-0.1533,par,28.1391,28.7341,elem|lowFRPM,170,21.7748,above par,False
level,math,19647330109371,Rosa Parks Learning Center,elementary,500,96.4,29.0837,21.9124,3932,23989,27921,23.05,31.08,28.5013,29.402,1.678,0.1956,par,11.1314,10.5304,elem|highFRPM,155,10.0423,par,False
level,math,19647336018956,Roscoe Elementary,elementary,481,90.8524,20.9821,20.5357,3250,23028,26278,24.29,35.53,34.556,35.7319,-0.2019,-0.0235,par,13.5208,13.5976,elem|midFRPM,149,11.538,par,False
level,math,19647336018964,Roscomare Road Elementary,elementary,438,10.9589,0.0,7.9787,1061,17511,18572,85.08,82.54,84.1332,84.1435,-1.6035,-0.1869,par,44.4432,45.3067,elem|lowFRPM,170,21.7748,above par,False
level,math,19647336018972,Rosemont Avenue Elementary,elementary,157,94.2675,14.6789,12.844,4831,27718,32549,35.0,34.55,36.9145,37.49,-2.94,-0.3426,par,10.6148,11.518,elem|midFRPM,149,11.538,par,False
level,math,19647336018980,Rosewood Avenue Elementary School Urban Planning and Urban Design Magnet,elementary,218,74.3119,4.878,8.9431,2299,25175,27474,38.4,47.97,51.8249,52.4233,-4.4533,-0.519,below par,17.4601,19.081,elem|lowFRPM,170,21.7748,below par,False
level,math,19647336018998,Rowan Avenue Elementary,elementary,598,95.6522,30.0,21.2903,3179,24666,27845,29.06,27.65,29.0383,29.5553,-1.9053,-0.222,par,9.93,10.6142,elem|highFRPM,155,10.0423,par,False
level,math,19647330117044,Roy Romer Middle,middle,707,94.0594,15.2672,15.1145,3294,23412,26706,15.61,22.37,24.6394,24.8432,-2.4732,-0.2882,par,8.3764,9.3025,secondary|midFRPM,68,9.1192,par,False
level,math,19647336061436,Rudecinda Sepulveda Dodson Middle,middle,1337,67.7636,0.9486,7.3518,1848,18517,20365,51.5,55.93,46.224,45.7249,10.2051,1.1893,above par,27.4638,22.4527,secondary|lowFRPM,47,17.1541,above par,False
level,math,19647336019004,Russell Elementary,elementary,739,97.429,25.5583,10.1737,2897,22172,25069,32.09,36.23,34.9027,35.032,1.198,0.1396,par,14.4521,13.9742,elem|highFRPM,155,10.0423,above par,False
level,math,19647330119701,Sal Castro Middle,middle,276,97.8261,21.0117,12.4514,2732,24008,26740,12.14,20.52,20.5296,22.4042,-1.8842,-0.2196,par,7.6739,8.3785,secondary|highFRPM,62,6.4266,par,False
level,math,19647330126375,Sally Ride Elementary: A SMArT Academy,elementary,367,97.0027,38.0208,11.9792,4498,27581,32079,33.33,29.53,28.7012,27.9835,1.5465,0.1802,par,9.2054,8.7233,elem|highFRPM,155,10.0423,par,False
level,math,19647336058028,Samuel Gompers Middle,middle,406,96.0591,24.9351,15.0649,4779,30639,35418,11.61,13.08,19.359,17.7806,-4.7006,-0.5478,below par,3.693,5.0202,secondary|highFRPM,62,6.4266,par,False
level,math,19647336112411,San Antonio Elementary,elementary,424,93.6321,26.7677,19.1919,2718,27890,30608,34.35,34.17,31.5354,31.4979,2.6721,0.3114,par,11.1637,10.2907,elem|midFRPM,149,11.538,par,False
level,math,19647336019012,San Fernando Elementary,elementary,421,94.2993,24.2857,13.3333,3997,30615,34612,26.67,32.7,34.6248,32.7562,-0.0562,-0.0065,par,9.4476,9.4638,elem|midFRPM,149,11.538,par,False
level,math,19647330125971,San Fernando Institute of Applied Media,middle,384,90.8854,10.2902,21.372,1349,19444,20793,14.41,14.55,24.356,28.0975,-13.5475,-1.5788,below par,6.9975,13.5129,secondary|midFRPM,68,9.1192,par,False
level,math,19647336058283,San Fernando Middle,middle,442,95.7014,19.8966,18.0879,4709,30650,35359,12.58,14.64,20.2179,18.726,-4.086,-0.4762,par,4.1404,5.296,secondary|highFRPM,62,6.4266,par,False
level,math,19647331937622,San Fernando Senior High,high,1608,93.2214,12.5828,14.2384,2851,21625,24476,15.96,22.7,22.6034,21.6401,1.0599,0.1235,par,9.2744,8.8414,secondary|midFRPM,68,9.1192,par,False
level,math,19647336019020,San Gabriel Avenue Elementary,elementary,432,95.6019,20.9756,19.0244,2721,24907,27628,28.75,25.49,32.8626,33.8166,-8.3266,-0.9704,below par,9.2261,12.24,elem|highFRPM,155,10.0423,par,False
level,math,19647336019038,San Jose Street Elementary,elementary,638,69.5925,6.6038,12.5786,2531,18922,21453,48.66,46.75,53.407,54.1878,-7.4378,-0.8668,below par,21.7918,25.2588,elem|lowFRPM,170,21.7748,par,False
level,math,19647336108641,San Miguel Elementary,elementary,677,94.0916,23.4114,11.0368,2852,22907,25759,32.14,32.44,36.7263,36.737,-4.297,-0.5008,below par,12.5937,14.2618,elem|midFRPM,149,11.538,par,False
level,math,19647336019046,San Pascual Elementary Science Technology Engineering Arts And Mathematics (STEAM) Magnet,elementary,249,76.3052,6.4815,14.8148,2263,22282,24545,40.52,48.15,48.0201,49.9411,-1.7911,-0.2087,par,19.617,20.3468,elem|lowFRPM,170,21.7748,par,False
level,math,19647331937838,San Pedro Senior High,high,2398,77.1476,1.6427,12.9363,2417,19368,21785,25.66,28.78,35.1528,33.6305,-4.8505,-0.5653,below par,13.2109,15.4375,secondary|lowFRPM,47,17.1541,below par,False
level,math,19647336019053,San Pedro Street Elementary,elementary,403,98.263,20.283,23.1132,3480,23713,27193,35.16,29.44,30.0536,31.7263,-2.2863,-0.2664,par,10.8263,11.6671,elem|highFRPM,155,10.0423,par,False
level,math,19647330109447,Santee Education Complex,high,1582,93.426,11.9454,12.2867,2882,21186,24068,11.49,12.97,23.5502,22.589,-9.619,-1.121,below par,5.3889,9.3855,secondary|midFRPM,68,9.1192,below par,False
level,math,19647336110951,Sara Coughlin Elementary,elementary,409,95.3545,17.3469,16.3265,2687,23231,25918,33.18,33.5,35.3779,36.7485,-3.2485,-0.3786,par,12.9254,14.1788,elem|midFRPM,149,11.538,par,False
level,math,19647336019087,Saticoy Elementary,elementary,523,92.1606,34.6614,8.3665,2698,20566,23264,22.59,27.41,34.2234,35.3126,-7.9026,-0.921,below par,11.7822,15.1791,elem|midFRPM,149,11.538,par,False
level,math,19647336066286,Saturn Street Elementary,elementary,277,92.4188,14.4,26.4,3532,31255,34787,31.09,44.8,32.9433,32.8182,11.9818,1.3963,above par,12.8784,9.4341,elem|midFRPM,149,11.538,par,False
level,math,19647330117762,School for the Visual Arts and Humanities,high,512,96.6797,14.0496,13.2231,2336,17322,19658,14.66,30.58,19.2049,22.0358,8.5442,0.9957,above par,15.556,11.2096,secondary|highFRPM,62,6.4266,above par,False
level,math,19647330112029,School of Business and Tourism at Contreras Learning Complex,high,392,99.2347,19.2308,0.0,5141,25641,30782,22.41,37.66,21.3541,19.9083,17.7517,2.0688,above par,12.2344,6.4675,secondary|highFRPM,62,6.4266,above par,False
level,math,19647330126540,"Science, Technology, Engineering, Arts and Mathematics at Legacy High School Complex",high,524,85.687,0.0,13.2812,4487,19465,23952,30.3,34.13,29.4285,30.3312,3.7988,0.4427,par,14.2493,12.6633,secondary|lowFRPM,47,17.1541,par,False
level,math,19647336019095,Second Street Elementary,elementary,226,98.2301,23.3645,16.8224,3094,29022,32116,39.05,38.74,30.7498,31.3149,7.4251,0.8653,above par,12.0625,9.7505,elem|highFRPM,155,10.0423,par,False
level,math,19647336019111,Serrania Avenue Charter for Enriched Studies,elementary,525,56.381,8.7302,17.8571,1863,19493,21356,45.76,43.8,56.1493,57.3425,-13.5425,-1.5782,below par,20.5095,26.8508,elem|lowFRPM,170,21.7748,par,False
level,math,19647336019129,Seventh Street Elementary Arts Integration Magnet,elementary,306,73.5294,0.0,27.9412,2267,27726,29993,36.15,50.36,46.4013,47.1178,3.2422,0.3778,par,16.7906,15.7096,elem|lowFRPM,170,21.7748,below par,False
level,math,19647336019137,Seventy-Fifth Street Elementary,elementary,752,96.8085,32.381,12.1429,3515,26330,29845,25.28,37.27,31.8645,30.5386,6.7314,0.7845,above par,12.4879,10.2324,elem|highFRPM,155,10.0423,par,False
level,math,19647336019145,Seventy-Fourth Street Elementary,elementary,377,92.5729,10.9827,19.0751,2972,27360,30332,31.43,37.93,37.7056,37.8558,0.0742,0.0086,par,12.5049,12.4805,elem|midFRPM,149,11.538,par,False
level,math,19647336019152,Sharp Avenue Elementary,elementary,417,97.1223,22.5641,14.359,3838,29574,33412,17.27,21.5,33.5128,32.2428,-10.7428,-1.252,below par,6.4348,9.6501,elem|highFRPM,155,10.0423,below par,False
level,math,19647336019160,Shenandoah Street Elementary,elementary,331,93.3535,20.625,17.5,3352,28740,32092,30.32,30.19,34.2751,34.0141,-3.8241,-0.4457,par,9.4073,10.5989,elem|midFRPM,149,11.538,par,False
level,math,19647336019178,Sheridan Street Elementary,elementary,555,96.036,24.0418,15.6794,4085,24580,28665,26.33,26.96,33.3311,33.2084,-6.2484,-0.7282,below par,9.4052,11.585,elem|highFRPM,155,10.0423,par,False
level,math,19647336019186,Sherman Oaks Elementary Charter,elementary,511,42.6614,3.1963,15.9817,1668,22748,24416,60.5,61.99,65.2376,64.792,-2.802,-0.3265,par,25.3891,26.5367,elem|lowFRPM,170,21.7748,above par,False
level,math,19647336019194,Shirley Avenue Elementary,elementary,410,92.439,19.4286,6.2857,2342,23884,26226,28.22,44.32,40.2248,40.5261,3.7939,0.4421,par,16.8993,15.4526,elem|midFRPM,149,11.538,above par,False
level,math,19647336019202,Short Avenue Elementary,elementary,414,28.744,4.0541,16.8919,1230,19896,21126,50.0,65.77,70.606,71.2659,-5.4959,-0.6405,below par,31.1323,33.7338,elem|lowFRPM,170,21.7748,above par,False
level,math,19647336019210,Sierra Park Elementary,elementary,240,92.9167,8.7302,34.9206,3718,33235,36953,38.22,31.75,30.963,31.1059,0.6441,0.0751,par,8.592,8.4177,elem|midFRPM,149,11.538,par,False
level,math,19647336019228,Sierra Vista Elementary,elementary,164,84.1463,0.0,14.8936,3643,26137,29780,62.92,61.05,46.1531,47.3369,13.7131,1.5981,above par,20.5003,15.8955,elem|lowFRPM,170,21.7748,par,False
level,math,19647336019236,Sixth Avenue Elementary,elementary,313,90.4153,29.375,16.875,3903,32367,36270,37.04,31.29,32.5853,30.912,0.378,0.0441,par,8.627,8.5227,elem|midFRPM,149,11.538,par,False
level,math,19647336019251,Sixty-First Street Elementary,elementary,541,98.8909,32.0312,17.1875,3383,28986,32369,27.85,47.53,28.4013,27.3489,20.1811,2.3519,above par,14.6838,8.4491,elem|highFRPM,155,10.0423,above par,False
level,math,19647336019269,Sixty-Sixth Street Elementary,elementary,649,97.8428,12.5326,9.3995,3211,23936,27147,41.04,45.95,39.6429,39.1985,6.7515,0.7868,above par,16.9264,14.4394,elem|highFRPM,155,10.0423,above par,False
level,math,19647336019277,Solano Avenue Elementary,elementary,198,68.1818,12.7451,18.6275,2360,25253,27613,58.33,60.19,47.4782,48.8788,11.3112,1.3182,above par,21.7977,17.7014,elem|lowFRPM,170,21.7748,par,False
level,math,19647336019285,Soto Street Elementary,elementary,186,87.0968,12.6316,33.6842,4656,43981,48637,32.71,46.39,32.3435,28.7458,17.6442,2.0562,above par,9.538,5.9103,elem|midFRPM,149,11.538,par,False
level,math,19647330109454,South East High,high,1990,92.1106,4.5752,11.329,2452,19062,21514,16.7,22.37,27.6153,26.9201,-4.5501,-0.5303,below par,10.3979,12.5128,secondary|midFRPM,68,9.1192,par,False
level,math,19647336058309,South Gate Middle,middle,1192,93.3725,11.4983,10.6272,2765,20445,23210,24.39,29.33,29.0286,29.0011,0.3289,0.0383,par,12.6368,12.4951,secondary|midFRPM,68,9.1192,above par,False
level,math,19647331938307,South Gate Senior High,high,1681,93.7537,5.1873,8.3573,3052,20144,23196,13.51,32.76,27.6492,26.5048,6.2552,0.729,above par,14.1231,11.4264,secondary|midFRPM,68,9.1192,above par,False
level,math,19647336019293,South Park Elementary,elementary,825,97.8182,29.8925,12.6882,3010,21750,24760,17.72,22.32,32.2231,32.5038,-10.1838,-1.1868,below par,9.0145,13.1276,elem|highFRPM,155,10.0423,par,False
level,math,19647330106989,Southeast Middle,middle,1215,94.7325,11.2369,13.0662,2688,20490,23178,14.7,15.37,27.4916,27.6963,-12.3263,-1.4365,below par,6.6313,11.9494,secondary|midFRPM,68,9.1192,par,False
level,math,19647336019319,Stagg Street Elementary,elementary,413,83.0508,7.6923,7.1429,2375,23566,25941,55.98,49.73,48.4974,48.5756,1.1544,0.1345,par,19.1704,18.7254,elem|lowFRPM,170,21.7748,par,False
level,math,19647336019327,Stanford Avenue Elementary,elementary,329,96.6565,22.0588,12.7451,3363,24298,27661,44.39,50.48,34.2461,35.1939,15.2861,1.7814,above par,18.2495,12.7233,elem|highFRPM,155,10.0423,above par,False
level,math,19647330122226,Stanley Mosk Elementary,elementary,490,87.9592,21.0046,14.6119,3285,22191,25476,32.63,41.15,38.423,39.2207,1.9293,0.2248,par,16.1525,15.3952,elem|midFRPM,149,11.538,above par,False
level,math,19647336019335,State Street Elementary,elementary,396,95.202,20.4678,25.731,4225,26229,30454,25.53,28.9,30.25,30.9821,-2.0821,-0.2426,par,9.4897,10.1734,elem|midFRPM,149,11.538,par,False
level,math,19647330125989,STEM Academy at Bernstein High,high,599,97.4958,5.8442,9.7403,1920,17737,19657,20.42,25.32,23.5659,25.7894,-0.4694,-0.0547,par,12.8809,13.1197,secondary|highFRPM,62,6.4266,above par,False
level,math,19647336058366,Stephen M. White Middle,middle,1423,82.1504,3.0501,13.1445,2135,19623,21758,35.95,36.64,36.4788,36.4012,0.2388,0.0278,par,16.8398,16.73,secondary|lowFRPM,47,17.1541,par,False
level,math,19647336019343,"Stonehurst Avenue Elementary School Science, Technology, Engineering, Arts and Math Magnet",elementary,289,82.0069,10.8333,15.8333,2134,26614,28748,50.0,55.0,43.5913,44.1261,10.8739,1.2672,above par,19.1318,15.3493,elem|lowFRPM,170,21.7748,par,False
level,math,19647336019350,Stoner Avenue Elementary,elementary,258,94.9612,12.0968,25.8065,3772,27206,30978,33.33,45.97,32.7713,34.084,11.886,1.3852,above par,14.8396,11.0026,elem|midFRPM,149,11.538,above par,False
level,math,19647336019368,Strathern Street Elementary,elementary,446,92.6009,22.1698,14.6226,3441,23089,26530,31.63,32.71,35.72,36.5047,-3.7947,-0.4422,par,12.3294,13.7598,elem|midFRPM,149,11.538,par,False
level,math,19647336019376,Sunland Elementary,elementary,282,78.7234,8.7591,19.708,2681,28084,30765,35.97,34.78,44.176,44.2919,-9.5119,-1.1085,below par,11.3051,14.3969,elem|lowFRPM,170,21.7748,below par,False
level,math,19647336019384,Sunny Brae Avenue Elementary,elementary,448,92.4107,20.5,25.0,3259,25822,29081,28.5,28.1,32.0134,32.8179,-4.7179,-0.5498,below par,9.6627,11.285,elem|midFRPM,149,11.538,par,False
level,math,19647336104822,Sunrise Elementary,elementary,385,97.4026,26.5,21.5,3248,30183,33431,27.87,32.18,28.7785,28.3001,3.8799,0.4522,par,9.6258,8.4652,elem|highFRPM,155,10.0423,par,False
level,math,19647336019392,Superior Street Elementary,elementary,470,62.3404,9.375,15.1786,2145,22277,24422,62.56,63.11,54.1529,54.4965,8.6135,1.0038,above par,25.8415,22.3145,elem|lowFRPM,170,21.7748,above par,False
level,math,19647331932383,Susan Miller Dorsey Senior High,high,853,97.4209,13.8122,18.7845,2970,26460,29430,5.7,8.29,17.3462,16.4452,-8.1552,-0.9504,below par,2.8169,5.5879,secondary|highFRPM,62,6.4266,below par,False
level,math,19647331938554,Sylmar Charter High,high,1463,87.0813,6.7797,13.8983,3079,23489,26568,19.56,20.07,27.56,25.8011,-5.7311,-0.6679,below par,7.5542,9.7113,secondary|midFRPM,68,9.1192,par,False
level,math,19647336019400,Sylmar Elementary,elementary,393,96.1832,17.4603,23.2804,3068,25593,28661,35.68,32.99,31.938,33.0933,-0.1033,-0.012,par,11.5104,11.5465,elem|highFRPM,155,10.0423,par,False
level,math,19647330126599,Sylmar Leadership Academy,elementary,850,82.5882,12.4352,19.5164,2454,19233,21687,33.22,33.28,42.7744,44.0172,-10.7372,-1.2513,below par,15.3456,20.2966,elem|lowFRPM,170,21.7748,below par,False
level,math,19647336019418,Sylvan Park Elementary,elementary,643,97.3561,21.1221,12.2112,2968,24700,27668,32.48,45.25,35.4948,35.1623,10.0877,1.1756,above par,16.3546,12.7087,elem|highFRPM,155,10.0423,above par,False
level,math,19647331938612,Taft Charter High,high,2221,56.5961,2.1645,12.1212,1602,18712,20314,39.01,40.35,44.6216,42.9646,-2.6146,-0.3047,par,19.8631,21.1502,secondary|lowFRPM,47,17.1541,par,False
level,math,19647336019426,Taper Avenue Elementary,elementary,672,50.1488,0.0,10.299,2038,20268,22306,56.92,60.47,65.8047,65.3048,-4.8348,-0.5634,below par,27.1093,29.2768,elem|lowFRPM,170,21.7748,above par,False
level,math,19647336019434,Tarzana Elementary,elementary,246,99.5935,17.0,12.0,3026,26979,30005,36.7,40.2,34.6447,35.358,4.842,0.5643,above par,13.3978,11.784,elem|highFRPM,155,10.0423,above par,False
level,math,19647336019442,Telfair Avenue Elementary,elementary,534,92.3221,22.5681,21.7899,4414,31610,36024,28.88,31.66,32.9202,30.7907,0.8693,0.1013,par,8.7886,8.5473,elem|midFRPM,149,11.538,par,False
level,math,19647336019459,Tenth Street Elementary,elementary,339,96.7552,28.6408,20.3883,3752,25792,29544,20.85,27.32,28.5711,29.5292,-2.2092,-0.2575,par,9.2472,9.995,elem|highFRPM,155,10.0423,par,False
level,math,19647336107411,Teresa Hughes Elementary,elementary,515,96.699,14.539,18.7943,3324,22031,25355,39.1,39.93,35.0878,36.4639,3.4661,0.4039,par,15.7484,14.3813,elem|highFRPM,155,10.0423,above par,False
level,math,19647331937424,Theodore Roosevelt Senior High,high,1678,96.3051,13.9665,13.9665,2687,20406,23093,25.52,29.78,20.8586,20.3697,9.4103,1.0967,above par,12.8957,8.8207,secondary|highFRPM,62,6.4266,above par,False
level,math,19647336019467,Third Street Elementary,elementary,717,51.1855,5.3459,3.7736,1102,19115,20217,89.42,90.31,66.2343,65.8114,24.4986,2.855,above par,44.6703,32.5525,elem|lowFRPM,170,21.7748,above par,False
level,math,19647336061444,Thomas A. Edison Middle,middle,837,98.6858,14.3406,17.7977,3138,24179,27317,20.87,23.76,21.9678,22.0379,1.7221,0.2007,par,8.6979,8.0675,secondary|highFRPM,62,6.4266,par,False
level,math,19647331934371,Thomas Jefferson Senior High,high,564,98.9362,23.4848,13.6364,4694,27548,32242,9.16,17.56,14.6654,13.2439,4.3161,0.503,above par,5.4463,4.1077,secondary|highFRPM,62,6.4266,par,False
level,math,19647336019509,Toland Way Elementary,elementary,218,85.3211,12.5,16.6667,2769,29543,32312,27.05,44.33,40.6831,40.74,3.59,0.4184,par,13.7194,12.6083,elem|lowFRPM,170,21.7748,below par,False
level,math,19647336019517,Toluca Lake Elementary,elementary,503,65.4076,3.9409,19.2118,2117,25938,28055,48.67,50.49,53.1308,52.5546,-2.0646,-0.2406,par,17.9968,18.7327,elem|lowFRPM,170,21.7748,below par,False
level,math,19647336019525,Topanga Elementary Charter,elementary,232,25.8621,0.0,7.5269,1645,23388,25033,66.32,70.65,76.5423,76.0378,-5.3878,-0.6279,below par,28.2227,30.375,elem|lowFRPM,170,21.7748,above par,False
level,math,19647336019533,Topeka Charter School for Advanced Studies,elementary,610,44.0984,4.8327,20.4461,1218,22047,23265,68.33,69.52,62.3405,62.3961,7.1239,0.8302,above par,29.8818,26.8197,elem|lowFRPM,170,21.7748,above par,False
level,math,19647336019541,Towne Avenue Elementary,elementary,288,81.5972,5.2632,14.2857,3307,25047,28354,40.46,50.0,46.4826,46.9805,3.0195,0.3519,par,17.6342,16.5693,elem|lowFRPM,170,21.7748,below par,False
level,math,19647336019558,Trinity Street Elementary,elementary,185,98.3784,30.0,16.1538,6697,35884,42581,20.92,29.1,28.226,25.6255,3.4745,0.4049,par,6.834,6.0181,elem|highFRPM,155,10.0423,par,False
level,math,19647336019566,Tulsa Street Elementary,elementary,406,76.601,4.5685,14.7208,2177,20764,22941,37.06,41.38,49.3565,50.8967,-9.5167,-1.1091,below par,18.0376,22.1859,elem|lowFRPM,170,21.7748,below par,False
level,math,19647336019574,Tweedy Elementary,elementary,471,90.2335,21.7391,15.4589,3093,23124,26217,36.27,37.44,36.69,37.4674,-0.0274,-0.0032,par,14.2808,14.2913,elem|midFRPM,149,11.538,par,False
level,math,19647336019582,Twentieth Street Elementary,elementary,499,95.5912,25.9912,17.1806,3020,23284,26304,34.93,38.53,32.0207,33.0151,5.5149,0.6427,above par,14.648,12.5514,elem|highFRPM,155,10.0423,above par,False
level,math,19647336019590,Twenty-Eighth Street Elementary,elementary,459,98.4749,32.4324,18.018,4296,28596,32892,24.6,27.8,27.8464,26.9848,0.8152,0.095,par,8.4519,8.2041,elem|highFRPM,155,10.0423,par,False
level,math,19647336019608,Twenty-Fourth Street Elementary,elementary,441,97.5057,32.0225,15.1685,3221,30959,34180,39.63,48.31,29.5947,28.0921,20.2179,2.3562,above par,14.134,8.2189,elem|highFRPM,155,10.0423,above par,False
level,math,19647336019616,Two Hundred Thirty-Second Place Elementary,elementary,413,64.6489,2.1505,15.0538,2274,20462,22736,51.01,62.16,55.6133,56.7979,5.3621,0.6249,above par,27.3399,24.9815,elem|lowFRPM,170,21.7748,above par,False
level,math,19647330119693,UCLA Community K-12,k12,887,97.2943,29.6984,16.2413,3751,20958,24709,16.41,16.13,14.2021,15.2758,0.8542,0.0995,par,6.528,6.1823,secondary|highFRPM,62,6.4266,par,False
level,math,19647331933795,Ulysses S. Grant Senior High,high,1774,94.7012,13.0208,9.8958,2712,19722,22434,26.87,28.72,23.7571,22.9731,5.7469,0.6697,above par,12.802,10.2403,secondary|midFRPM,68,9.1192,above par,False
level,math,19647336019624,Union Avenue Elementary,elementary,809,93.9431,36.0526,12.8947,3067,20329,23396,31.28,30.69,31.6166,32.3081,-1.6181,-0.1886,par,13.1176,13.8092,elem|midFRPM,149,11.538,par,False
level,math,19647331938885,University High School Charter,high,1385,72.2744,4.1237,13.7457,2272,21250,23522,27.33,28.92,35.3136,34.1475,-5.2275,-0.6092,below par,12.2949,14.5173,secondary|lowFRPM,47,17.1541,below par,False
level,math,19647330137091,University Pathways Public Service Academy,high,121,99.1736,0.0,30.5556,1615,27723,29338,7.41,16.67,13.7096,17.499,-0.829,-0.0966,par,5.6821,5.9646,secondary|highFRPM,62,6.4266,par,False
level,math,19647336019632,Utah Street Elementary,elementary,360,95.5556,15.7676,24.4813,3436,37478,40914,20.78,24.58,32.2074,29.4805,-4.9005,-0.5711,below par,6.0077,7.2055,elem|highFRPM,155,10.0423,below par,False
level,math,19647336019640,Valerio Street Elementary,elementary,645,97.5194,28.8136,14.5763,3904,27212,31116,21.45,24.75,31.5875,30.3387,-5.5887,-0.6513,below par,7.9541,9.7502,elem|highFRPM,155,10.0423,par,False
level,math,19647330124362,Valley Academy of Arts and Sciences,high,757,72.391,0.0,21.9178,2287,24292,26579,21.13,26.71,32.4015,32.0281,-5.3181,-0.6198,below par,10.0493,12.0501,secondary|lowFRPM,47,17.1541,below par,False
level,math,19647336019657,Valley View Elementary,elementary,151,42.3841,14.0625,7.8125,2251,24608,26859,74.6,54.55,63.0261,63.3697,-8.8197,-1.0278,below par,20.3098,23.5935,elem|lowFRPM,170,21.7748,par,False
level,math,19647336019665,Van Deene Avenue Elementary,elementary,320,80.3125,7.6471,12.3529,2803,23176,25979,32.94,48.82,47.1737,48.0736,0.7464,0.087,par,18.7921,18.5048,elem|lowFRPM,170,21.7748,par,False
level,math,19647336019673,Van Gogh Charter,elementary,456,48.9035,1.99,10.4478,1836,19506,21342,69.7,68.97,65.0029,65.5311,3.4389,0.4008,par,32.3166,30.7052,elem|lowFRPM,170,21.7748,above par,False
level,math,19647336019681,Van Ness Avenue Elementary,elementary,189,83.0688,9.7561,29.2683,3648,42158,45806,41.33,40.96,37.1523,33.9412,7.0188,0.818,above par,8.9421,7.4098,elem|lowFRPM,170,21.7748,below par,False
level,math,19647336019699,Van Nuys Elementary,elementary,459,96.9499,31.6742,17.6471,3151,24712,27863,29.2,30.3,28.9829,29.7242,0.5758,0.0671,par,10.8746,10.668,elem|highFRPM,155,10.0423,par,False
level,math,19647336058333,Van Nuys Middle,middle,726,92.8375,15.3738,17.2073,3156,23161,26317,21.29,24.57,24.3098,24.7352,-0.1652,-0.0193,par,9.3362,9.3989,secondary|midFRPM,68,9.1192,par,False
level,math,19647331938968,Van Nuys Senior High,high,1969,84.967,12.766,9.3617,2627,19375,22002,32.32,34.39,28.6991,27.4844,6.9056,0.8048,above par,15.6304,12.4918,secondary|lowFRPM,47,17.1541,par,False
level,math,19647336019707,Vanalden Avenue Elementary,elementary,369,88.0759,23.6686,20.1183,3011,28214,31225,36.41,31.84,34.6239,34.513,-2.673,-0.3115,par,10.197,11.053,elem|midFRPM,149,11.538,par,False
level,math,19647336019723,Vena Avenue Elementary,elementary,464,79.3103,7.3733,15.2074,2523,23305,25828,59.26,54.79,47.0731,47.5422,7.2478,0.8447,above par,21.2134,18.4072,elem|lowFRPM,170,21.7748,par,False
level,math,19647331939040,Venice Senior High,high,2293,64.7187,1.9157,8.6207,1901,18479,20380,28.92,34.96,42.5237,40.7582,-5.7982,-0.6757,below par,17.1541,19.9991,secondary|lowFRPM,47,17.1541,par,False
level,math,19647331939107,Verdugo Hills Senior High,high,1195,83.682,7.8853,15.0538,2520,22103,24623,31.37,34.41,27.9196,27.1818,7.2282,0.8424,above par,13.9747,11.0392,secondary|lowFRPM,47,17.1541,par,False
level,math,19647336019731,Vermont Avenue Elementary,elementary,342,90.6433,23.4568,22.8395,3723,27342,31065,29.12,43.21,32.2532,32.6611,10.5489,1.2294,above par,13.9095,10.5138,elem|midFRPM,149,11.538,par,False
level,math,19647336019749,Vernon City Elementary,elementary,134,95.5224,12.987,20.7792,3739,39045,42784,56.52,59.74,33.3496,31.5026,28.2374,3.2908,above par,13.9632,7.3632,elem|highFRPM,155,10.0423,above par,False
level,math,19647336019756,Victoria Avenue Elementary,elementary,272,97.4265,21.7391,26.8116,3604,28334,31938,41.29,50.36,27.7426,28.8532,21.5068,2.5064,above par,15.7681,9.0341,elem|highFRPM,155,10.0423,above par,False
level,math,19647336019764,Victory Boulevard Elementary,elementary,466,91.8455,18.1818,20.9091,3407,25643,29050,42.98,44.89,34.9251,35.2805,9.6095,1.1199,above par,15.4527,12.1448,elem|midFRPM,149,11.538,above par,False
level,math,19647336019772,Vine Street Elementary,elementary,237,91.1392,20.4545,24.2424,3780,37707,41487,37.68,49.62,31.9877,29.6995,19.9205,2.3215,above par,11.9604,7.1588,elem|midFRPM,149,11.538,par,False
level,math,19647336019780,Vinedale College Preparatory Academy,elementary,207,90.8213,19.084,20.6107,2654,33620,36274,8.76,15.67,33.9816,33.3662,-17.6962,-2.0623,below par,4.3199,9.1984,elem|midFRPM,149,11.538,below par,False
level,math,19647336058341,Virgil Middle,middle,975,96.0,18.2309,11.9741,2564,21348,23912,35.84,41.47,24.473,24.8249,16.6451,1.9398,above par,17.3428,10.3818,secondary|highFRPM,62,6.4266,above par,False
level,math,19647336019806,Virginia Road Elementary,elementary,217,95.3917,23.913,9.7826,3768,32544,36312,47.83,56.99,34.7847,33.309,23.681,2.7598,above par,15.6945,9.173,elem|midFRPM,149,11.538,above par,False
level,math,19647330122200,Vista del Valle Dual Language Academy,elementary,416,77.4038,17.9487,10.2564,2872,22056,24928,39.77,42.36,45.9993,46.532,-4.172,-0.4862,par,16.9929,18.6666,elem|lowFRPM,170,21.7748,below par,False
level,math,19647330106971,Vista Middle,middle,1080,96.7593,20.8333,13.6628,2827,22109,24936,14.21,18.42,22.6007,22.6028,-4.1828,-0.4875,par,7.3869,9.0643,secondary|highFRPM,62,6.4266,par,False
level,math,19647330126557,Visual and Performing Arts at Legacy High School Complex,high,411,90.0243,7.0,16.0,1470,20101,21571,8.89,14.29,23.3441,25.9201,-11.6301,-1.3554,below par,6.6246,12.0162,secondary|midFRPM,68,9.1192,par,False
level,math,19647336019814,Wadsworth Avenue Elementary,elementary,506,96.2451,31.0204,17.9592,3978,27796,31774,16.17,22.66,29.5592,28.8031,-6.1431,-0.7159,below par,7.1316,9.065,elem|highFRPM,155,10.0423,par,False
level,math,19647336019822,Walgrove Avenue Elementary,elementary,271,38.7454,3.6697,33.945,1987,28016,30003,48.6,45.87,58.273,58.56,-12.69,-1.4789,below par,15.2885,19.5181,elem|lowFRPM,170,21.7748,below par,False
level,math,19647336110977,Walnut Park Elementary,elementary,555,95.3153,21.2851,13.6546,2674,23395,26069,24.8,32.17,35.5378,36.0739,-3.9039,-0.455,par,12.3403,13.8379,elem|midFRPM,149,11.538,par,False
level,math,19647330126458,Walnut Park Middle A School of Social Justice and Service Learning,middle,371,92.4528,14.7309,10.7649,3925,21307,25232,24.62,31.64,26.4642,27.9321,3.7079,0.4321,par,12.5396,11.0701,secondary|midFRPM,68,9.1192,above par,False
level,math,19647330126466,"Walnut Park Middle B Science, Technology, Engineering and Mathematics Academy",middle,365,94.7945,14.9584,14.1274,1555,18431,19986,21.45,22.22,23.8513,27.487,-5.267,-0.6138,below par,11.1178,13.7531,secondary|midFRPM,68,9.1192,par,False
level,math,19647336062699,Walter Reed Middle,middle,1580,57.4684,4.9935,9.6628,1611,16171,17782,50.0,55.1,48.7238,48.6493,6.4507,0.7518,above par,30.9864,27.3587,secondary|lowFRPM,47,17.1541,above par,False
level,math,19647336019830,Warner Avenue Elementary,elementary,545,12.844,0.0,7.2581,1009,17361,18370,80.4,82.07,83.9005,83.5727,-1.5027,-0.1751,par,44.6761,45.4941,elem|lowFRPM,170,21.7748,above par,False
level,math,19647336019848,Weigand Avenue Elementary,elementary,290,100.0,6.4748,10.0719,3163,23767,26930,25.95,41.84,39.3972,40.632,1.208,0.1408,par,15.5366,15.088,elem|highFRPM,155,10.0423,above par,False
level,math,19647336019855,Welby Way Charter Elementary School And Gifted-High Ability Magnet,elementary,755,28.6093,1.9231,7.4519,987,17946,18933,82.9,81.49,76.3631,75.8042,5.6858,0.6626,above par,43.0413,40.0381,elem|lowFRPM,170,21.7748,above par,False
level,math,19647330114850,West Adams Preparatory High,high,942,97.6645,20.3046,13.198,3226,24099,27325,6.36,9.69,17.3695,16.5466,-6.8566,-0.7991,below par,3.5462,6.0555,secondary|highFRPM,62,6.4266,par,False
level,math,19647336019863,West Athens Elementary,elementary,545,97.4312,29.6875,11.7188,3250,23797,27047,17.92,22.78,32.2712,32.4584,-9.6784,-1.1279,below par,8.4224,12.0007,elem|highFRPM,155,10.0423,par,False
level,math,19647336019871,West Hollywood Elementary,elementary,313,48.2428,10.3448,6.8966,1491,19886,21377,70.31,62.07,63.1816,64.1109,-2.0409,-0.2378,par,29.0359,29.9906,elem|lowFRPM,170,21.7748,above par,False
level,math,19647336019889,West Vernon Avenue Elementary,elementary,470,98.9362,31.3008,13.0081,3368,22625,25993,38.81,42.86,30.218,31.2075,11.6525,1.358,above par,16.4891,12.0061,elem|highFRPM,155,10.0423,above par,False
level,math,19647336019913,Westminster Avenue Elementary,elementary,367,77.6567,2.809,25.2809,2778,28516,31294,43.93,48.31,44.8765,44.7406,3.5694,0.416,par,15.4375,14.2969,elem|lowFRPM,170,21.7748,below par,False
level,math,19647336019921,Westport Heights Elementary,elementary,166,81.9277,7.1429,13.0952,2778,28443,31221,35.9,28.92,45.3252,45.8049,-16.8849,-1.9678,below par,9.263,14.6712,elem|lowFRPM,170,21.7748,below par,False
level,math,19647336019939,Westwood Charter Elementary,elementary,670,19.5522,2.7972,15.035,902,18051,18953,79.08,77.51,76.7923,76.8018,0.7082,0.0825,par,40.8959,40.5222,elem|lowFRPM,170,21.7748,above par,False
level,math,19647336019947,White Point Elementary,elementary,314,38.8535,3.3058,10.7438,832,24268,25100,50.43,52.89,68.4477,68.0965,-15.2065,-1.7722,below par,21.0717,27.1301,elem|lowFRPM,170,21.7748,par,False
level,math,19647336019954,Wilbur Charter for Enriched Academics,elementary,564,38.4752,6.2257,19.8444,1602,21852,23454,63.04,61.48,64.5467,64.4471,-2.9671,-0.3458,par,26.213,27.4781,elem|lowFRPM,170,21.7748,above par,False
level,math,19647330112011,William Jefferson Clinton Middle,middle,622,98.3923,21.7317,14.9406,3237,24348,27585,24.62,25.68,20.1557,20.4683,5.2117,0.6074,above par,9.3094,7.4201,secondary|highFRPM,62,6.4266,par,False
level,math,19647336058184,William Mulholland Middle,middle,1098,93.5337,12.8302,18.3962,2865,20486,23351,25.38,27.79,25.0367,25.8017,1.9883,0.2317,par,11.901,11.0495,secondary|midFRPM,68,9.1192,par,False
level,math,19647336017446,William R. Anton Elementary,elementary,453,97.5717,20.614,12.2807,4064,31271,35335,30.09,39.91,35.0318,32.7859,7.1241,0.8302,above par,11.2948,9.2786,elem|highFRPM,155,10.0423,par,False
level,math,19647330126409,Willow Elementary,elementary,420,93.3333,18.8119,9.901,3153,23439,26592,46.54,42.08,38.5393,39.0139,3.0661,0.3573,par,15.8243,14.6713,elem|midFRPM,149,11.538,above par,False
level,math,19647336019962,Wilmington Park Elementary,elementary,472,95.9746,18.2979,19.5745,4165,28330,32495,41.35,35.9,33.575,32.7744,3.1256,0.3643,par,11.0479,10.086,elem|highFRPM,155,10.0423,par,False
level,math,19647336019970,Wilshire Crest Elementary,elementary,154,78.5714,10.2041,18.3673,3342,34934,38276,22.45,38.78,43.3835,41.9886,-3.2086,-0.3739,par,10.1317,10.97,elem|lowFRPM,170,21.7748,below par,False
level,math,19647330112003,Wilshire Park Elementary,elementary,329,86.6261,25.3333,25.3333,3447,23648,27095,42.57,47.68,32.2868,34.19,13.49,1.5721,above par,17.5973,12.6186,elem|lowFRPM,170,21.7748,below par,False
level,math,19647336019988,Wilton Place Elementary,elementary,297,93.9394,28.8591,15.4362,4065,35475,39540,25.81,36.6,31.6925,29.0109,7.5891,0.8844,above par,9.2564,7.3371,elem|midFRPM,149,11.538,par,False
level,math,19647336020002,Winnetka Avenue Elementary,elementary,306,92.8105,24.4604,20.8633,3176,24644,27820,25.15,27.78,31.5648,33.1791,-5.3991,-0.6292,below par,9.9856,11.9264,elem|midFRPM,149,11.538,par,False
level,math,19647330122150,Wisdom Elementary,elementary,648,97.6852,29.3151,12.3288,3049,21438,24487,24.87,33.15,32.29,33.0747,0.0753,0.0088,par,13.5378,13.507,elem|highFRPM,155,10.0423,above par,False
level,math,19647336020010,Wonderland Avenue Elementary,elementary,435,26.6667,0.0,11.2,1244,19973,21217,90.0,90.8,75.5464,75.4981,15.3019,1.7833,above par,42.7959,35.5838,elem|lowFRPM,170,21.7748,above par,False
level,math,19647336020028,Woodcrest Elementary,elementary,611,98.6907,21.4286,8.9286,3461,22820,26281,27.8,31.58,36.0904,36.0819,-4.5019,-0.5247,below par,12.0163,13.7293,elem|highFRPM,155,10.0423,par,False
level,math,19647336020036,Woodlake Elementary Community Charter,elementary,561,45.8111,4.3478,12.6482,1190,18590,19780,51.01,55.81,64.9262,65.6894,-9.8794,-1.1513,below par,28.2154,33.21,elem|lowFRPM,170,21.7748,above par,False
level,math,19647336061568,Woodland Hills Academy,middle,607,82.7018,15.9396,15.1007,2295,22415,24710,18.31,21.75,29.3811,30.1536,-8.4036,-0.9794,below par,8.8021,12.203,secondary|lowFRPM,47,17.1541,below par,False
level,math,19647336020044,Woodland Hills Elementary Charter for Enriched Studies,elementary,621,30.5958,2.7559,7.874,1380,17918,19298,74.72,73.33,74.6747,74.4666,-1.1366,-0.1325,par,37.9988,38.5878,elem|lowFRPM,170,21.7748,above par,False
level,math,19647336020051,Woodlawn Avenue Elementary,elementary,523,92.1606,29.7959,16.7347,3431,22507,25938,31.52,34.55,32.4539,33.3462,1.2038,0.1403,par,13.3202,12.8561,elem|midFRPM,149,11.538,par,False
level,math,19647331939859,Woodrow Wilson Senior High,high,1260,93.9683,5.0909,12.7273,3036,24907,27943,17.13,21.98,25.2979,23.4815,-1.5015,-0.175,par,7.866,8.4034,secondary|midFRPM,68,9.1192,par,False
level,math,19647336017677,YES Academy,elementary,462,96.9697,25.0,19.6429,4072,30838,34910,12.28,18.1,30.5908,29.0912,-10.9912,-1.2809,below par,5.1848,8.3332,elem|highFRPM,155,10.0423,below par,False
level,math,19647336020069,Yorkdale Elementary,elementary,205,82.9268,16.3265,25.5102,3134,25682,28816,25.49,32.65,36.5191,38.5708,-5.9208,-0.69,below par,11.3305,13.3852,elem|lowFRPM,170,21.7748,below par,False
level,math,19647330119735,Young Oak Kim Academy,middle,715,98.6014,16.573,10.9551,2746,19571,22317,16.62,23.77,23.8615,25.3212,-1.5512,-0.1808,par,10.6511,11.3461,secondary|highFRPM,62,6.4266,above par,False
growth,ela,19647331935121,Abraham Lincoln Senior High,high,913,89.3757,6.7961,14.0777,2396,23896,26292,65.3,-1.22,0.1849,-0.2438,-0.9762,-0.1896,par,-0.464,-0.0927,secondary|midFRPM|highPrior,21,0.6234,below par,False
growth,ela,19647330126615,Academies of Education and Empowerment at Carson High,high,474,77.8481,3.3333,17.5,1447,18885,20332,68.1,-8.93,0.7612,1.4818,-10.4118,-2.0222,below par,-4.3921,0.7288,secondary|lowFRPM|highPrior,38,0.4994,below par,False
growth,ela,19647330125096,Academy for Enriched Sciences,elementary,291,30.9278,2.7027,15.5405,1832,23621,25453,71.34,9.74,2.2512,2.1992,7.5408,1.4646,above par,3.8267,0.864,elem|lowFRPM|highPrior,126,0.867,above par,False
growth,ela,19647330126623,Academy of Medical Arts at Carson High,high,438,80.8219,4.5872,3.6697,1447,17397,18844,66.67,3.97,2.264,2.9106,1.0594,0.2058,par,2.1068,1.5446,secondary|lowFRPM|highPrior,38,0.4994,above par,False
growth,ela,19647336015705,Albion Street Elementary,elementary,121,90.0826,10.3896,24.6753,4290,43717,48007,37.33,1.63,3.6676,2.5125,-0.8825,-0.1714,par,0.3395,0.5234,elem|midFRPM|midPrior,72,0.7662,par,False
growth,ela,19647336015713,Aldama Elementary,elementary,329,74.1641,16.4634,17.0732,2480,26091,28571,36.0,7.29,5.3575,5.5683,1.7217,0.3344,par,2.5515,1.9489,elem|lowFRPM|midPrior,38,1.3046,above par,False
growth,ela,19647336057996,Alexander Fleming Middle,middle,1110,88.8288,7.1085,14.7935,2293,20624,22917,37.36,8.85,4.6243,4.7824,4.0676,0.79,above par,3.8618,2.0868,secondary|midFRPM|midPrior,25,1.2882,above par,False
growth,ela,19647331933852,Alexander Hamilton Senior High,high,2055,76.0584,1.5487,10.8407,1980,20486,22466,60.17,0.67,4.0207,3.4456,-2.7756,-0.5391,below par,0.2982,1.5337,secondary|lowFRPM|highPrior,38,0.4994,par,False
growth,ela,19647336015721,Alexandria Avenue Elementary,elementary,502,92.2311,23.9669,14.4628,3322,25303,28625,44.14,2.14,0.4222,0.2327,1.9073,0.3704,par,0.7476,0.0813,elem|midFRPM|midPrior,72,0.7662,par,False
growth,ela,19647336061543,Alfred B. Nobel Charter Middle,middle,1784,57.0628,2.8555,7.5957,1793,19021,20814,74.99,-1.32,-1.1667,-1.9453,0.6253,0.1214,par,-0.6342,-0.9346,secondary|lowFRPM|highPrior,38,0.4994,below par,False
growth,ela,19647336015739,Allesandro Elementary,elementary,267,85.0187,4.3796,17.5182,3028,23556,26584,63.77,-0.27,-1.3785,-1.0452,0.7752,0.1506,par,-0.1016,-0.3932,elem|lowFRPM|highPrior,126,0.867,par,False
growth,ela,19647330122184,Alta California Elementary,elementary,588,96.4286,27.4566,14.7399,3283,22282,25565,47.38,2.62,-1.4858,-1.4466,4.0666,0.7898,above par,1.0248,-0.5658,elem|highFRPM|highPrior,7,1.0248,par,True
growth,ela,19647336015747,Alta Loma Elementary,elementary,381,89.7638,17.4863,17.4863,3867,26469,30336,30.17,5.35,5.225,5.3037,0.0463,0.009,par,1.7636,1.7483,elem|midFRPM|lowPrior,62,1.5814,par,False
growth,ela,19647330121103,Ambassador School-Global Education,elementary,332,94.8795,44.8718,18.5897,5976,23875,29851,21.94,4.98,2.4311,2.6976,2.2824,0.4433,par,1.6683,0.9037,elem|midFRPM|lowPrior,62,1.5814,par,False
growth,ela,19647330121095,Ambassador-Global Leadership,k12,472,97.6695,22.2222,14.5299,2411,20562,22973,23.9,3.02,4.8742,5.8722,-2.8522,-0.554,below par,1.3146,2.5561,secondary|highFRPM|lowPrior,34,1.8838,par,False
growth,ela,19647336015754,Ambler Avenue Elementary,elementary,445,80.8989,0.0,17.1946,2300,26161,28461,38.72,5.17,6.5903,6.6965,-1.5265,-0.2965,par,1.8165,2.3529,elem|lowFRPM|midPrior,38,1.3046,par,False
growth,ela,19647336015762,Amestoy Elementary,elementary,623,86.6774,9.5847,14.6965,2422,19616,22038,39.5,4.91,4.5174,5.0813,-0.1713,-0.0333,par,2.228,2.3057,elem|midFRPM|midPrior,72,0.7662,above par,False
growth,ela,19647336015770,Anatola Avenue Elementary,elementary,269,87.3606,14.2857,19.8413,3460,24963,28423,27.46,11.43,6.4833,7.1229,4.3071,0.8365,above par,4.0214,2.506,elem|midFRPM|lowPrior,62,1.5814,above par,False
growth,ela,19647336015796,Andasol Avenue Elementary,elementary,411,75.6691,9.5541,7.6433,2390,24661,27051,49.4,6.01,3.7208,3.5889,2.4211,0.4702,par,2.2217,1.3267,elem|lowFRPM|highPrior,126,0.867,above par,False
growth,ela,19647330122218,Andres and Maria Cardenas Elementary,elementary,423,96.9267,27.5676,17.2973,3156,25674,28830,33.67,-5.02,1.9487,2.0757,-7.0957,-1.3781,below par,-1.7412,0.72,elem|highFRPM|midPrior,56,0.6294,below par,False
growth,ela,19647336057913,Andrew Carnegie Middle,middle,843,84.9348,5.1059,14.6949,2458,23251,25709,40.5,5.08,4.502,4.4513,0.6287,0.1221,par,1.976,1.7314,secondary|lowFRPM|midPrior,7,2.6839,par,True
growth,ela,19647336015804,Angeles Mesa Elementary,elementary,297,95.6229,21.3592,15.534,3411,30293,33704,27.42,-1.21,5.0356,4.8847,-6.0947,-1.1837,below par,-0.359,1.4493,elem|highFRPM|lowPrior,92,1.4542,below par,False
growth,ela,19647336015812,Ann Street Elementary,elementary,79,96.2025,11.1111,16.6667,6725,47605,54330,21.62,-2.18,8.2362,6.6685,-8.8485,-1.7186,below par,-0.4013,1.2274,elem|highFRPM|lowPrior,92,1.4542,below par,False
growth,ela,19647336015820,Annalee Avenue Elementary,elementary,194,77.8351,0.0,10.0,2413,32803,35216,51.52,-3.52,4.2844,3.7671,-7.2871,-1.4153,below par,-0.9995,1.0697,elem|lowFRPM|highPrior,126,0.867,below par,False
growth,ela,19647336015838,Annandale Elementary,elementary,90,88.8889,0.0,22.2222,3237,42861,46098,32.43,-7.43,7.1259,6.4524,-13.8824,-2.6963,below par,-1.6118,1.3997,elem|midFRPM|lowPrior,62,1.5814,below par,False
growth,ela,19647336015846,Apperson Street Elementary,elementary,355,65.6338,4.6667,12.6667,2075,20929,23004,52.29,4.38,4.1248,4.6236,-0.2436,-0.0473,par,1.904,2.0099,elem|lowFRPM|highPrior,126,0.867,above par,False
growth,ela,19647336015853,Aragon Avenue Elementary,elementary,205,95.122,30.0885,17.6991,5745,28347,34092,35.58,-6.38,1.2151,1.1592,-7.5392,-1.4643,below par,-1.8714,0.34,elem|midFRPM|midPrior,72,0.7662,below par,False
growth,ela,19647330112045,Arleta High,high,1038,88.921,7.3643,17.8295,3064,21154,24218,26.67,10.15,10.2923,10.6547,-0.5047,-0.098,par,4.1911,4.3995,secondary|midFRPM|lowPrior,21,1.9012,above par,False
growth,ela,19647336015861,Arlington Heights Elementary,elementary,308,96.7532,34.2657,18.8811,4435,26006,30441,27.13,-0.56,2.5218,2.7658,-3.3258,-0.6459,below par,-0.184,0.9086,elem|highFRPM|lowPrior,92,1.4542,below par,False
growth,ela,19647336015879,Arminta Street Elementary,elementary,317,93.6909,17.6829,19.5122,3753,30493,34246,32.75,6.88,3.8914,3.6605,3.2195,0.6253,above par,2.009,1.0689,elem|midFRPM|midPrior,72,0.7662,above par,False
growth,ela,19647336015887,Ascot Avenue Elementary,elementary,610,97.541,24.8276,16.8966,3170,23929,27099,37.7,3.68,1.2381,1.2768,2.4032,0.4668,par,1.358,0.4712,elem|highFRPM|midPrior,56,0.6294,par,False
growth,ela,19647336015895,Atwater Avenue Elementary,elementary,332,60.241,9.396,19.4631,2001,26766,28767,46.58,10.47,4.6679,4.712,5.758,1.1183,above par,3.6396,1.638,elem|lowFRPM|midPrior,38,1.3046,above par,False
growth,ela,19647336061394,Audubon Middle,middle,446,93.0493,11.7506,18.2254,3413,34445,37858,26.93,2.33,6.0214,5.2349,-2.9049,-0.5642,below par,0.6155,1.3828,secondary|midFRPM|lowPrior,21,1.9012,below par,False
growth,ela,19647330126482,Augustus Hawkins High,high,1122,98.4848,21.0332,10.3321,2522,22059,24581,24.4,9.92,8.6298,8.734,1.186,0.2304,par,4.0356,3.5531,secondary|highFRPM|lowPrior,34,1.8838,above par,False
growth,ela,19647330109348,Aurora Elementary,elementary,304,97.0395,24.6835,17.0886,4516,28109,32625,24.22,4.26,5.0561,5.0935,-0.8335,-0.1619,par,1.3057,1.5612,elem|highFRPM|lowPrior,92,1.4542,par,False
growth,ela,19647336015903,Avalon Gardens Elementary,elementary,171,93.5673,10.2564,14.1026,3326,33793,37119,36.49,-12.13,4.767,4.4591,-16.5891,-3.222,below par,-3.2679,1.2013,elem|midFRPM|midPrior,72,0.7662,below par,False
growth,ela,19647336015929,Baldwin Hills Elementary,elementary,417,76.259,0.0,13.0208,1922,23125,25047,46.32,-5.17,5.4393,5.7628,-10.9328,-2.1234,below par,-2.0641,2.3008,elem|lowFRPM|midPrior,38,1.3046,below par,False
growth,ela,19647336015945,Bandini Street Elementary,elementary,232,87.5,9.0909,17.0455,4265,27205,31470,31.48,15.11,6.5468,6.8227,8.2873,1.6096,above par,4.8014,2.168,elem|midFRPM|lowPrior,62,1.5814,above par,False
growth,ela,19647330122416,Barack Obama Global Preparation Academy,k12,293,95.2218,19.8582,16.6667,4690,35995,40685,16.03,6.67,7.4549,6.8116,-0.1416,-0.0275,par,1.6394,1.6742,secondary|midFRPM|lowPrior,21,1.9012,par,False
growth,ela,19647336015952,Barton Hill Elementary,elementary,329,95.7447,16.8675,22.8916,3526,28769,32295,28.57,-2.06,4.5799,4.7149,-6.7749,-1.3158,below par,-0.6379,1.4599,elem|highFRPM|lowPrior,92,1.4542,below par,False
growth,ela,19647336015960,Bassett Street Elementary,elementary,609,96.3875,28.9474,18.0451,3300,23500,26800,22.05,3.14,4.843,5.1395,-1.9995,-0.3883,par,1.1716,1.9177,elem|highFRPM|lowPrior,92,1.4542,par,False
growth,ela,19647336015978,Beachy Avenue Elementary,elementary,398,89.4472,20.1058,23.2804,2508,25864,28372,30.15,4.24,4.1641,4.5753,-0.3353,-0.0651,par,1.4944,1.6126,elem|midFRPM|lowPrior,62,1.5814,par,False
growth,ela,19647336015986,Beckford Charter for Enriched Studies,elementary,588,29.932,1.4235,14.9466,1089,16835,17924,83.21,1.49,-0.7039,-0.5082,1.9982,0.3881,par,0.8313,-0.2835,elem|lowFRPM|highPrior,126,0.867,par,False
growth,ela,19647336015994,Beethoven Street Elementary,elementary,315,61.2698,6.0241,13.253,1389,22453,23842,57.65,1.99,2.7987,3.1843,-1.1943,-0.232,par,0.8347,1.3356,elem|lowFRPM|highPrior,126,0.867,par,False
growth,ela,19647331930866,Bell Senior High,high,2088,91.3793,5.6373,12.2549,3037,19606,22643,54.16,7.85,3.3645,2.9458,4.9042,0.9525,above par,3.4669,1.301,secondary|midFRPM|highPrior,21,0.6234,above par,False
growth,ela,19647330106914,Bellingham Elementary,elementary,390,97.1795,21.8935,16.568,3475,25971,29446,29.71,10.53,4.0241,4.1995,6.3305,1.2295,above par,3.576,1.4262,elem|highFRPM|lowPrior,92,1.4542,above par,False
growth,ela,19647331930924,Belmont Senior High,high,614,96.4169,42.7481,5.3435,4797,26738,31535,25.98,8.37,5.5049,4.9186,3.4514,0.6703,above par,2.6542,1.5597,secondary|highFRPM|lowPrior,34,1.8838,par,False
growth,ela,19647336016018,Belvedere Elementary,elementary,526,97.7186,23.4818,23.4818,3733,26229,29962,28.36,0.38,3.2588,3.3535,-2.9735,-0.5775,below par,0.1268,1.1193,elem|highFRPM|lowPrior,92,1.4542,below par,False
growth,ela,19647336057889,Belvedere Middle,middle,734,95.7766,9.2798,22.9917,2615,24090,26705,32.45,4.81,4.0463,4.3274,0.4826,0.0937,par,1.8012,1.6205,secondary|highFRPM|lowPrior,34,1.8838,par,False
growth,ela,19647331933043,Benjamin Franklin Senior High,k12,1284,87.3832,5.1913,13.388,2805,20749,23554,43.7,4.39,3.2293,3.2018,1.1882,0.2308,par,1.8638,1.3594,secondary|midFRPM|midPrior,25,1.2882,par,False
growth,ela,19647336061402,Berendo Middle,middle,552,96.558,20.1161,16.441,3476,25037,28513,24.82,6.13,5.0884,5.2434,0.8866,0.1722,par,2.1499,1.839,secondary|highFRPM|lowPrior,34,1.8838,par,False
growth,ela,19647336016026,Bertrand Avenue Elementary,elementary,326,90.4908,31.2925,17.0068,2864,26863,29727,27.59,0.98,3.6923,3.9096,-2.9296,-0.569,below par,0.3297,1.3152,elem|midFRPM|lowPrior,62,1.5814,below par,False
growth,ela,19647336016638,Betty Plasencia Elementary,elementary,411,95.1338,24.8705,10.8808,3339,27631,30970,36.27,-4.15,2.5877,2.2878,-6.4378,-1.2504,below par,-1.34,0.7387,elem|midFRPM|midPrior,72,0.7662,below par,False
growth,ela,19647336019491,Birdielee V. Bright Elementary,elementary,374,95.4545,15.2381,11.9048,3336,23816,27152,41.27,-2.22,2.6399,2.8651,-5.0851,-0.9876,below par,-0.8176,1.0552,elem|highFRPM|midPrior,56,0.6294,below par,False
growth,ela,19647336016034,Blythe Street Elementary,elementary,323,99.6904,37.8378,21.6216,4632,35127,39759,24.24,12.25,2.1315,1.3337,10.9163,2.1202,above par,3.0811,0.3354,elem|highFRPM|lowPrior,92,1.4542,above par,False
growth,ela,19647336016042,Bonita Street Elementary,elementary,399,77.9449,6.0976,16.4634,2165,22522,24687,40.11,4.4,5.5989,6.146,-1.746,-0.3391,par,1.7823,2.4896,elem|lowFRPM|midPrior,38,1.3046,par,False
growth,ela,19647330135996,Boys Academic Leadership Academy,k12,69,91.3043,0.0,28.8462,1224,49395,50619,16.67,10.25,9.6219,9.1247,1.1253,0.2186,par,2.0249,1.8026,secondary|midFRPM|lowPrior,21,1.9012,par,False
growth,ela,19647336016059,Braddock Drive Elementary,elementary,541,59.7043,4.4118,6.6176,2402,21572,23974,68.75,-1.47,0.8758,0.5626,-2.0326,-0.3948,par,-0.6132,0.2347,elem|lowFRPM|highPrior,126,0.867,below par,False
growth,ela,19647336016067,Brainard Elementary,elementary,160,74.375,7.4627,22.3881,2825,36345,39170,54.17,11.5,1.2718,0.6177,10.8823,2.1136,above par,2.9359,0.1577,elem|lowFRPM|highPrior,126,0.867,above par,False
growth,ela,19647336016075,Breed Street Elementary,elementary,258,96.8992,23.4375,21.0938,3822,36534,40356,29.5,7.22,3.378,2.6281,4.5919,0.8918,above par,1.7891,0.6512,elem|highFRPM|lowPrior,92,1.4542,par,False
growth,ela,19647336058044,Bret Harte Preparatory Middle,middle,456,97.3684,21.219,20.0903,3251,32314,35565,16.23,3.86,6.7871,6.4347,-2.5747,-0.5001,below par,1.0853,1.8093,secondary|highFRPM|lowPrior,34,1.8838,par,False
growth,ela,19647336016091,Bridge Street Elementary,elementary,180,97.2222,22.3529,41.1765,3726,36568,40294,23.08,2.8,3.0076,3.094,-0.294,-0.0571,par,0.6949,0.7679,elem|highFRPM|lowPrior,92,1.4542,par,False
growth,ela,19647336016109,Broad Avenue Elementary,elementary,441,85.2608,11.0577,23.0769,3123,26072,29195,35.78,6.53,4.5049,4.6846,1.8454,0.3584,par,2.2367,1.6046,elem|lowFRPM|midPrior,38,1.3046,par,False
growth,ela,19647336016117,Broadacres Avenue Elementary Visual & Performing Arts Magnet,elementary,275,85.4545,0.0,22.1477,2492,25820,28312,26.03,12.9,9.1108,9.8846,3.0154,0.5857,above par,4.5564,3.4913,elem|lowFRPM|lowPrior,6,2.1866,above par,True
growth,ela,19647336016125,Broadway Elementary,elementary,546,25.8242,2.6667,7.5556,1592,18225,19817,85.38,-0.05,-0.2466,-0.4684,0.4184,0.0813,par,-0.0252,-0.2364,elem|lowFRPM|highPrior,126,0.867,par,False
growth,ela,19647336016133,Brockton Avenue Elementary,elementary,189,88.3598,18.3908,18.3908,3278,29855,33133,45.68,2.6,0.9229,0.9298,1.6702,0.3244,par,0.7847,0.2806,elem|midFRPM|midPrior,72,0.7662,par,False
growth,ela,19647336016141,Brooklyn Avenue,elementary,510,89.2157,12.9577,24.2254,3256,25123,28379,48.31,3.24,0.23,0.2752,2.9648,0.5758,above par,1.1417,0.097,elem|midFRPM|highPrior,15,-0.4298,above par,False
growth,ela,19647336016158,Bryson Avenue Elementary,elementary,706,84.8442,3.869,13.9881,2736,21218,23954,50.62,8.9,2.6397,2.7338,6.1662,1.1976,above par,3.7155,1.1413,elem|lowFRPM|highPrior,126,0.867,above par,False
growth,ela,19647336016166,Buchanan Street Elementary,elementary,278,66.1871,15.2,25.6,2726,28596,31322,40.0,7.2,4.2689,4.3744,2.8256,0.5488,above par,2.2987,1.3966,elem|lowFRPM|midPrior,38,1.3046,par,False
growth,ela,19647336016174,Budlong Avenue Elementary,elementary,624,96.6346,26.6667,10.7937,3909,25790,29699,20.71,4.05,6.3898,6.1775,-2.1275,-0.4132,par,1.3637,2.0801,elem|highFRPM|lowPrior,92,1.4542,par,False
growth,ela,19647336016182,Burbank Boulevard Elementary,elementary,319,81.5047,10.5263,9.2105,2457,22692,25149,58.64,-9.3,0.3094,0.5136,-9.8136,-1.906,below par,-3.698,0.2042,elem|lowFRPM|highPrior,126,0.867,below par,False
growth,ela,19647336016208,Burton Street Elementary,elementary,274,98.1752,20.5128,29.9145,3050,31950,35000,27.64,-2.85,3.2183,3.3326,-6.1826,-1.2008,below par,-0.8143,0.9522,elem|highFRPM|lowPrior,92,1.4542,below par,False
growth,ela,19647336016216,Bushnell Way Elementary,elementary,157,84.0764,0.0,32.9114,6851,33826,40677,46.67,3.96,2.3959,2.0293,1.9307,0.375,par,0.9735,0.4989,elem|lowFRPM|highPrior,126,0.867,par,False
growth,ela,19647336016224,Cabrillo Avenue Elementary,elementary,303,92.4092,14.6154,22.3077,3946,34467,38413,30.66,18.57,4.769,4.1743,14.3957,2.796,above par,4.8343,1.0867,elem|midFRPM|lowPrior,62,1.5814,above par,False
growth,ela,19647336016232,Cahuenga Elementary,elementary,355,86.7606,18.6047,16.2791,3187,23386,26573,49.69,-0.27,0.1225,0.3728,-0.6428,-0.1249,par,-0.1016,0.1403,elem|midFRPM|highPrior,15,-0.4298,par,False
growth,ela,19647336016240,Calabash Charter Academy,elementary,409,32.5183,0.0,12.2449,1281,18868,20149,70.41,2.55,3.1375,3.4474,-0.8974,-0.1743,par,1.2656,1.711,elem|lowFRPM|highPrior,126,0.867,par,False
growth,ela,19647336016257,Calahan Street Elementary,elementary,474,73.2068,11.399,12.9534,2356,22650,25006,37.31,9.32,6.3507,6.6435,2.6765,0.5198,above par,3.7271,2.6568,elem|lowFRPM|midPrior,38,1.3046,above par,False
growth,ela,19647336016265,Calvert Charter for Enriched Studies,elementary,324,82.4074,16.0584,19.708,2903,26805,29708,26.95,3.71,6.81,7.1364,-3.4264,-0.6655,below par,1.2488,2.4022,elem|lowFRPM|lowPrior,6,2.1866,par,True
growth,ela,19647336016273,Camellia Avenue Elementary,elementary,433,95.1501,24.0838,16.2304,4668,25504,30172,24.19,3.56,5.4075,5.4721,-1.9121,-0.3714,par,1.1799,1.8136,elem|midFRPM|lowPrior,62,1.5814,par,False
growth,ela,19647336016281,Canfield Avenue Elementary,elementary,285,49.4737,5.6,21.6,1699,23942,25641,77.1,-1.9,-2.2838,-2.1835,0.2835,0.0551,par,-0.741,-0.8516,elem|lowFRPM|highPrior,126,0.867,below par,False
growth,ela,19647336016299,Canoga Park Elementary,elementary,462,96.3203,35.9504,18.595,3536,30232,33768,22.32,-0.01,3.6027,3.2247,-3.2347,-0.6283,below par,-0.003,0.955,elem|highFRPM|lowPrior,92,1.4542,below par,False
growth,ela,19647336057947,Canoga Park Middle,middle,579,91.7098,14.6667,18.0952,2856,26015,28871,21.94,5.49,7.0355,7.1949,-1.7049,-0.3311,par,1.9016,2.4921,secondary|midFRPM|lowPrior,21,1.9012,par,False
growth,ela,19647331931476,Canoga Park Senior High,high,1389,92.3686,13.5849,15.8491,2860,22311,25171,48.56,3.89,3.1422,2.8277,1.0623,0.2063,par,1.5454,1.1234,secondary|midFRPM|highPrior,21,0.6234,par,False
growth,ela,19647336016307,Cantara Street Elementary,elementary,357,94.3978,33.3333,22.0339,2393,25755,28148,35.71,11.75,0.1681,0.5344,11.2156,2.1783,above par,4.1744,0.1898,elem|midFRPM|midPrior,72,0.7662,above par,False
growth,ela,19647336016315,Canterbury Avenue Elementary,elementary,578,85.4671,13.4615,10.3846,3186,22043,25229,48.39,-2.24,2.0692,2.0451,-4.2851,-0.8323,below par,-0.8879,0.8106,elem|lowFRPM|highPrior,126,0.867,below par,False
growth,ela,19647336016323,Canyon Charter Elementary,elementary,391,15.601,0.0,9.0278,979,18008,18987,84.49,-1.16,1.2799,1.3841,-2.5441,-0.4941,par,-0.6109,0.729,elem|lowFRPM|highPrior,126,0.867,below par,False
growth,ela,19647336016331,Capistrano Avenue Elementary,elementary,415,80.9639,7.2222,22.7778,2417,23111,25528,54.74,-2.52,0.3794,0.7595,-3.2795,-0.637,below par,-0.9872,0.2975,elem|lowFRPM|highPrior,126,0.867,below par,False
growth,ela,19647330122234,Carlos Santana Arts Academy,elementary,371,91.1051,25.1366,19.6721,4865,26034,30899,34.66,-1.87,2.3725,2.3618,-4.2318,-0.8219,below par,-0.6052,0.7644,elem|midFRPM|midPrior,72,0.7662,below par,False
growth,ela,19647336016349,Caroldale Learning Community,elementary,620,77.9032,4.7506,15.4394,2542,21263,23805,50.46,1.08,3.0555,3.2475,-2.1675,-0.421,par,0.4537,1.3642,elem|lowFRPM|highPrior,126,0.867,par,False
growth,ela,19647336016356,Carpenter Community Charter,elementary,863,13.2097,1.0076,16.8766,1064,17447,18511,82.82,0.81,0.8226,0.6463,0.1637,0.0318,par,0.4376,0.3491,elem|lowFRPM|highPrior,126,0.867,par,False
growth,ela,19647331931526,Carson Senior High,high,1407,87.7043,3.4602,12.1107,2470,20652,23122,51.75,11.57,4.7894,4.5987,6.9713,1.354,above par,5.0039,1.9889,secondary|midFRPM|highPrior,21,0.6234,above par,False
growth,ela,19647336016364,Carson Street Elementary,elementary,623,68.2183,2.2876,15.6863,2193,19486,21679,55.07,5.39,3.0952,3.4355,1.9545,0.3796,par,2.4863,1.5847,elem|lowFRPM|highPrior,126,0.867,above par,False
growth,ela,19647330122101,Carson-Gore Academy of Environmental Studies,elementary,344,95.6395,24.4792,24.4792,3370,24856,28226,36.76,-0.3,0.9196,1.3974,-1.6974,-0.3297,par,-0.1063,0.4951,elem|highFRPM|midPrior,56,0.6294,par,False
growth,ela,19647336016372,Carthay Elementary Of Environmental Studies Magnet,elementary,327,68.8073,4.0984,7.377,1715,21171,22886,56.05,0.51,3.4966,3.9046,-3.3946,-0.6593,below par,0.2228,1.7061,elem|lowFRPM|highPrior,126,0.867,par,False
growth,ela,19647336016380,Castelar Street Elementary,elementary,626,85.4633,24.3402,5.2786,2572,22112,24684,48.84,-0.16,0.7602,0.5632,-0.7232,-0.1405,par,-0.0648,0.2281,elem|lowFRPM|highPrior,126,0.867,par,False
growth,ela,19647336016398,Castle Heights Elementary,elementary,501,32.7345,3.6364,12.2727,1294,19247,20541,82.53,-2.08,-0.8229,-0.883,-1.197,-0.2325,par,-1.0126,-0.4299,elem|lowFRPM|highPrior,126,0.867,below par,False
growth,ela,19647336071435,Castlebay Lane Charter,elementary,666,26.7267,2.0202,11.4478,1066,17674,18740,72.18,2.23,2.9256,2.9879,-0.7579,-0.1472,par,1.19,1.5944,elem|lowFRPM|highPrior,126,0.867,par,False
growth,ela,19647336016406,Catskill Avenue Elementary,elementary,419,90.2148,14.1304,7.6087,3079,25156,28235,42.19,6.72,3.5559,3.4322,3.2878,0.6386,above par,2.38,1.2156,elem|midFRPM|midPrior,72,0.7662,above par,False
growth,ela,19647336016414,Century Park Elementary,elementary,256,97.6562,4.0984,24.5902,4468,33212,37680,40.37,-4.3,3.0597,2.6682,-6.9682,-1.3534,below par,-1.1412,0.7081,elem|highFRPM|midPrior,56,0.6294,below par,False
growth,ela,19647330109439,Cesar Chavez Elementary,elementary,169,92.8994,19.7917,34.375,6228,41967,48195,32.38,-2.17,2.0777,0.9509,-3.1209,-0.6061,below par,-0.4503,0.1973,elem|midFRPM|lowPrior,62,1.5814,below par,False
growth,ela,19647330124396,Cesar E. Chavez Learning Academies-Academy of Scientific Exploration (ASE),high,420,91.1905,9.4737,14.7368,1824,18717,20541,34.91,0.88,7.916,9.1399,-8.2599,-1.6043,below par,0.4284,4.4496,secondary|midFRPM|midPrior,25,1.2882,par,False
growth,ela,19647330124388,Cesar E. Chavez Learning Academies-Social Justice Humanitas Academy,high,417,92.5659,0.0,14.1176,2353,18313,20666,48.05,7.24,5.7875,6.8564,0.3836,0.0745,par,3.5033,3.3177,secondary|midFRPM|highPrior,21,0.6234,above par,False
growth,ela,19647330124404,Cesar E. Chavez Learning Academies-Technology Preparatory Academy,high,321,95.9502,10.6383,13.8298,6363,24288,30651,44.79,9.47,4.688,4.7425,4.7275,0.9182,above par,3.0896,1.5473,secondary|highFRPM|midPrior,18,1.174,above par,False
growth,ela,19647336016422,Chandler Elementary,elementary,450,56.4444,8.5714,10.8571,1996,23919,25915,58.75,2.39,2.7891,2.5714,-0.1814,-0.0352,par,0.9222,0.9923,elem|lowFRPM|highPrior,126,0.867,par,False
growth,ela,19647336016430,Chapman Elementary,elementary,406,63.0542,7.0588,14.1176,1859,21028,22887,59.46,1.72,1.8372,2.1672,-0.4472,-0.0869,par,0.7515,0.9469,elem|lowFRPM|highPrior,126,0.867,par,False
growth,ela,19647336057962,Charles Drew Middle,middle,607,99.1763,20.4545,12.2378,3428,26587,30015,21.57,0.98,6.1474,6.0156,-5.0356,-0.978,below par,0.3265,2.0042,secondary|highFRPM|lowPrior,34,1.8838,below par,False
growth,ela,19647330111989,Charles H. Kim Elementary,elementary,483,93.3747,18.75,12.5,2998,20830,23828,64.85,-4.75,-4.2944,-4.1895,-0.5605,-0.1089,par,-1.9935,-1.7582,elem|midFRPM|highPrior,15,-0.4298,below par,False
growth,ela,19647336058101,Charles Maclay Middle,middle,238,98.3193,23.8866,23.0769,6413,38828,45241,19.66,10.7,5.0418,3.9846,6.7154,1.3043,above par,2.3651,0.8807,secondary|highFRPM|lowPrior,34,1.8838,par,False
growth,ela,19647336018360,Charles W. Barrett Elementary,elementary,473,98.9429,27.0386,11.588,4073,31482,35555,32.77,-5.3,2.7335,1.8675,-7.1675,-1.3921,below par,-1.4906,0.5253,elem|highFRPM|midPrior,56,0.6294,below par,False
growth,ela,19647330106948,Charles White Elementary,elementary,233,98.7124,31.1594,13.0435,4362,26380,30742,31.61,13.32,2.3079,2.5254,10.7946,2.0966,above par,4.3328,0.8215,elem|highFRPM|lowPrior,92,1.4542,above par,False
growth,ela,19647336016448,Charnock Road Elementary,elementary,281,90.7473,14.0625,33.5938,3025,30707,33732,33.86,17.7,2.8486,3.0884,14.6116,2.8379,above par,5.2472,0.9156,elem|midFRPM|midPrior,72,0.7662,above par,False
growth,ela,19647336016455,Chase Street Elementary,elementary,436,91.5138,18.5366,25.8537,3631,29695,33326,35.0,4.51,2.5833,2.3538,2.1562,0.4188,par,1.3533,0.7063,elem|midFRPM|midPrior,72,0.7662,par,False
growth,ela,19647331931708,Chatsworth Charter High,high,1743,68.9042,5.291,8.9947,2034,19928,21962,55.61,-5.08,5.5833,5.1382,-10.2182,-1.9846,below par,-2.3131,2.3396,secondary|lowFRPM|highPrior,38,0.4994,below par,False
growth,ela,19647336016463,Chatsworth Park ES Urban Planning/Community Development Magnet,elementary,422,63.0332,7.9208,12.3762,1783,20827,22610,56.85,1.57,2.6122,2.9393,-1.3693,-0.266,par,0.6944,1.3,elem|lowFRPM|highPrior,126,0.867,par,False
growth,ela,19647336016471,Cheremoya Avenue Elementary,elementary,161,83.8509,17.5676,16.2162,2774,29929,32703,36.49,5.4,4.2795,4.4999,0.9001,0.1748,par,1.6512,1.376,elem|lowFRPM|midPrior,38,1.3046,par,False
growth,ela,19647336057939,Chester W. Nimitz Middle,middle,1057,95.3642,13.3267,16.2325,2450,21891,24341,34.49,4.79,3.6115,3.7146,1.0754,0.2089,par,1.9679,1.5261,secondary|midFRPM|midPrior,25,1.2882,par,False
growth,ela,19647336016679,Christopher Dena Elementary,elementary,313,94.8882,32.4742,12.3711,3938,34281,38219,37.44,-3.42,0.9114,-0.093,-3.327,-0.6462,below par,-0.8948,-0.0243,elem|midFRPM|midPrior,72,0.7662,below par,False
growth,ela,19647336016489,Cienega Elementary,elementary,370,88.6486,24.4048,21.4286,3279,26808,30087,31.33,10.34,3.4399,3.6072,6.7328,1.3077,above par,3.4367,1.1989,elem|midFRPM|lowPrior,62,1.5814,above par,False
growth,ela,19647336016497,Cimarron Avenue Elementary,elementary,261,85.8238,0.0,15.9292,3845,34526,38371,38.26,0.68,6.4405,5.7229,-5.0429,-0.9794,below par,0.1772,1.4915,elem|lowFRPM|midPrior,38,1.3046,below par,False
growth,ela,19647336016505,City Terrace Elementary,elementary,313,78.5942,9.4595,13.5135,3153,22798,25951,54.6,2.16,1.3781,1.6489,0.5111,0.0993,par,0.8323,0.6354,elem|lowFRPM|highPrior,126,0.867,par,False
growth,ela,19647336016513,Clifford Street Elementary Math & Technology Magnet,elementary,128,52.3438,0.0,13.3333,2632,29489,32121,67.35,10.98,2.0558,1.8988,9.0812,1.7638,above par,3.4183,0.5911,elem|lowFRPM|highPrior,126,0.867,above par,False
growth,ela,19647336016521,Clover Avenue Elementary,elementary,468,40.5983,2.2099,8.2873,1048,19276,20324,83.41,2.23,-1.1253,-1.1699,3.3999,0.6603,above par,1.0972,-0.5756,elem|lowFRPM|highPrior,126,0.867,par,False
growth,ela,19647336016539,Coeur D'Alene Avenue Elementary,elementary,295,31.5254,4.5752,9.8039,1318,19366,20684,69.09,10.65,3.1664,3.5628,7.0872,1.3765,above par,5.1489,1.7225,elem|lowFRPM|highPrior,126,0.867,above par,False
growth,ela,19647336016547,Cohasset Street Elementary,elementary,451,95.122,27.6382,21.1055,3393,25889,29282,31.07,-1.92,2.3797,2.5278,-4.4478,-0.8639,below par,-0.6557,0.8633,elem|midFRPM|lowPrior,62,1.5814,below par,False
growth,ela,19647336016554,Coldwater Canyon Elementary,elementary,570,95.2632,24.7788,8.8496,3274,23854,27128,33.88,5.06,3.4474,3.373,1.687,0.3277,par,1.8652,1.2434,elem|midFRPM|midPrior,72,0.7662,above par,False
growth,ela,19647336016562,Colfax Charter Elementary,elementary,774,30.7494,0.0,7.3446,1045,17139,18184,79.65,0.86,1.2734,1.1297,-0.2697,-0.0524,par,0.4729,0.6213,elem|lowFRPM|highPrior,126,0.867,par,False
growth,ela,19647336016570,Coliseum Street Elementary,elementary,218,97.2477,21.25,17.5,4527,40077,44604,18.82,9.93,7.0609,5.9909,3.9391,0.7651,above par,2.2263,1.3431,elem|highFRPM|lowPrior,92,1.4542,par,False
growth,ela,19647336120679,Columbus Avenue Elementary,elementary,382,96.0733,34.6939,22.9592,3974,25989,29963,23.08,10.08,3.1382,3.4446,6.6354,1.2887,above par,3.3641,1.1496,elem|highFRPM|lowPrior,92,1.4542,above par,False
growth,ela,19647336016604,Commonwealth Avenue Elementary,elementary,504,88.6905,24.5059,20.9486,2997,22982,25979,50.4,-10.48,-1.7891,-1.6177,-8.8623,-1.7213,below par,-4.034,-0.6227,elem|midFRPM|highPrior,15,-0.4298,below par,False
growth,ela,19647330124495,Communication and Technology at Diego Rivera Learning Complex,high,505,97.0297,11.2069,12.069,1956,18748,20704,41.88,13.29,5.4478,6.3908,6.8992,1.34,above par,6.419,3.0868,secondary|highFRPM|midPrior,18,1.174,above par,False
growth,ela,19647336094726,Community Magnet Charter Elementary,elementary,425,25.1765,1.7544,11.8421,1215,23792,25007,81.78,1.99,0.4831,-0.0363,2.0263,0.3935,par,0.7958,-0.0145,elem|lowFRPM|highPrior,126,0.867,par,False
growth,ela,19647336016612,Compton Avenue Elementary,elementary,265,95.8491,22.5225,9.9099,3427,29406,32833,37.61,-1.57,2.6877,2.4333,-4.0033,-0.7775,below par,-0.4782,0.7411,elem|highFRPM|midPrior,56,0.6294,below par,False
growth,ela,19647330117721,Contreras Learning Center-Academic Leadership Community,high,392,96.1735,25.5102,12.2449,1621,24039,25660,38.1,9.86,4.2507,4.752,5.108,0.9921,above par,3.8426,1.8519,secondary|highFRPM|midPrior,18,1.174,above par,False
growth,ela,19647330112870,Contreras Learning Center-Los Angeles School of Global Studies,high,317,97.1609,40.0,0.0,2542,20781,23323,28.95,20.28,5.7454,6.4343,13.8457,2.6891,above par,8.6953,2.7588,secondary|highFRPM|lowPrior,34,1.8838,above par,False
growth,ela,19647330127795,Contreras Learning Center-School of Social Justice,high,326,96.6258,44.9438,7.8652,2826,22565,25391,48.53,-11.45,-1.2872,-0.9762,-10.4738,-2.0342,below par,-4.5095,-0.3845,secondary|highFRPM|highPrior,9,-0.7457,below par,True
growth,ela,19647336016620,Corona Avenue Elementary,elementary,542,95.941,25.5014,13.7536,3162,22373,25535,29.5,4.31,3.9069,4.2387,0.0713,0.0139,par,1.6879,1.6599,elem|highFRPM|lowPrior,92,1.4542,par,False
growth,ela,19647336016646,Cowan Avenue Elementary,elementary,377,63.3952,0.0,13.5417,1814,23441,25255,54.84,2.97,4.2917,4.4757,-1.5057,-0.2924,par,1.176,1.7722,elem|lowFRPM|highPrior,126,0.867,par,False
growth,ela,19647336016661,Crestwood Street STEAM Magnet,elementary,289,73.0104,3.1746,17.4603,2332,25821,28153,55.81,-12.16,2.1582,2.2963,-14.4563,-2.8077,below par,-4.3193,0.8156,elem|lowFRPM|highPrior,126,0.867,below par,False
growth,ela,19647336016687,Dahlia Heights Elementary,elementary,410,23.6585,0.0,16.3265,1287,18978,20265,78.65,4.0,1.2603,1.4863,2.5137,0.4882,par,1.9738,0.7335,elem|lowFRPM|highPrior,126,0.867,above par,False
growth,ela,19647336058358,Daniel Webster Middle,middle,438,87.4429,11.0588,16.2353,3139,28768,31907,29.59,10.65,6.1753,5.9988,4.6512,0.9034,above par,3.3378,1.8801,secondary|midFRPM|lowPrior,21,1.9012,above par,False
growth,ela,19647336016695,Danube Avenue Elementary,elementary,259,80.695,5.5556,17.5926,2481,28184,30665,39.17,-0.28,5.5926,5.7738,-6.0538,-1.1758,below par,-0.0913,1.8829,elem|lowFRPM|midPrior,38,1.3046,below par,False
growth,ela,19647336016703,Darby Avenue Elementary,elementary,412,55.0971,4.6875,11.4583,2176,20559,22735,63.79,1.31,2.106,2.2839,-0.9739,-0.1892,par,0.5762,1.0046,elem|lowFRPM|highPrior,126,0.867,par,False
growth,ela,19647336016711,Dayton Heights Elementary,elementary,214,96.729,35.2941,20.1681,5007,36587,41594,48.36,2.9,-3.5806,-4.7002,7.6002,1.4761,above par,0.6972,-1.13,elem|highFRPM|highPrior,7,1.0248,par,True
growth,ela,19647336016729,Dearborn Elementary Charter Academy,elementary,527,72.1063,5.5319,12.3404,1860,21772,23632,58.37,2.91,1.6901,1.7878,1.1222,0.218,par,1.2314,0.7565,elem|lowFRPM|highPrior,126,0.867,par,False
growth,ela,19647336016737,Del Amo Elementary,elementary,285,75.4386,8.4034,21.0084,2324,26772,29096,37.21,2.29,5.7721,6.1428,-3.8528,-0.7483,below par,0.787,2.1112,elem|lowFRPM|midPrior,38,1.3046,par,False
growth,ela,19647336016745,Delevan Drive Elementary,elementary,483,39.1304,3.6145,15.6627,1310,20017,21327,70.93,2.56,1.3604,1.5138,1.0462,0.2032,par,1.2004,0.7098,elem|lowFRPM|highPrior,126,0.867,par,False
growth,ela,19647336016752,Denker Avenue Elementary,elementary,670,79.8507,10.7914,10.7914,2492,21335,23827,45.68,-1.08,3.7264,3.7991,-4.8791,-0.9476,below par,-0.4533,1.5944,elem|lowFRPM|midPrior,38,1.3046,below par,False
growth,ela,19647330124503,Diego Rivera Learning Complex Green Design STEAM Academy,high,493,96.3489,11.4286,11.4286,2229,18970,21199,27.2,27.09,9.5821,10.6676,16.4224,3.1896,above par,12.7789,5.0321,secondary|highFRPM|lowPrior,34,1.8838,above par,False
growth,ela,19647336016778,Dixie Canyon Community Charter,elementary,635,33.2283,5.7143,11.7857,1075,19878,20953,66.03,1.83,3.3525,3.2961,-1.4661,-0.2848,par,0.8734,1.5731,elem|lowFRPM|highPrior,126,0.867,par,False
growth,ela,19647330122135,Dolores Huerta Elementary,elementary,321,99.0654,31.6901,10.5634,3272,21134,24406,37.34,10.55,0.8691,1.4886,9.0614,1.7599,above par,4.3227,0.6099,elem|highFRPM|midPrior,56,0.6294,above par,False
growth,ela,19647336016786,Dolores Street Elementary,elementary,370,85.1351,5.8511,13.2979,2909,28737,31646,39.81,3.28,5.4,5.1345,-1.8545,-0.3602,par,1.0365,1.6225,elem|lowFRPM|midPrior,38,1.3046,par,False
growth,ela,19647336016794,Dominguez Elementary,elementary,450,86.2222,6.7358,11.9171,2774,20007,22781,56.35,1.16,0.7523,1.1532,0.0068,0.0013,par,0.5092,0.5062,elem|lowFRPM|highPrior,126,0.867,par,False
growth,ela,19647336016802,Dorris Place Elementary,elementary,230,83.4783,8.4034,17.6471,2423,23418,25841,62.38,-6.08,-1.5017,-0.9852,-5.0948,-0.9895,below par,-2.3529,-0.3812,elem|lowFRPM|highPrior,126,0.867,below par,False
growth,ela,19647330124453,Dr. Julian Nava Learning Academy,middle,572,98.6014,14.0036,16.8761,3607,20751,24358,27.89,4.79,4.9875,5.6261,-0.8361,-0.1624,par,1.9665,2.3098,secondary|highFRPM|lowPrior,34,1.8838,par,False
growth,ela,19647330126433,"Dr. Lawrence H. Moore Math, Science, Technology Academy",elementary,454,97.7974,17.5732,13.3891,3277,20604,23881,41.64,-3.56,1.7431,2.2629,-5.8229,-1.1309,below par,-1.4907,0.9476,elem|highFRPM|midPrior,56,0.6294,below par,False
growth,ela,19647330124479,Dr. Maya Angelou Community High,high,971,97.2194,26.6332,9.0452,3349,22585,25934,31.65,1.52,6.0158,5.8868,-4.3668,-0.8481,below par,0.5861,2.2699,secondary|highFRPM|lowPrior,34,1.8838,below par,False
growth,ela,19647330122143,Dr. Owen Lloyd Knox Elementary,elementary,669,97.4589,27.5,12.1875,3221,21944,25165,34.24,2.95,2.2948,2.4234,0.5266,0.1023,par,1.1723,0.963,elem|highFRPM|midPrior,56,0.6294,par,False
growth,ela,19647330102921,Dr. Richard A. Vladovic Harbor Teacher Preparation Academy,high,452,65.4867,0.0,0.0,1015,17917,18932,98.23,-0.08,-3.7537,-3.7389,3.6589,0.7106,above par,-0.0423,-1.9749,secondary|lowFRPM|highPrior,38,0.4994,par,False
growth,ela,19647330128710,Dr. Sammy Lee Medical and Health Science Magnet Elementary,elementary,551,92.7405,11.8056,9.0278,2849,18842,21691,53.92,5.46,0.2803,0.6522,4.8078,0.9338,above par,2.5172,0.3007,elem|midFRPM|highPrior,15,-0.4298,above par,False
growth,ela,19647330102491,Dr. Theodore T. Alexander Jr. Science Center,elementary,616,86.3636,6.4286,5.3571,2618,20278,22896,44.29,3.21,4.8223,5.01,-1.8,-0.3496,par,1.402,2.1882,elem|lowFRPM|midPrior,38,1.3046,par,False
growth,ela,19647336016828,Dyer Street Elementary,elementary,539,92.3933,18.6207,19.6552,2825,21563,24388,47.45,-4.0,-0.2389,0.1387,-4.1387,-0.8038,below par,-1.6402,0.0569,elem|midFRPM|highPrior,15,-0.4298,below par,False
growth,ela,19647336016836,Eagle Rock Elementary,elementary,755,37.6159,1.7505,16.1926,1634,20656,22290,73.38,-0.95,1.0312,0.7473,-1.6973,-0.3297,par,-0.4262,0.3353,elem|lowFRPM|highPrior,126,0.867,below par,False
growth,ela,19647331932540,Eagle Rock High,high,2031,51.551,2.0666,10.333,1772,18748,20520,65.41,0.61,4.9214,4.3553,-3.7453,-0.7274,below par,0.2973,2.1225,secondary|lowFRPM|highPrior,38,0.4994,par,False
growth,ela,19647330122374,East Los Angeles Renaissance Academy at Esteban E. Torres High No. 2,high,355,89.8592,8.5366,14.6341,1742,21421,23163,48.0,-2.88,4.6329,5.4662,-8.3462,-1.621,below par,-1.2434,2.3599,secondary|midFRPM|highPrior,21,0.6234,below par,False
growth,ela,19647330112037,East Valley Senior High,high,558,96.2366,16.7939,19.8473,3643,23891,27534,48.31,-4.04,1.9471,2.0712,-6.1112,-1.1869,below par,-1.4673,0.7522,secondary|highFRPM|highPrior,9,-0.7457,par,True
growth,ela,19647336016844,Eastman Avenue Elementary,elementary,545,96.3303,30.855,12.2677,3507,25500,29007,18.28,12.95,6.2498,6.2591,6.6909,1.2995,above par,4.4644,2.1578,elem|highFRPM|lowPrior,92,1.4542,above par,False
growth,ela,19647330117051,Edward R. Roybal Learning Center,high,1130,93.8938,12.7413,13.1274,2814,24036,26850,45.25,11.51,4.3744,3.991,7.519,1.4604,above par,4.2868,1.4864,secondary|midFRPM|midPrior,25,1.2882,above par,False
growth,ela,19647336061527,Edwin Markham Middle,middle,618,98.3819,19.3012,19.6339,3083,27723,30806,14.92,3.38,7.3825,7.4184,-4.0384,-0.7844,below par,1.0972,2.4081,secondary|highFRPM|lowPrior,34,1.8838,par,False
growth,ela,19647336016851,El Dorado Avenue Elementary,elementary,364,95.6044,25.0,23.5714,4002,26877,30879,38.46,-7.03,0.4709,0.5439,-7.5739,-1.471,below par,-2.2766,0.1762,elem|highFRPM|midPrior,56,0.6294,below par,False
growth,ela,19647336016869,El Oro Way Charter for Enriched Studies,elementary,434,42.6267,10.9524,6.1905,1105,19520,20625,57.21,-1.5,4.6985,4.9545,-6.4545,-1.2536,below par,-0.7273,2.4022,elem|lowFRPM|highPrior,126,0.867,below par,False
growth,ela,19647336016877,El Sereno Elementary,elementary,222,94.5946,16.5354,21.2598,3756,28987,32743,41.41,1.11,1.4482,1.5691,-0.4591,-0.0892,par,0.339,0.4792,elem|midFRPM|midPrior,72,0.7662,par,False
growth,ela,19647336068431,El Sereno Middle,middle,857,91.832,6.6502,19.0887,2644,24692,27336,43.1,2.84,2.3651,2.2115,0.6285,0.1221,par,1.0389,0.809,secondary|midFRPM|midPrior,25,1.2882,par,False
growth,ela,19647336016885,Elizabeth Learning Center,k12,1257,97.5338,15.6863,9.1503,2547,21845,24392,31.56,3.9,4.3684,4.3297,-0.4297,-0.0835,par,1.5989,1.7751,secondary|highFRPM|lowPrior,34,1.8838,par,False
growth,ela,19647336118186,Ellen Ochoa Learning Center,elementary,1052,96.5779,22.0588,16.4439,3022,23756,26778,31.38,6.19,3.5127,3.3088,2.8812,0.5596,above par,2.3116,1.2356,elem|highFRPM|lowPrior,92,1.4542,par,False
growth,ela,19647336016893,Elysian Heights ES Arts Magnet,elementary,401,40.399,3.8043,14.1304,1314,19999,21313,49.7,10.63,7.228,7.776,2.854,0.5543,above par,4.9876,3.6485,elem|lowFRPM|highPrior,126,0.867,above par,False
growth,ela,19647336016901,Emelita Street Elementary,elementary,275,70.9091,20.0,27.6923,2746,23781,26527,46.21,-4.67,1.0903,1.7453,-6.4153,-1.246,below par,-1.7605,0.6579,elem|lowFRPM|midPrior,38,1.3046,below par,False
growth,ela,19647336057988,Emerson Community Charter,middle,454,57.9295,6.4516,14.2857,2023,24157,26180,51.84,8.3,3.8842,3.8597,4.4403,0.8624,above par,3.1704,1.4743,secondary|lowFRPM|highPrior,38,0.4994,above par,False
growth,ela,19647330117036,Enadia Way Technology Charter,elementary,213,69.9531,10.0,18.8889,2413,26309,28722,48.96,-8.96,3.0905,3.4453,-12.4053,-2.4094,below par,-3.1196,1.1995,elem|lowFRPM|highPrior,126,0.867,below par,False
growth,ela,19647336016935,Encino Charter Elementary,elementary,529,40.8318,4.7619,9.9567,1419,18301,19720,61.29,6.68,4.3035,4.5891,2.0909,0.4061,par,3.3874,2.3271,elem|lowFRPM|highPrior,126,0.867,above par,False
growth,ela,19647330122382,Engineering and Technology Academy at Esteban E. Torres High No. 3,high,263,97.7186,10.8434,24.0964,2724,24990,27714,24.19,22.8,8.9745,10.0641,12.7359,2.4736,above par,8.2269,3.6314,secondary|highFRPM|lowPrior,34,1.8838,above par,False
growth,ela,19647336058093,Ernest Lawrence Middle,middle,1076,69.7026,8.8152,11.8483,2080,18745,20825,46.04,5.24,4.1518,4.2674,0.9726,0.1889,par,2.5162,2.0492,secondary|lowFRPM|midPrior,7,2.6839,par,True
growth,ela,19647336016943,Erwin Elementary,elementary,580,91.3793,22.9682,15.9011,3316,22391,25707,38.01,10.05,2.1687,2.3527,7.6973,1.495,above par,3.9094,0.9152,elem|midFRPM|midPrior,72,0.7662,above par,False
growth,ela,19647336016950,Eshelman Avenue Elementary,elementary,449,86.8597,11.2745,10.7843,2735,20706,23441,42.58,8.4,3.8634,4.3339,4.0661,0.7897,above par,3.5835,1.8489,elem|midFRPM|midPrior,72,0.7662,above par,False
growth,ela,19647336110969,Esperanza Elementary,elementary,577,97.9203,42.623,15.4098,3273,22411,25684,28.72,4.72,0.9537,1.2036,3.5164,0.683,above par,1.8377,0.4686,elem|highFRPM|lowPrior,92,1.4542,par,False
growth,ela,19647330122119,Estrella Elementary,elementary,453,97.7925,31.5789,11.8421,3191,26333,29524,24.58,-2.21,4.3299,4.3078,-6.5178,-1.2659,below par,-0.7485,1.4591,elem|highFRPM|lowPrior,92,1.4542,below par,False
growth,ela,19647336016968,Euclid Avenue Elementary,elementary,578,89.7924,15.1007,15.1007,3304,23133,26437,33.11,11.52,5.036,5.2139,6.3061,1.2248,above par,4.3575,1.9722,elem|midFRPM|midPrior,72,0.7662,above par,False
growth,ela,19647336016976,Evergreen Avenue Elementary,elementary,492,95.3252,21.7687,13.6054,3372,25159,28531,28.62,8.45,4.8404,4.9019,3.5481,0.6891,above par,2.9617,1.7181,elem|midFRPM|lowPrior,62,1.5814,above par,False
growth,ela,19647336016984,Fair Avenue Elementary,elementary,516,96.124,21.9231,18.4615,3412,27077,30489,34.95,-0.33,2.4373,2.2653,-2.5953,-0.5041,below par,-0.1082,0.743,elem|highFRPM|midPrior,56,0.6294,par,False
growth,ela,19647336016992,Fairburn Avenue Elementary,elementary,466,24.6781,6.1111,10.0,1026,18119,19145,79.12,-4.68,0.7568,0.846,-5.526,-1.0733,below par,-2.4445,0.4419,elem|lowFRPM|highPrior,126,0.867,below par,False
growth,ela,19647331932920,Fairfax Senior High,high,1495,87.3579,6.8047,11.5385,2585,21252,23837,56.45,-2.31,3.05,2.6342,-4.9442,-0.9603,below par,-0.9691,1.1051,secondary|midFRPM|highPrior,21,0.6234,below par,False
growth,ela,19647336017008,Farmdale Elementary,elementary,324,87.3457,14.2857,19.7279,3240,27018,30258,47.37,-2.47,1.0157,1.0274,-3.4974,-0.6793,below par,-0.8163,0.3396,elem|midFRPM|highPrior,15,-0.4298,par,False
growth,ela,19647330119966,Felicitas and Gonzalo Mendez High,high,694,94.5245,16.2338,12.3377,2954,23765,26719,48.31,-4.15,3.0463,2.9311,-7.0811,-1.3753,below par,-1.5532,1.097,secondary|midFRPM|highPrior,21,0.6234,below par,False
growth,ela,19647336017024,Fernangeles Elementary,elementary,459,96.732,26.9565,25.6522,3711,25505,29216,25.43,1.53,3.3575,3.7044,-2.1744,-0.4223,par,0.5237,1.2679,elem|highFRPM|lowPrior,92,1.4542,par,False
growth,ela,19647336017032,Fifteenth Street Elementary,elementary,353,95.4674,23.3161,19.171,3166,22537,25703,27.04,5.08,4.4011,5.176,-0.096,-0.0186,par,1.9764,2.0138,elem|highFRPM|lowPrior,92,1.4542,par,False
growth,ela,19647336017040,Fifty-Fourth Street Elementary,elementary,209,94.7368,0.0,19.6262,5944,34940,40884,52.83,-6.1,1.1792,0.2474,-6.3474,-1.2328,below par,-1.492,0.0605,elem|midFRPM|highPrior,15,-0.4298,below par,False
growth,ela,19647336017057,Fifty-Ninth Street Elementary,elementary,202,93.0693,25.2252,24.3243,4296,38385,42681,19.8,9.93,5.7712,5.0912,4.8388,0.9398,above par,2.3266,1.1929,elem|midFRPM|lowPrior,62,1.5814,par,False
growth,ela,19647336017065,Fifty-Second Street Elementary,elementary,606,98.5149,29.4521,15.411,3709,27866,31575,25.74,-6.56,3.8472,3.4688,-10.0288,-1.9478,below par,-2.0776,1.0986,elem|highFRPM|lowPrior,92,1.4542,below par,False
growth,ela,19647336017073,Figueroa Street Elementary,elementary,400,98.0,15.5251,16.895,3234,27794,31028,39.91,6.21,2.1397,2.0093,4.2007,0.8159,above par,2.0014,0.6476,elem|highFRPM|midPrior,56,0.6294,above par,False
growth,ela,19647336017099,First Street Elementary,elementary,349,94.5559,15.493,23.4742,3518,23481,26999,35.79,15.85,2.8634,3.5058,12.3442,2.3975,above par,5.8706,1.2985,elem|midFRPM|midPrior,72,0.7662,above par,False
growth,ela,19647336089700,Fishburn Avenue Elementary,elementary,430,94.4186,23.2432,16.2162,3075,28115,31190,28.72,3.17,4.3737,4.2569,-1.0869,-0.2111,par,1.0164,1.3648,elem|midFRPM|lowPrior,62,1.5814,par,False
growth,ela,19647336017115,Fletcher Drive Elementary,elementary,156,97.4359,12.7907,22.093,4138,29760,33898,36.26,-1.38,3.1345,3.4824,-4.8624,-0.9444,below par,-0.4071,1.0273,elem|highFRPM|midPrior,56,0.6294,below par,False
growth,ela,19647336017123,Florence Avenue Elementary,elementary,489,97.3415,17.0213,16.5957,3403,25583,28986,32.54,12.14,3.9972,4.0613,8.0787,1.5691,above par,4.1882,1.4011,elem|highFRPM|midPrior,56,0.6294,above par,False
growth,ela,19647336018527,Florence Griffith Joyner Elementary,elementary,399,99.4987,21.7617,17.0984,3933,31027,34960,14.95,9.4,7.8089,7.5428,1.8572,0.3607,par,2.6888,2.1576,elem|highFRPM|lowPrior,92,1.4542,above par,False
growth,ela,19647336058192,Florence Nightingale Middle,middle,773,87.3221,8.3671,16.3293,2376,23896,26272,39.67,5.13,3.7905,3.78,1.35,0.2622,par,1.9526,1.4388,secondary|midFRPM|midPrior,25,1.2882,par,False
growth,ela,19647336017131,Ford Boulevard Elementary,elementary,722,96.1219,23.6559,21.2366,3432,24856,28288,32.44,11.38,2.492,2.4518,8.9282,1.7341,above par,4.0229,0.8667,elem|highFRPM|lowPrior,92,1.4542,above par,False
growth,ela,19647336017149,Forty-Ninth Street Elementary,elementary,491,97.3523,33.3333,9.6491,3791,25169,28960,21.01,8.38,5.3117,5.2885,3.0915,0.6004,above par,2.8936,1.8261,elem|highFRPM|lowPrior,92,1.4542,above par,False
growth,ela,19647336017156,Forty-Second Street Elementary,elementary,215,89.3023,9.375,15.625,5283,36513,41796,18.95,8.13,9.9364,9.177,-1.047,-0.2033,par,1.9452,2.1957,elem|midFRPM|lowPrior,62,1.5814,par,False
growth,ela,19647336061451,Foshay Learning Center,k12,1530,84.7059,12.2112,9.901,2256,18758,21014,39.9,5.64,3.7748,3.8518,1.7882,0.3473,par,2.6839,1.833,secondary|lowFRPM|midPrior,7,2.6839,par,True
growth,ela,19647336017164,Fourth Street Elementary,elementary,303,90.7591,20.5357,27.2321,4279,32329,36608,35.91,-6.0,1.9592,1.588,-7.588,-1.4738,below par,-1.639,0.4338,elem|midFRPM|midPrior,72,0.7662,below par,False
growth,ela,19647336058291,Francisco Sepulveda Middle,middle,1052,93.9163,17.9487,15.5897,2898,22112,25010,22.17,4.7,6.456,6.6084,-1.9084,-0.3707,par,1.8792,2.6423,secondary|midFRPM|lowPrior,21,1.9012,par,False
growth,ela,19647330111971,Frank del Olmo Elementary,elementary,456,97.807,31.8777,17.4672,3473,22451,25924,35.51,5.1,0.6321,1.0189,4.0811,0.7926,above par,1.9673,0.393,elem|highFRPM|midPrior,56,0.6294,above par,False
growth,ela,19647336017172,Franklin Avenue Elementary,elementary,387,25.5814,0.0,7.9787,1223,18934,20157,80.22,4.89,1.6112,1.675,3.215,0.6244,above par,2.426,0.831,elem|lowFRPM|highPrior,126,0.867,above par,False
growth,ela,19647336017180,Fries Avenue Elementary,elementary,325,90.1538,24.8175,27.7372,4705,26316,31021,22.44,3.11,4.9537,5.3817,-2.2717,-0.4412,par,1.0025,1.7348,elem|midFRPM|lowPrior,62,1.5814,par,False
growth,ela,19647336017198,Fullbright Avenue Elementary,elementary,321,91.2773,34.1176,14.1176,3292,23233,26525,29.88,-1.06,2.8637,3.3632,-4.4232,-0.8591,below par,-0.3996,1.2679,elem|midFRPM|lowPrior,62,1.5814,below par,False
growth,ela,19647336017206,Garden Grove Elementary,elementary,306,94.1176,25.641,19.2308,2490,25902,28392,48.32,-0.88,-1.6784,-1.4466,0.5666,0.11,par,-0.3099,-0.5095,elem|midFRPM|highPrior,15,-0.4298,par,False
growth,ela,19647336017214,Gardena Elementary,elementary,398,95.2261,28.7736,10.8491,3128,21105,24233,31.47,2.49,3.2693,3.8462,-1.3562,-0.2634,par,1.0275,1.5872,elem|midFRPM|lowPrior,62,1.5814,par,False
growth,ela,19647331933241,Gardena Senior High,high,1343,93.522,7.8078,12.3123,2865,22692,25557,27.86,18.39,10.0599,9.962,8.428,1.6369,above par,7.1957,3.898,secondary|midFRPM|lowPrior,21,1.9012,above par,False
growth,ela,19647336017222,Gardner Street Elementary,elementary,361,76.1773,20.8333,5.9524,2152,24669,26821,46.67,2.73,2.7975,2.7249,0.0051,0.001,par,1.0179,1.016,elem|lowFRPM|highPrior,126,0.867,par,False
growth,ela,19647336017230,Garvanza Elementary School Technology and Leadership Magnet,elementary,239,81.59,8.8235,16.6667,3660,34664,38324,49.12,-1.08,2.36,1.5042,-2.5842,-0.5019,below par,-0.2818,0.3925,elem|lowFRPM|highPrior,126,0.867,below par,False
growth,ela,19647336061584,Gaspar De Portola Charter Middle,middle,1461,49.0075,5.2212,15.446,1560,19658,21218,65.8,3.6,0.8636,0.4325,3.1675,0.6152,above par,1.6967,0.2039,secondary|lowFRPM|highPrior,38,0.4994,above par,False
growth,ela,19647336017248,Gates Street Elementary,elementary,450,93.7778,22.0339,21.6102,3261,24757,28018,39.11,1.14,1.1549,1.3751,-0.2351,-0.0457,par,0.4069,0.4908,elem|midFRPM|midPrior,72,0.7662,par,False
growth,ela,19647336017255,Gault Street Elementary,elementary,298,87.9195,26.7123,23.9726,2374,22039,24413,40.6,-1.56,0.3203,1.2292,-2.7892,-0.5417,below par,-0.639,0.5035,elem|midFRPM|midPrior,72,0.7662,below par,False
growth,ela,19647330111955,George De La Torre Jr. Elementary,elementary,598,98.495,22.7528,17.1348,3708,23085,26793,23.18,7.72,5.442,5.7565,1.9635,0.3814,par,2.8813,2.1485,elem|highFRPM|lowPrior,92,1.4542,above par,False
growth,ela,19647336061477,George Ellery Hale Charter Academy,middle,1693,50.9746,3.7313,9.6393,1069,17263,18332,61.22,3.95,2.8267,2.5841,1.3659,0.2653,par,2.1547,1.4096,secondary|lowFRPM|highPrior,38,0.4994,above par,False
growth,ela,19647336058242,George K. Porter Middle,middle,1009,74.5292,3.5971,12.9496,2365,20022,22387,57.72,4.56,1.2079,1.0963,3.4637,0.6727,above par,2.0369,0.4897,secondary|lowFRPM|highPrior,38,0.4994,above par,False
growth,ela,19647336057921,George Washington Carver Middle,middle,635,98.2677,24.6935,17.1629,3100,26172,29272,19.49,8.88,5.546,5.5956,3.2844,0.6379,above par,3.0336,1.9116,secondary|highFRPM|lowPrior,34,1.8838,above par,False
growth,ela,19647331939305,George Washington Preparatory High,high,738,97.1545,13.8365,16.3522,3199,29758,32957,21.8,-1.67,9.9882,9.5817,-11.2517,-2.1853,below par,-0.5067,2.9073,secondary|highFRPM|lowPrior,34,1.8838,below par,False
growth,ela,19647330126425,"Gerald A. Lawson Academy of the Arts, Mathematics and Science",elementary,480,98.5417,34.4262,11.8852,3482,22764,26246,19.51,6.31,5.176,5.5703,0.7397,0.1437,par,2.4042,2.1223,elem|highFRPM|lowPrior,92,1.4542,par,False
growth,ela,19647336017263,Germain Academy For Academic Achievement,elementary,564,68.9716,6.8273,10.8434,1994,22813,24807,43.77,0.81,5.9542,6.0094,-5.1994,-1.0098,below par,0.3265,2.4225,elem|lowFRPM|midPrior,38,1.3046,par,False
growth,ela,19647336019244,Gil Garcetti Learning Academy,elementary,519,98.2659,28.8973,14.4487,2903,24084,26987,41.22,-0.92,-0.1604,-0.1245,-0.7955,-0.1545,par,-0.3409,-0.0461,elem|highFRPM|midPrior,56,0.6294,par,False
growth,ela,19647330133603,"Girls Academic Leadership Academy, Dr. Michelle King School for Sci, Tech, Eng and Math",k12,720,56.6667,0.0,5.2885,1787,22581,24368,88.31,0.87,-4.2175,-4.9314,5.8014,1.1268,above par,0.357,-2.0237,secondary|lowFRPM|highPrior,38,0.4994,par,False
growth,ela,19647336017271,"Glassell Park ES Science, Technology, Engineering, Arts and Math Magnet",elementary,234,93.1624,12.7273,27.2727,3594,32243,35837,26.79,8.66,5.5188,5.5958,3.0642,0.5951,above par,2.4165,1.5615,elem|midFRPM|lowPrior,62,1.5814,par,False
growth,ela,19647336017289,Gledhill Street Elementary,elementary,373,78.8204,13.7255,23.5294,3280,30817,34097,41.94,2.5,2.967,2.5456,-0.0456,-0.0088,par,0.7332,0.7466,elem|lowFRPM|midPrior,38,1.3046,par,False
growth,ela,19647336017297,Glen Alta Elementary,elementary,112,97.3214,11.4286,17.1429,3928,37801,41729,51.25,5.89,-0.1437,-0.8363,6.7263,1.3064,above par,1.4115,-0.2004,elem|highFRPM|highPrior,7,1.0248,par,True
growth,ela,19647336017305,Glenfeliz Boulevard Elementary,elementary,189,74.0741,0.0,16.4706,2746,32728,35474,41.84,12.28,6.5608,6.3017,5.9783,1.1611,above par,3.4617,1.7764,elem|lowFRPM|midPrior,38,1.3046,above par,False
growth,ela,19647336066294,Glenn Hammond Curtiss Middle,middle,341,89.7361,4.0123,19.7531,3396,32336,35732,33.04,1.84,5.7711,5.3903,-3.5503,-0.6896,below par,0.5149,1.5085,secondary|midFRPM|midPrior,25,1.2882,par,False
growth,ela,19647336017313,Glenwood Elementary,elementary,189,92.0635,32.4324,20.2703,6731,34522,41253,26.67,1.71,3.2865,2.5856,-0.8756,-0.1701,par,0.4145,0.6268,elem|midFRPM|lowPrior,62,1.5814,below par,False
growth,ela,19647336017321,Graham Elementary,elementary,522,97.7011,30.4029,15.0183,3195,25980,29175,20.5,1.48,5.2693,5.3335,-3.8535,-0.7484,below par,0.5073,1.8281,elem|highFRPM|lowPrior,92,1.4542,par,False
growth,ela,19647336017339,Granada Elementary,elementary,370,92.973,16.6667,13.3333,2491,24453,26944,42.11,-10.78,2.2533,2.5121,-13.2921,-2.5816,below par,-4.0009,0.9323,elem|midFRPM|midPrior,72,0.7662,below par,False
growth,ela,19647336017347,Grand View Boulevard Elementary,elementary,510,65.4902,7.9812,12.6761,2474,24037,26511,53.66,6.43,3.1875,2.9859,3.4441,0.6689,above par,2.4254,1.1263,elem|lowFRPM|highPrior,126,0.867,above par,False
growth,ela,19647336017354,Grant Elementary,elementary,365,93.9726,28.5714,20.2765,3844,30568,34412,39.52,3.34,0.1368,-0.3377,3.6777,0.7143,above par,0.9706,-0.0981,elem|midFRPM|midPrior,72,0.7662,par,False
growth,ela,19647336017362,Grape Street Elementary,elementary,333,97.8979,14.9701,12.5749,4246,26982,31228,20.34,10.2,8.1257,8.2668,1.9332,0.3755,par,3.2663,2.6473,elem|highFRPM|lowPrior,92,1.4542,above par,False
growth,ela,19647336113419,Gratts Learning Academy for Young Scholars (GLAYS),elementary,408,96.3235,33.9623,12.7358,3352,27352,30704,36.68,-9.32,0.6717,0.4099,-9.7299,-1.8898,below par,-3.0354,0.1335,elem|highFRPM|midPrior,56,0.6294,below par,False
growth,ela,19647336017388,Gridley-Montañez Dual Language Academy,elementary,454,85.9031,18.8482,8.377,3306,29581,32887,22.63,3.55,8.4769,7.9868,-4.4368,-0.8617,below par,1.0795,2.4286,elem|lowFRPM|lowPrior,6,2.1866,below par,True
growth,ela,19647336017396,Griffin Avenue Elementary,elementary,287,91.9861,17.6923,17.6923,3393,26553,29946,40.14,1.4,2.2458,2.4389,-1.0389,-0.2018,par,0.4675,0.8144,elem|midFRPM|midPrior,72,0.7662,par,False
growth,ela,19647331931864,Grover Cleveland Charter High,high,2719,71.4969,6.8182,10.8766,2082,18893,20975,65.72,-0.3,2.0501,1.3352,-1.6352,-0.3176,par,-0.143,0.6366,secondary|lowFRPM|highPrior,38,0.4994,par,False
growth,ela,19647336017404,Gulf Avenue Elementary,elementary,634,92.5868,19.0635,17.3913,2887,20195,23082,33.0,5.8,3.8804,4.4522,1.3478,0.2618,par,2.5128,1.9288,elem|midFRPM|midPrior,72,0.7662,above par,False
growth,ela,19647336017412,Haddon Avenue Elementary,elementary,590,90.678,23.2877,7.8767,3809,25838,29647,31.39,-1.25,4.9235,4.5159,-5.7659,-1.1199,below par,-0.4216,1.5232,elem|midFRPM|lowPrior,62,1.5814,below par,False
growth,ela,19647336017420,Halldale Elementary,elementary,425,86.1176,9.6257,16.5775,2574,24787,27361,42.13,14.02,3.6644,3.8534,10.1666,1.9746,above par,5.1241,1.4083,elem|lowFRPM|midPrior,38,1.3046,above par,False
growth,ela,19647336017438,Hamlin Charter Academy,elementary,314,68.4713,13.6,18.4,2805,30362,33167,48.39,-11.59,2.8231,2.3536,-13.9436,-2.7082,below par,-3.4944,0.7096,elem|lowFRPM|highPrior,126,0.867,below par,False
growth,ela,19647336017453,Hancock Park Elementary,elementary,589,55.5178,7.0352,14.0704,1458,19852,21310,65.53,-1.21,0.8704,1.0085,-2.2185,-0.4309,par,-0.5678,0.4732,elem|lowFRPM|highPrior,126,0.867,below par,False
growth,ela,19647336017461,Harbor City Elementary,elementary,420,92.381,16.6667,16.1905,2790,23475,26265,38.34,4.52,3.0033,3.3772,1.1428,0.222,par,1.7209,1.2858,elem|midFRPM|midPrior,72,0.7662,par,False
growth,ela,19647336017479,Harding Street Elementary,elementary,357,77.8711,12.426,22.4852,2280,24605,26885,55.24,-5.54,-0.2557,0.0052,-5.5452,-1.077,below par,-2.0606,0.0019,elem|lowFRPM|highPrior,126,0.867,below par,False
growth,ela,19647330106955,Harmony Elementary,elementary,409,97.555,34.1837,17.3469,4816,26576,31392,20.47,4.53,4.4339,4.4344,0.0956,0.0186,par,1.443,1.4126,elem|highFRPM|lowPrior,92,1.4542,par,False
growth,ela,19647336017487,Harrison Street Elementary,elementary,229,95.1965,15.534,13.5922,6454,38543,44997,30.3,-6.03,5.4815,4.091,-10.121,-1.9657,below par,-1.3401,0.9092,elem|midFRPM|lowPrior,62,1.5814,below par,False
growth,ela,19647330126581,Harry Bridges Span,elementary,1171,90.7771,13.5458,11.8194,2687,18648,21335,45.35,4.58,2.1423,2.2177,2.3623,0.4588,par,2.1467,1.0395,elem|midFRPM|midPrior,72,0.7662,above par,False
growth,ela,19647336017495,Hart Street Elementary,elementary,699,96.5665,41.9355,20.0,2994,21847,24841,26.4,-2.85,1.2847,1.6464,-4.4964,-0.8733,below par,-1.1473,0.6628,elem|highFRPM|lowPrior,92,1.4542,below par,False
growth,ela,19647330109314,Harvard Elementary,elementary,249,95.1807,23.5294,22.6891,3686,29054,32740,42.24,-8.63,-0.1475,-0.1116,-8.5184,-1.6545,below par,-2.6359,-0.0341,elem|midFRPM|midPrior,72,0.7662,below par,False
growth,ela,19647336017503,Haskell Elementary Science Technology Engineering Arts And Mathematics (STEAM) Magnet,elementary,560,74.8214,8.1851,15.6584,2026,20719,22745,53.57,-1.61,1.9266,2.2408,-3.8508,-0.7479,below par,-0.7078,0.9852,elem|lowFRPM|highPrior,126,0.867,below par,False
growth,ela,19647336017511,Hawaiian Avenue Elementary,elementary,455,96.4835,21.4612,17.8082,3279,28522,31801,23.81,1.3,5.6223,5.5229,-4.2229,-0.8202,below par,0.4088,1.7367,elem|highFRPM|lowPrior,92,1.4542,below par,False
growth,ela,19647336017529,Haynes Charter for Enriched Studies,elementary,381,42.7822,4.908,17.1779,1428,21341,22769,60.59,5.05,3.4848,3.8224,1.2276,0.2384,par,2.2179,1.6788,elem|lowFRPM|highPrior,126,0.867,above par,False
growth,ela,19647336017537,Hazeltine Avenue Elementary,elementary,621,94.2029,35.5172,16.8966,3272,20947,24219,33.78,1.74,0.8986,1.253,0.487,0.0946,par,0.7184,0.5174,elem|midFRPM|midPrior,72,0.7662,par,False
growth,ela,19647330117069,Helen Bernstein High,high,703,93.1721,32.7957,11.2903,4266,25874,30140,27.49,5.84,6.3207,5.9642,-0.1242,-0.0241,par,1.9376,1.9788,secondary|midFRPM|lowPrior,21,1.9012,par,False
growth,ela,19647336017545,Heliotrope Avenue Elementary,elementary,462,95.671,18.2692,19.2308,3228,25297,28525,40.27,6.85,1.5366,1.6338,5.2162,1.0131,above par,2.4014,0.5728,elem|highFRPM|midPrior,56,0.6294,above par,False
growth,ela,19647336061469,Henry T. Gage Middle,middle,1139,95.1712,16.1439,15.5904,2729,22060,24789,35.74,-3.64,2.8962,2.8471,-6.4871,-1.26,below par,-1.4684,1.1486,secondary|midFRPM|midPrior,25,1.2882,below par,False
growth,ela,19647336017552,Herrick Avenue Elementary,elementary,379,87.3351,16.8539,22.4719,2981,26339,29320,34.62,-1.47,3.767,4.0188,-5.4888,-1.066,below par,-0.5014,1.3707,elem|midFRPM|midPrior,72,0.7662,below par,False
growth,ela,19647330112060,Hesby Oaks Leadership Academy,elementary,494,22.2672,1.791,11.6418,1398,19073,20471,76.9,1.61,2.1049,2.0743,-0.4643,-0.0902,par,0.7865,1.0133,elem|lowFRPM|highPrior,126,0.867,par,False
growth,ela,19647336017586,Hillcrest Drive Elementary,elementary,486,97.3251,23.5043,14.9573,3577,30340,33917,18.11,4.97,7.0955,6.7036,-1.7336,-0.3367,par,1.4653,1.9765,elem|highFRPM|lowPrior,92,1.4542,par,False
growth,ela,19647336017081,Hillery T. Broadous Elementary,elementary,343,96.5015,31.7365,21.5569,4368,33366,37734,33.88,1.45,0.7855,0.0644,1.3856,0.2691,par,0.3843,0.0171,elem|highFRPM|midPrior,56,0.6294,par,False
growth,ela,19647336017594,Hillside Elementary,elementary,92,91.3043,16.6667,11.9048,8190,51755,59945,30.0,10.48,6.0402,3.4073,7.0727,1.3737,above par,1.7483,0.5684,elem|midFRPM|lowPrior,62,1.5814,par,False
growth,ela,19647336017602,Hobart Boulevard Elementary,elementary,420,98.0952,33.6406,20.2765,3670,24057,27727,26.38,1.27,2.5082,2.924,-1.654,-0.3212,par,0.458,1.0546,elem|highFRPM|lowPrior,92,1.4542,par,False
growth,ela,19647336058051,Hollenbeck Middle,middle,927,96.0086,9.5346,16.2316,2932,23007,25939,39.35,1.85,2.8444,2.7987,-0.9487,-0.1843,par,0.7132,1.0789,secondary|highFRPM|midPrior,18,1.174,par,False
growth,ela,19647330109298,Hollywood Elementary,elementary,175,94.2857,13.5135,36.4865,5959,41521,47480,31.08,0.0,3.0733,2.1175,-2.1175,-0.4113,par,0.0,0.446,elem|midFRPM|lowPrior,62,1.5814,below par,False
growth,ela,19647331934033,Hollywood Senior High,high,1025,92.6829,5.2632,15.3509,3075,24558,27633,58.0,16.56,1.9599,1.4533,15.1067,2.9341,above par,5.9928,0.5259,secondary|midFRPM|highPrior,21,0.6234,above par,False
growth,ela,19647336017610,Holmes Avenue Elementary,elementary,125,100.0,17.4603,23.8095,8091,56248,64339,12.5,11.31,8.4737,5.6907,5.6193,1.0914,above par,1.7579,0.8845,elem|highFRPM|lowPrior,92,1.4542,par,False
growth,ela,19647336017628,Hooper Avenue Elementary,elementary,608,98.8487,33.8279,13.3531,3830,23996,27826,19.69,6.13,5.0015,5.0854,1.0446,0.2029,par,2.203,1.8276,elem|highFRPM|lowPrior,92,1.4542,par,False
growth,ela,19647336017636,Hoover Street Elementary,elementary,551,98.0036,22.7451,21.5686,3004,20794,23798,70.46,-0.66,-7.9863,-7.8172,7.1572,1.3901,above par,-0.2773,-3.2848,elem|highFRPM|highPrior,7,1.0248,below par,True
growth,ela,19647330109421,Hope Street Elementary,elementary,338,93.1953,11.4094,15.4362,2614,23882,26496,31.29,0.92,5.8213,6.4253,-5.5053,-1.0692,below par,0.3472,2.425,elem|midFRPM|lowPrior,62,1.5814,below par,False
growth,ela,19647330135681,Horace Mann UCLA Community,k12,440,95.0,13.1579,27.6316,3462,33588,37050,9.95,11.43,8.9292,8.832,2.598,0.5046,above par,3.085,2.3838,secondary|midFRPM|lowPrior,21,1.9012,above par,False
growth,ela,19647336017644,Hubbard Street Elementary,elementary,535,88.5981,15.4676,14.3885,2191,20466,22657,41.91,-4.14,2.7665,3.2995,-7.4395,-1.4449,below par,-1.8272,1.4563,elem|midFRPM|midPrior,72,0.7662,below par,False
growth,ela,19647336057871,Hubert Howe Bancroft Middle,middle,457,91.4661,16.21,17.5799,3408,28414,31822,30.71,6.05,4.4847,4.3049,1.7451,0.3389,par,1.9012,1.3528,secondary|midFRPM|lowPrior,21,1.9012,par,False
growth,ela,19647330122358,Humanitas Academy of Art and Technology at Esteban E. Torres High No. 4,high,398,95.4774,13.1313,21.2121,1713,18939,20652,46.99,-1.54,2.8535,4.0953,-5.6353,-1.0945,below par,-0.7457,1.983,secondary|highFRPM|highPrior,9,-0.7457,par,True
growth,ela,19647330127787,Humanities and Arts (HARTS) Academy of Los Angeles,high,296,80.7432,0.0,21.3115,1298,20360,21658,52.87,6.15,4.8104,6.0294,0.1206,0.0234,par,2.8396,2.7839,secondary|lowFRPM|highPrior,38,0.4994,above par,False
growth,ela,19647336017651,Humphreys Avenue Elementary,elementary,364,94.5055,26.7442,16.2791,3605,25513,29118,41.67,5.42,0.2527,0.299,5.121,0.9946,above par,1.8614,0.1027,elem|midFRPM|midPrior,72,0.7662,above par,False
growth,ela,19647336017669,Huntington Drive Elementary,elementary,282,92.9078,13.1387,31.3869,3395,33805,37200,25.0,7.85,5.4753,5.3852,2.4648,0.4787,par,2.1102,1.4476,elem|midFRPM|lowPrior,62,1.5814,par,False
growth,ela,19647330111997,Huntington Park Elementary,elementary,261,95.4023,18.2432,17.5676,3527,26854,30381,27.81,-3.49,5.2343,5.6267,-9.1167,-1.7707,below par,-1.1487,1.8521,elem|midFRPM|lowPrior,62,1.5814,below par,False
growth,ela,19647331934157,Huntington Park Senior High,high,1479,95.1318,15.0943,10.6918,2700,21381,24081,47.4,-0.86,3.5367,3.2101,-4.0701,-0.7905,below par,-0.3571,1.333,secondary|midFRPM|highPrior,21,0.6234,par,False
growth,ela,19647336114722,Independence Elementary,elementary,418,94.7368,15.8879,14.0187,3120,28019,31139,35.65,3.6,3.8913,3.687,-0.087,-0.0169,par,1.1561,1.184,elem|midFRPM|midPrior,72,0.7662,par,False
growth,ela,19647330107011,International Studies Learning Center at Legacy High School Complex,k12,867,86.1592,5.2124,11.9691,1685,17923,19608,43.88,7.86,3.497,4.1624,3.6976,0.7182,above par,4.0086,2.1228,secondary|lowFRPM|midPrior,7,2.6839,above par,True
growth,ela,19647336017685,Ivanhoe Elementary,elementary,426,17.8404,0.0,10.6599,1066,17935,19001,77.06,5.17,2.9064,3.1085,2.0615,0.4004,par,2.7209,1.636,elem|lowFRPM|highPrior,126,0.867,above par,False
growth,ela,19647330122168,Jaime Escalante Elementary,elementary,453,95.1435,24.1379,11.2069,3935,29429,33364,50.21,-4.09,-1.1669,-2.0035,-2.0865,-0.4052,par,-1.2259,-0.6005,elem|midFRPM|highPrior,15,-0.4298,par,False
growth,ela,19647331933381,James A. Garfield Senior High,high,2237,92.8029,5.5336,15.8103,2402,19960,22362,62.48,-0.23,0.5446,0.0916,-0.3216,-0.0625,par,-0.1029,0.041,secondary|midFRPM|highPrior,21,0.6234,par,False
growth,ela,19647336061519,James Madison Middle,middle,1148,95.9059,21.2746,12.8397,2880,22535,25415,29.54,2.89,4.0099,3.8796,-0.9896,-0.1922,par,1.1371,1.5265,secondary|highFRPM|lowPrior,34,1.8838,par,False
growth,ela,19647331935865,James Monroe High,high,1905,94.0682,17.3121,18.2232,2725,21721,24446,38.91,-4.06,4.7165,4.4612,-8.5212,-1.655,below par,-1.6608,1.8249,secondary|midFRPM|midPrior,25,1.2882,below par,False
growth,ela,19647336058325,John A. Sutter Middle,middle,763,92.3984,20.8976,18.2328,3307,23424,26731,25.13,2.36,5.0389,5.2007,-2.8407,-0.5517,below par,0.8829,1.9456,secondary|midFRPM|lowPrior,21,1.9012,below par,False
growth,ela,19647336057855,John Adams Middle,middle,676,96.4497,14.8092,13.1298,2894,23509,26403,39.57,6.69,2.2739,2.283,4.407,0.8559,above par,2.5338,0.8647,secondary|highFRPM|midPrior,18,1.174,above par,False
growth,ela,19647336018196,John B. Monlux Elementary,elementary,660,87.7273,16.9381,6.5147,2547,21506,24053,51.97,4.06,0.737,0.6159,3.4441,0.6689,above par,1.6879,0.2561,elem|midFRPM|highPrior,15,-0.4298,above par,False
growth,ela,19647336061410,John Burroughs Middle,middle,1302,79.9539,5.7785,6.6613,2173,17421,19594,62.21,1.11,-0.2025,-0.3464,1.4564,0.2829,par,0.5665,-0.1768,secondary|lowFRPM|highPrior,38,0.4994,par,False
growth,ela,19647331933118,John C. Fremont Senior High,high,1889,97.459,17.5926,10.1852,2564,20663,23227,37.44,-5.03,5.674,5.4138,-10.4438,-2.0284,below par,-2.1656,2.3308,secondary|highFRPM|midPrior,18,1.174,below par,False
growth,ela,19647331939941,John F. Kennedy High,high,2152,72.026,3.2389,10.7287,2087,20286,22373,58.69,0.82,4.5496,3.9406,-3.1206,-0.6061,below par,0.3665,1.7613,secondary|lowFRPM|highPrior,38,0.4994,par,False
growth,ela,19647331932987,John H. Francis Polytechnic,high,2124,93.5499,9.4923,11.0375,2561,21228,23789,43.66,1.37,5.5492,5.0933,-3.7233,-0.7231,below par,0.5759,2.141,secondary|midFRPM|midPrior,25,1.2882,par,False
growth,ela,19647330114199,John H. Liechty Middle,middle,748,98.262,27.9202,20.0855,3247,24803,28050,25.06,-0.7,3.1413,3.204,-3.904,-0.7583,below par,-0.2496,1.1423,secondary|highFRPM|lowPrior,34,1.8838,below par,False
growth,ela,19647331935568,John Marshall Senior High,high,1842,71.1726,3.8554,14.6988,2128,19690,21818,63.61,-0.72,2.7399,2.3217,-3.0417,-0.5908,below par,-0.33,1.0641,secondary|lowFRPM|highPrior,38,0.4994,par,False
growth,ela,19647336058176,John Muir Middle,middle,624,98.7179,22.0395,14.4737,3411,25919,29330,17.27,7.73,6.8541,6.89,0.84,0.1631,par,2.6355,2.3491,secondary|highFRPM|lowPrior,34,1.8838,par,False
growth,ela,19647330109355,John W. Mack Elementary,elementary,283,96.4664,23.8095,11.9048,4709,32550,37259,17.78,5.24,7.6246,7.1202,-1.8802,-0.3652,par,1.4064,1.911,elem|highFRPM|lowPrior,92,1.4542,par,False
growth,ela,19647336061535,"Johnnie Cochran, Jr., Middle",middle,441,94.5578,22.276,28.0872,3736,32469,36205,20.04,1.51,4.9233,4.6362,-3.1262,-0.6072,below par,0.4171,1.2805,secondary|midFRPM|lowPrior,21,1.9012,below par,False
growth,ela,19647331934454,Jordan High,high,797,97.867,6.5041,18.6992,3051,24841,27892,26.4,28.88,9.5695,9.7511,19.1289,3.7153,above par,10.3542,3.496,secondary|highFRPM|lowPrior,34,1.8838,above par,False
growth,ela,19647336061501,Joseph Le Conte Middle,middle,627,94.7368,20.8197,17.7049,3245,23149,26394,25.76,2.76,4.7336,5.0602,-2.3002,-0.4467,par,1.0457,1.9172,secondary|midFRPM|lowPrior,21,1.9012,par,False
growth,ela,19647330122176,Judith F. Baca Arts Academy,elementary,495,97.7778,22.7799,16.2162,3290,24135,27425,30.1,2.72,3.7323,3.9744,-1.2544,-0.2436,par,0.9918,1.4492,elem|highFRPM|lowPrior,92,1.4542,par,False
growth,ela,19647330122192,Julie Korenstein Elementary,elementary,311,96.463,38.7324,11.2676,3658,25067,28725,27.34,-1.99,2.643,2.8739,-4.8639,-0.9447,below par,-0.6928,1.0005,elem|highFRPM|lowPrior,92,1.4542,below par,False
growth,ela,19647336017693,Justice Street Academy Charter,elementary,430,41.8605,3.6842,14.7368,1244,19646,20890,78.38,-5.75,-0.8404,-0.6679,-5.0821,-0.9871,below par,-2.7525,-0.3197,elem|lowFRPM|highPrior,126,0.867,below par,False
growth,ela,19647330135707,Katherine Johnson STEM Academy,middle,133,70.6767,6.015,22.5564,1543,27088,28631,26.15,14.45,8.9453,10.0929,4.3571,0.8462,above par,5.047,3.5252,secondary|lowFRPM|lowPrior,2,3.4745,above par,True
growth,ela,19647336017701,Kenter Canyon Elementary Charter,elementary,453,13.245,0.0,16.3158,1024,19000,20024,80.88,-0.88,1.6438,1.739,-2.619,-0.5087,below par,-0.4395,0.8684,elem|lowFRPM|highPrior,126,0.867,below par,False
growth,ela,19647336017719,Kentwood Elementary,elementary,352,30.3977,0.0,19.2,1987,23478,25465,68.42,13.18,3.102,3.0608,10.1192,1.9654,above par,5.1757,1.202,elem|lowFRPM|highPrior,126,0.867,above par,False
growth,ela,19647336017727,Kester Avenue Elementary,elementary,886,46.9526,7.8049,13.6585,1544,18614,20158,73.89,3.91,-0.7159,-0.8962,4.8062,0.9335,above par,1.9397,-0.4446,elem|lowFRPM|highPrior,126,0.867,above par,False
growth,ela,19647330109405,Kingsley Elementary,elementary,288,96.5278,37.4046,12.2137,3660,26295,29955,36.36,3.33,0.2757,0.3142,3.0158,0.5857,above par,1.1117,0.1049,elem|highFRPM|midPrior,56,0.6294,par,False
growth,ela,19647336017735,Kittridge Street Elementary,elementary,768,93.099,28.3333,10.8333,2315,18247,20562,28.53,13.97,4.2891,4.8939,9.0761,1.7628,above par,6.7941,2.3801,elem|midFRPM|lowPrior,62,1.5814,above par,False
growth,ela,19647336017743,Knollwood Preparatory Academy,elementary,381,61.6798,4.5161,20.0,1861,26438,28299,43.09,5.94,6.2035,6.3057,-0.3657,-0.071,par,2.099,2.2282,elem|lowFRPM|midPrior,38,1.3046,par,False
growth,ela,19647336017750,La Salle Avenue Elementary,elementary,330,95.7576,10.596,16.5563,3476,28094,31570,24.09,6.37,7.5554,7.715,-1.345,-0.2612,par,2.0177,2.4438,elem|highFRPM|lowPrior,92,1.4542,par,False
growth,ela,19647336017768,Lanai Road Elementary,elementary,566,10.424,0.0,7.451,1222,18425,19647,79.53,5.18,3.285,3.0621,2.1179,0.4113,par,2.6365,1.5586,elem|lowFRPM|highPrior,126,0.867,above par,False
growth,ela,19647336017776,Langdon Avenue Elementary,elementary,532,96.0526,27.1255,17.004,3526,24207,27733,22.13,2.97,5.2824,5.5387,-2.5687,-0.4989,par,1.0709,1.9971,elem|highFRPM|lowPrior,92,1.4542,par,False
growth,ela,19647336017784,Lankershim Elementary,elementary,326,92.9448,37.3984,18.6992,2386,26899,29285,20.29,5.73,4.2728,4.671,1.059,0.2057,par,1.9566,1.595,elem|midFRPM|lowPrior,62,1.5814,par,False
growth,ela,19647336017792,Lassen Elementary,elementary,412,89.0777,27.1277,21.8085,2682,26366,29048,41.72,1.37,0.0509,0.1225,1.2475,0.2423,par,0.4716,0.0422,elem|midFRPM|midPrior,72,0.7662,par,False
growth,ela,19647336017800,Latona Avenue Elementary,elementary,149,89.2617,10.8108,17.5676,2986,31679,34665,42.86,-0.97,2.9587,3.0046,-3.9746,-0.772,below par,-0.2798,0.8667,elem|midFRPM|midPrior,72,0.7662,below par,False
growth,ela,19647336017826,Leapwood Avenue Elementary,elementary,222,72.0721,0.0,17.0213,2201,28435,30636,29.67,5.44,10.014,10.3991,-4.9591,-0.9632,below par,1.7757,3.3944,elem|lowFRPM|lowPrior,6,2.1866,par,True
growth,ela,19647336017834,Leland Street Elementary,elementary,418,83.4928,8.5859,16.6667,2620,24098,26718,30.43,6.94,7.2883,7.7219,-0.7819,-0.1519,par,2.5975,2.8902,elem|lowFRPM|lowPrior,6,2.1866,par,True
growth,ela,19647336017842,Lemay Street Elementary,elementary,334,91.9162,14.9351,22.7273,2947,28155,31102,36.49,13.51,3.1068,3.2464,10.2636,1.9934,above par,4.3438,1.0438,elem|midFRPM|midPrior,72,0.7662,above par,False
growth,ela,19647336019483,Lenicia B. Weemes Elementary,elementary,394,95.6853,16.2921,7.3034,4498,30377,34875,25.14,5.2,7.3976,6.7732,-1.5732,-0.3055,par,1.491,1.9421,elem|highFRPM|lowPrior,92,1.4542,par,False
growth,ela,19647336110266,Leo Politi Elementary,elementary,504,94.4444,35.8025,21.3992,4507,28199,32706,21.51,8.94,3.6982,3.4584,5.4816,1.0647,above par,2.7334,1.0574,elem|midFRPM|lowPrior,62,1.5814,above par,False
growth,ela,19647336017859,Liberty Boulevard Elementary,elementary,410,96.8293,20.4301,23.1183,3050,26005,29055,34.8,2.3,2.1394,2.421,-0.121,-0.0235,par,0.7916,0.8333,elem|highFRPM|midPrior,56,0.6294,par,False
growth,ela,19647336017867,Liggett Street Elementary,elementary,550,91.2727,20.1681,20.1681,3177,23409,26586,37.2,6.5,2.3696,2.6126,3.8874,0.755,above par,2.4449,0.9827,elem|midFRPM|midPrior,72,0.7662,above par,False
growth,ela,19647336017875,Lillian Street Elementary,elementary,302,94.702,24.6667,10.6667,3501,24899,28400,31.18,4.15,4.1145,4.3949,-0.2449,-0.0476,par,1.4613,1.5475,elem|midFRPM|lowPrior,62,1.5814,par,False
growth,ela,19647336017883,Limerick Avenue Elementary,elementary,656,94.9695,20.9524,15.2381,3687,21497,25184,42.45,7.07,0.9954,1.1116,5.9584,1.1572,above par,2.8073,0.4414,elem|midFRPM|midPrior,72,0.7662,above par,False
growth,ela,19647330126516,Linda Esperanza Marquez High A Huntington Park Institute of Applied Medicine,high,729,93.4156,4.6512,8.1395,3837,18619,22456,66.04,1.4,0.6467,0.7086,0.6914,0.1343,par,0.6234,0.3155,secondary|midFRPM|highPrior,21,0.6234,par,False
growth,ela,19647330126524,Linda Esperanza Marquez High B LIBRA Academy,high,615,94.3089,4.1379,7.5862,1668,17389,19057,68.28,-2.07,0.1099,0.6563,-2.7263,-0.5295,below par,-1.0862,0.3444,secondary|midFRPM|highPrior,21,0.6234,below par,False
growth,ela,19647330126532,Linda Esperanza Marquez High C School of Social Justice,high,541,95.0092,12.5,5.0,1992,17852,19844,50.42,4.58,3.8965,4.5858,-0.0058,-0.0011,par,2.308,2.3109,secondary|midFRPM|highPrior,21,0.6234,above par,False
growth,ela,19647336017891,Lockhurst Drive Charter Elementary,elementary,438,31.7352,7.027,14.5946,1510,24754,26264,67.74,6.85,2.5276,2.114,4.736,0.9198,above par,2.6081,0.8049,elem|lowFRPM|highPrior,126,0.867,above par,False
growth,ela,19647336017909,Lockwood Avenue Elementary,elementary,285,96.4912,30.4878,12.1951,3745,30691,34436,35.64,3.99,1.6029,1.1551,2.8349,0.5506,above par,1.1587,0.3354,elem|highFRPM|midPrior,56,0.6294,par,False
growth,ela,19647336017917,Logan Academy of Global Ecology,elementary,362,93.6464,19.3798,18.6047,3651,31941,35592,25.81,12.17,5.6159,5.2012,6.9688,1.3535,above par,3.4193,1.4613,elem|midFRPM|lowPrior,62,1.5814,above par,False
growth,ela,19647336017925,Loma Vista Elementary,elementary,498,97.992,24.6914,18.5185,3443,24368,27811,40.0,4.86,0.4189,0.5194,4.3406,0.843,above par,1.7475,0.1868,elem|highFRPM|midPrior,56,0.6294,above par,False
growth,ela,19647336066278,Loren Miller Elementary,elementary,601,99.0017,31.746,13.0159,3473,24445,27918,26.84,1.1,3.4027,3.3858,-2.2858,-0.4439,par,0.394,1.2128,elem|highFRPM|lowPrior,92,1.4542,below par,False
growth,ela,19647336017941,Lorena Street Elementary,elementary,383,99.7389,27.3684,21.5789,3904,27211,31115,23.6,3.24,3.99,4.1733,-0.9333,-0.1813,par,1.0413,1.3413,elem|highFRPM|lowPrior,92,1.4542,par,False
growth,ela,19647336017958,Loreto Street Elementary,elementary,250,92.0,20.339,28.8136,3731,27053,30784,23.33,18.2,5.1606,5.8403,12.3597,2.4005,above par,5.9122,1.8972,elem|midFRPM|lowPrior,62,1.5814,above par,False
growth,ela,19647336017966,Lorne Street Elementary,elementary,372,70.9677,6.7073,19.5122,2186,23234,25420,44.89,6.94,4.5168,4.9865,1.9535,0.3794,par,2.7301,1.9616,elem|lowFRPM|midPrior,38,1.3046,above par,False
growth,ela,19647336115794,Los Angeles Academy Middle,middle,829,97.7081,20.0772,12.0978,3166,26564,29730,28.92,3.9,4.3184,3.8974,0.0026,0.0005,par,1.3118,1.3109,secondary|highFRPM|lowPrior,34,1.8838,par,False
growth,ela,19647336111512,Los Angeles Elementary,elementary,406,95.5665,32.6316,17.3684,3858,29166,33024,28.0,-3.26,2.8096,2.5101,-5.7701,-1.1207,below par,-0.9872,0.7601,elem|highFRPM|lowPrior,92,1.4542,below par,False
growth,ela,19647330117747,Los Angeles High School of the Arts,high,431,96.0557,23.0769,20.8791,2128,19829,21957,54.0,-14.44,-0.71,0.1693,-14.6093,-2.8374,below par,-6.5765,0.0771,secondary|highFRPM|highPrior,9,-0.7457,below par,True
growth,ela,19647331935352,Los Angeles Senior High,high,978,90.7975,19.3676,13.834,3010,25241,28251,29.13,2.1,7.9538,7.6927,-5.5927,-1.0862,below par,0.7433,2.723,secondary|midFRPM|lowPrior,21,1.9012,below par,False
growth,ela,19647336017974,Los Feliz Science/Tech/Engineer/Math/Medicine Magnet,elementary,428,81.0748,17.4528,12.7358,2033,18403,20436,47.32,3.62,1.8975,2.6768,0.9432,0.1832,par,1.7714,1.3099,elem|lowFRPM|highPrior,126,0.867,par,False
growth,ela,19647336058150,Louis Armstrong Middle,middle,1174,62.5213,6.0552,11.6652,1814,19371,21185,58.82,-4.23,1.7977,1.5989,-5.8289,-1.1321,below par,-1.9967,0.7548,secondary|lowFRPM|highPrior,38,0.4994,below par,False
growth,ela,19647336018485,Lovelia P. Flournoy Elementary,elementary,382,97.3822,29.2453,21.2264,4197,28222,32419,14.76,1.28,6.3792,6.5007,-5.2207,-1.014,below par,0.3948,2.0052,elem|highFRPM|lowPrior,92,1.4542,below par,False
growth,ela,19647336017982,Loyola Village Fine And Performing Arts Magnet,elementary,161,78.882,0.0,15.9091,2835,33917,36752,35.51,-2.56,7.9148,7.7141,-10.2741,-1.9955,below par,-0.6966,2.099,elem|lowFRPM|midPrior,38,1.3046,below par,False
growth,ela,19647330126391,Lucille Roybal-Allard Elementary,elementary,477,91.8239,24.0175,9.1703,3078,24222,27300,36.52,3.65,3.1589,3.1382,0.5118,0.0994,par,1.337,1.1495,elem|midFRPM|midPrior,72,0.7662,par,False
growth,ela,19647336120810,MacArthur Park Elementary School for the Visual and Performing Arts,elementary,338,97.929,54.9383,9.8765,3712,25015,28727,27.98,-0.82,-0.1529,-0.0927,-0.7273,-0.1413,par,-0.2854,-0.0323,elem|highFRPM|lowPrior,92,1.4542,below par,False
growth,ela,19647330109413,Madison Elementary,elementary,482,93.9834,32.3651,15.7676,2911,23167,26078,35.97,0.13,0.9857,1.244,-1.114,-0.2164,par,0.0499,0.477,elem|midFRPM|midPrior,72,0.7662,par,False
growth,ela,19647336017990,Magnolia Avenue Elementary,elementary,545,99.8165,19.305,18.1467,3480,23299,26779,38.27,7.68,1.626,1.842,5.838,1.1339,above par,2.8679,0.6879,elem|highFRPM|midPrior,56,0.6294,above par,False
growth,ela,19647336018006,Main Street Elementary,elementary,623,96.7897,47.5694,8.6806,3936,23865,27801,25.34,0.35,1.9546,1.7518,-1.4018,-0.2723,par,0.1259,0.6301,elem|highFRPM|lowPrior,92,1.4542,below par,False
growth,ela,19647336018014,Malabar Street Elementary,elementary,418,96.6507,23.6287,26.1603,3668,23317,26985,34.78,1.93,1.2905,1.8648,0.0652,0.0127,par,0.7152,0.691,elem|highFRPM|midPrior,56,0.6294,par,False
growth,ela,19647336018022,Manchester Avenue Elementary,elementary,509,98.0354,32.2767,11.5274,3347,22942,26289,28.97,5.04,3.0132,3.2288,1.8112,0.3518,par,1.9172,1.2282,elem|highFRPM|lowPrior,92,1.4542,par,False
growth,ela,19647336018030,Manhattan Place Elementary,elementary,218,95.4128,25.3333,16.0,4930,50934,55864,9.33,2.67,9.3519,6.9986,-4.3286,-0.8407,below par,0.4779,1.2528,elem|midFRPM|lowPrior,62,1.5814,below par,False
growth,ela,19647331935519,Manual Arts Senior High,high,1001,97.5025,24.5192,10.0962,3584,24690,28274,27.42,7.68,7.3684,7.0357,0.6443,0.1251,par,2.7163,2.4884,secondary|highFRPM|lowPrior,34,1.8838,par,False
growth,ela,19647336018048,Mar Vista Elementary,elementary,590,14.9153,0.0,11.583,974,17856,18830,76.13,3.79,3.305,3.3267,0.4633,0.09,par,2.0127,1.7667,elem|lowFRPM|highPrior,126,0.867,above par,False
growth,ela,19647330126417,Marguerite Poindexter LaMotte Elementary,elementary,449,97.7728,37.8723,12.766,4116,23186,27302,20.43,3.4,4.3434,4.6431,-1.2431,-0.2414,par,1.2453,1.7007,elem|highFRPM|lowPrior,92,1.4542,par,False
growth,ela,19647336018055,Marianna Avenue Elementary,elementary,281,92.1708,24.8175,15.3285,3207,27292,30499,42.07,-7.76,0.816,0.8382,-8.5982,-1.67,below par,-2.5443,0.2748,elem|midFRPM|midPrior,72,0.7662,below par,False
growth,ela,19647336058127,Marina del Rey Middle,middle,300,87.3333,8.9494,22.5681,5847,39193,45040,24.77,9.47,7.1593,5.8957,3.5743,0.6942,above par,2.1026,1.309,secondary|midFRPM|lowPrior,21,1.9012,par,False
growth,ela,19647336058135,Mark Twain Middle,middle,974,57.5975,3.3368,13.4515,1612,19494,21106,51.24,7.26,4.6067,4.6778,2.5822,0.5015,above par,3.4398,2.2163,secondary|lowFRPM|highPrior,38,0.4994,above par,False
growth,ela,19647336018063,Marquez Charter,elementary,314,16.5605,0.0,11.3208,1189,21118,22307,77.33,1.92,2.91,2.9261,-1.0061,-0.1954,par,0.8607,1.3117,elem|lowFRPM|highPrior,126,0.867,par,False
growth,ela,19647336019061,Martin Luther King Jr. Elementary,elementary,278,98.9209,28.0,19.3333,3477,30611,34088,23.87,0.13,4.1827,4.1592,-4.0292,-0.7826,below par,0.0381,1.2201,elem|highFRPM|lowPrior,92,1.4542,below par,False
growth,ela,19647336018071,Marvin Elementary,elementary,503,91.2525,12.3016,23.0159,3659,26988,30647,46.67,10.08,0.7308,0.5223,9.5577,1.8563,above par,3.2891,0.1704,elem|midFRPM|highPrior,15,-0.4298,above par,False
growth,ela,19647336058143,Mary McLeod Bethune Middle,middle,843,97.6275,21.9512,13.0488,2893,23768,26661,22.53,1.86,5.6643,5.703,-3.843,-0.7464,below par,0.6976,2.1391,secondary|highFRPM|lowPrior,34,1.8838,below par,False
growth,ela,19647330109397,Maurice Sendak Elementary,elementary,421,95.0119,21.5962,18.3099,3253,22304,25557,34.24,1.91,2.8301,3.3875,-1.4775,-0.287,par,0.7473,1.3255,elem|midFRPM|midPrior,72,0.7662,par,False
growth,ela,19647336018089,Mayall Street Elementary,elementary,471,64.9682,7.9295,13.6564,1767,21816,23583,71.12,2.89,-1.6501,-1.6716,4.5616,0.886,above par,1.2255,-0.7088,elem|lowFRPM|highPrior,126,0.867,par,False
growth,ela,19647336018097,Mayberry Street Elementary,elementary,128,88.2812,0.0,35.0877,4287,44270,48557,30.91,4.18,6.0849,5.2106,-1.0306,-0.2002,par,0.8608,1.0731,elem|midFRPM|lowPrior,62,1.5814,par,False
growth,ela,19647330109462,Maywood Academy High,high,1012,96.7391,17.2414,15.3257,2994,21165,24159,46.93,2.88,2.6663,2.7039,0.1761,0.0342,par,1.1921,1.1192,secondary|highFRPM|highPrior,9,-0.7457,above par,True
growth,ela,19647330109363,Maywood Elementary,elementary,426,95.7746,15.1351,15.6757,3108,20793,23901,51.49,5.81,-0.626,-0.1483,5.9583,1.1572,above par,2.4309,-0.0621,elem|highFRPM|highPrior,7,1.0248,above par,True
growth,ela,19647336018105,McKinley Avenue Elementary,elementary,474,99.1561,24.4604,15.4676,3919,24379,28298,22.19,-0.25,5.5878,5.8472,-6.0972,-1.1842,below par,-0.0883,2.0663,elem|highFRPM|lowPrior,92,1.4542,below par,False
growth,ela,19647336018113,Melrose Avenue Elementary,elementary,419,45.8234,5.4299,14.9321,1331,21222,22553,72.22,0.18,0.1646,0.2611,-0.0811,-0.0158,par,0.0798,0.1158,elem|lowFRPM|highPrior,126,0.867,par,False
growth,ela,19647336018121,Melvin Avenue Elementary,elementary,379,91.029,32.2222,18.8889,2391,25229,27620,34.62,6.49,1.3286,1.6425,4.8475,0.9415,above par,2.3497,0.5947,elem|midFRPM|midPrior,72,0.7662,above par,False
growth,ela,19647336018139,Menlo Avenue Elementary,elementary,531,98.8701,27.2436,13.141,2794,23801,26595,39.81,3.46,0.585,0.6522,2.8078,0.5453,above par,1.301,0.2453,elem|highFRPM|midPrior,56,0.6294,par,False
growth,ela,19647330126573,Mervyn M. Dymally High,high,654,98.318,14.7887,15.493,3256,28633,31889,31.4,8.74,7.198,6.8471,1.8929,0.3676,par,2.7408,2.1472,secondary|highFRPM|lowPrior,34,1.8838,par,False
growth,ela,19647336018147,Meyler Street Elementary,elementary,603,95.5224,12.9496,14.7482,2406,21538,23944,38.82,-5.01,3.3022,3.7056,-8.7156,-1.6928,below par,-2.0924,1.5476,elem|highFRPM|midPrior,56,0.6294,below par,False
growth,ela,19647330126441,Michelle Obama Elementary,elementary,570,98.0702,28.1481,12.5926,3014,21579,24593,22.96,18.15,5.1953,5.6691,12.4809,2.4241,above par,7.3801,2.3052,elem|highFRPM|lowPrior,92,1.4542,above par,False
growth,ela,19647336018154,Micheltorena Street Elementary,elementary,388,39.9485,3.1447,17.6101,1956,22828,24784,62.75,2.66,3.4,3.4562,-0.7962,-0.1546,par,1.0733,1.3945,elem|lowFRPM|highPrior,126,0.867,par,False
growth,ela,19647330102913,Middle College High,high,361,88.6427,0.0,0.0,1534,19222,20756,85.9,4.32,-2.5806,-2.3241,6.6441,1.2904,above par,2.0813,-1.1197,secondary|midFRPM|highPrior,21,0.6234,above par,False
growth,ela,19647336018162,Middleton Street Elementary,elementary,601,99.1681,23.1947,15.5361,3276,21926,25202,37.2,-0.66,1.6416,1.9092,-2.5692,-0.499,par,-0.2619,0.7576,elem|highFRPM|midPrior,56,0.6294,par,False
growth,ela,19647336018170,Miles Avenue Elementary,elementary,788,94.2893,28.0112,18.2073,3181,24956,28137,30.36,2.41,2.8726,2.7148,-0.3048,-0.0592,par,0.8565,0.9649,elem|midFRPM|lowPrior,62,1.5814,par,False
growth,ela,19647336018188,Miramonte Elementary,elementary,631,96.6719,22.4913,16.263,3785,30141,33926,14.97,7.87,8.0082,7.5166,0.3534,0.0686,par,2.3198,2.2156,elem|highFRPM|lowPrior,92,1.4542,par,False
growth,ela,19647336107403,Montara Avenue Elementary,elementary,554,93.3213,15.4122,14.3369,3344,25795,29139,41.56,2.88,2.4186,2.183,0.697,0.1354,par,0.9884,0.7492,elem|midFRPM|midPrior,72,0.7662,par,False
growth,ela,19647336018212,Monte Vista Street Elementary,elementary,181,88.3978,17.8295,35.6589,5387,37795,43182,31.43,9.66,2.9363,2.392,7.268,1.4116,above par,2.237,0.5539,elem|midFRPM|lowPrior,62,1.5814,par,False
growth,ela,19647336018220,Morningside Elementary,elementary,408,94.1176,13.7755,27.551,3018,24064,27082,27.64,5.52,4.9359,5.6829,-0.1629,-0.0316,par,2.0383,2.0984,elem|midFRPM|lowPrior,62,1.5814,par,False
growth,ela,19647336018881,Morris K. Hamasaki Elementary,elementary,316,91.1392,4.2553,11.7021,2860,25993,28853,52.3,-1.24,1.8522,1.8562,-3.0962,-0.6013,below par,-0.4298,0.6433,elem|midFRPM|highPrior,15,-0.4298,par,False
growth,ela,19647336018238,Mountain View Elementary,elementary,567,75.8377,17.3913,4.3478,2580,17376,19956,42.26,1.22,4.7391,5.2231,-4.0031,-0.7775,below par,0.6113,2.6173,elem|lowFRPM|midPrior,38,1.3046,par,False
growth,ela,19647336058168,Mt. Gleason Middle,middle,753,81.6733,8.2993,14.6939,2318,22845,25163,46.9,4.94,2.5531,2.519,2.421,0.4702,par,1.9632,1.0011,secondary|lowFRPM|highPrior,38,0.4994,above par,False
growth,ela,19647336018246,Mt. Washington Elementary,elementary,430,18.1395,0.0,10.4167,1307,17829,19136,73.23,5.42,3.9557,4.1849,1.2351,0.2399,par,2.8324,2.1869,elem|lowFRPM|highPrior,126,0.867,above par,False
growth,ela,19647336018253,Multnomah Street Elementary,elementary,322,73.2919,5.625,11.25,3137,23194,26331,63.82,1.18,0.2396,0.249,0.931,0.1808,par,0.4481,0.0946,elem|lowFRPM|highPrior,126,0.867,par,False
growth,ela,19647336018261,Murchison Street Elementary,elementary,312,98.3974,12.8571,22.8571,5124,37897,43021,33.86,11.85,3.5327,2.3783,9.4717,1.8396,above par,2.7545,0.5528,elem|highFRPM|midPrior,56,0.6294,above par,False
growth,ela,19647336018279,Napa Street Elementary,elementary,402,94.7761,29.1667,27.0833,5047,29201,34248,26.37,8.53,2.7777,2.6102,5.9198,1.1498,above par,2.4907,0.7621,elem|midFRPM|lowPrior,62,1.5814,par,False
growth,ela,19647331936160,Nathaniel Narbonne Senior High,high,1549,83.9897,8.4986,13.5977,2889,20872,23761,63.59,-6.65,0.8998,0.3909,-7.0409,-1.3675,below par,-2.7987,0.1645,secondary|lowFRPM|highPrior,38,0.4994,below par,False
growth,ela,19647330129585,Nava College Preparatory Academy,high,598,99.1639,8.3969,19.084,1974,19480,21454,46.09,8.11,3.7182,4.5955,3.5145,0.6826,above par,3.7802,2.142,secondary|highFRPM|midPrior,18,1.174,above par,False
growth,ela,19647336018287,Nestle Avenue Charter,elementary,421,72.209,20.7447,16.4894,2141,21646,23787,49.74,3.45,1.1233,1.5013,1.9487,0.3785,par,1.4504,0.6312,elem|lowFRPM|highPrior,126,0.867,par,False
growth,ela,19647336018295,Nevada Avenue Elementary,elementary,379,87.3351,23.5294,9.8039,2938,26112,29050,34.69,3.87,4.1231,4.0647,-0.1947,-0.0378,par,1.3322,1.3992,elem|midFRPM|midPrior,72,0.7662,par,False
growth,ela,19647336018303,Nevin Avenue Elementary,elementary,478,97.6987,30.2632,14.9123,3438,25089,28527,33.04,-1.02,1.872,1.895,-2.915,-0.5662,below par,-0.3576,0.6643,elem|highFRPM|midPrior,56,0.6294,par,False
growth,ela,19647330119685,New Open World Academy K-12,k12,911,97.5851,26.0579,12.0267,2592,18923,21515,23.49,8.14,4.595,5.2504,2.8896,0.5612,above par,3.7834,2.4403,secondary|highFRPM|lowPrior,34,1.8838,above par,False
growth,ela,19647336018311,Newcastle Elementary,elementary,299,90.6355,21.1268,30.9859,3045,27804,30849,46.62,-0.14,-1.4948,-1.2298,1.0898,0.2117,par,-0.0454,-0.3986,elem|midFRPM|highPrior,15,-0.4298,par,False
growth,ela,19647336018337,Ninety-Fifth Street Elementary,elementary,745,98.9262,17.3554,13.2231,3579,23666,27245,30.26,3.62,4.7624,4.7092,-1.0892,-0.2115,par,1.3287,1.7285,elem|highFRPM|lowPrior,92,1.4542,par,False
growth,ela,19647336018345,Ninety-Ninth Street Elementary,elementary,487,97.1253,15.5462,13.8655,2859,26137,28996,41.2,2.08,2.1959,2.0794,0.0006,0.0001,par,0.7173,0.7171,elem|highFRPM|midPrior,56,0.6294,par,False
growth,ela,19647336018352,Ninety-Second Street Elementary,elementary,568,98.5915,18.4375,12.8125,3296,24474,27770,35.82,3.56,3.1675,3.1386,0.4214,0.0818,par,1.282,1.1302,elem|highFRPM|midPrior,56,0.6294,par,False
growth,ela,19647336018378,Ninety-Sixth Street Elementary,elementary,527,96.9639,16.2162,16.2162,3890,26335,30225,30.29,5.52,4.818,4.7074,0.8126,0.1578,par,1.8263,1.5575,elem|highFRPM|lowPrior,92,1.4542,par,False
growth,ela,19647336018386,Ninety-Third Street Elementary,elementary,772,97.5389,25.75,19.0,3227,24170,27397,24.57,6.93,4.426,4.5016,2.4284,0.4717,par,2.5295,1.6431,elem|highFRPM|lowPrior,92,1.4542,above par,False
growth,ela,19647336104814,Ninth Street Elementary,elementary,302,99.0066,41.5385,18.4615,3815,27413,31228,20.18,-1.72,3.0814,3.309,-5.029,-0.9767,below par,-0.5508,1.0596,elem|highFRPM|lowPrior,92,1.4542,below par,False
growth,ela,19647336018394,Noble Avenue Elementary,elementary,656,94.2073,36.3057,19.4268,3390,25383,28773,25.53,0.9,2.7372,2.6828,-1.7828,-0.3463,par,0.3128,0.9324,elem|midFRPM|lowPrior,62,1.5814,below par,False
growth,ela,19647336018402,Nora Sterry Elementary,elementary,188,84.0426,13.7931,28.7356,3533,30059,33592,41.25,-4.47,2.1103,2.3775,-6.8475,-1.3299,below par,-1.3307,0.7077,elem|lowFRPM|midPrior,38,1.3046,below par,False
growth,ela,19647336018410,Normandie Avenue Elementary,elementary,509,97.446,30.7087,18.1102,4461,31254,35715,23.19,-1.54,4.1525,3.4845,-5.0245,-0.9759,below par,-0.4312,0.9756,elem|highFRPM|lowPrior,92,1.4542,below par,False
growth,ela,19647336018428,Normont Elementary,elementary,270,98.5185,20.0,19.0909,3850,38380,42230,28.46,6.09,4.2914,3.2787,2.8113,0.546,above par,1.4421,0.7764,elem|highFRPM|lowPrior,92,1.4542,par,False
growth,ela,19647331936350,North Hollywood Senior High,high,2444,71.9722,5.1661,9.7786,2150,18208,20358,70.71,0.88,1.0402,0.3851,0.4949,0.0961,par,0.4323,0.1892,secondary|lowFRPM|highPrior,38,0.4994,par,False
growth,ela,19647330107003,Northridge Academy High,high,832,85.4567,5.1282,14.7436,2707,21324,24031,46.46,15.72,5.936,6.1072,9.6128,1.867,above par,6.5416,2.5414,secondary|lowFRPM|midPrior,7,2.6839,above par,True
growth,ela,19647336058200,Northridge Middle,middle,670,94.7761,18.72,20.0,3332,25331,28663,26.92,6.84,4.4814,4.5417,2.2983,0.4464,par,2.3864,1.5845,secondary|midFRPM|lowPrior,21,1.9012,par,False
growth,ela,19647336018436,Norwood Street Elementary,elementary,347,95.389,21.4286,21.4286,4032,25091,29123,24.64,3.93,5.1154,5.5896,-1.6596,-0.3223,par,1.3494,1.9193,elem|midFRPM|lowPrior,62,1.5814,par,False
growth,ela,19647336110274,Nueva Vista Elementary,elementary,636,93.0818,20.7865,15.4494,3028,22569,25597,40.63,-0.46,1.6825,1.7906,-2.2506,-0.4371,par,-0.1797,0.6995,elem|midFRPM|midPrior,72,0.7662,par,False
growth,ela,19647336018444,O'Melveny Elementary,elementary,345,93.6232,11.1111,21.5686,3246,28004,31250,46.15,8.75,1.0423,1.0073,7.7427,1.5038,above par,2.8,0.3223,elem|midFRPM|midPrior,72,0.7662,above par,False
growth,ela,19647336061550,Olive Vista Middle,middle,897,88.7402,13.2775,15.0718,2484,22980,25464,33.52,7.27,4.6743,4.7003,2.5697,0.4991,par,2.855,1.8459,secondary|midFRPM|midPrior,25,1.2882,above par,False
growth,ela,19647336058069,Oliver Wendell Holmes Middle,middle,870,75.0575,3.6675,10.8802,2202,21060,23262,59.83,6.67,0.8196,0.6256,6.0444,1.174,above par,2.8673,0.2689,secondary|lowFRPM|highPrior,38,0.4994,above par,False
growth,ela,19647336018469,One Hundred Eighteenth Street Elementary,elementary,465,98.2796,15.8371,14.9321,2538,23961,26499,22.01,4.23,7.1852,7.7,-3.47,-0.674,below par,1.5963,2.9058,elem|highFRPM|lowPrior,92,1.4542,par,False
growth,ela,19647336018477,One Hundred Eighty-Sixth Street Elementary,elementary,579,86.3558,9.5941,12.5461,2581,27050,29631,44.57,0.08,3.4105,2.9884,-2.9084,-0.5649,below par,0.027,1.0085,elem|lowFRPM|midPrior,38,1.3046,below par,False
growth,ela,19647336018493,One Hundred Fifty-Sixth Street Elementary,elementary,353,67.9887,4.3478,10.3261,2183,21627,23810,64.71,4.31,0.8114,1.0012,3.3088,0.6426,above par,1.8102,0.4205,elem|lowFRPM|highPrior,126,0.867,par,False
growth,ela,19647336018501,One Hundred Fifty-Third Street Elementary,elementary,363,87.0523,12.4294,22.5989,3265,29235,32500,32.58,6.4,5.062,5.0138,1.3862,0.2692,par,1.9692,1.5427,elem|midFRPM|midPrior,72,0.7662,above par,False
growth,ela,19647336018519,One Hundred Ninth Street Elementary,elementary,332,97.2892,27.3256,19.7674,4108,28104,32212,29.41,5.47,2.8616,2.8698,2.6002,0.505,above par,1.6981,0.8909,elem|highFRPM|lowPrior,92,1.4542,par,False
growth,ela,19647336018535,One Hundred Seventh Street Elementary,elementary,804,98.5075,33.0688,15.0794,3356,25625,28981,16.14,8.46,5.9053,5.7562,2.7038,0.5251,above par,2.9192,1.9862,elem|highFRPM|lowPrior,92,1.4542,above par,False
growth,ela,19647336018543,One Hundred Sixteenth Street Elementary,elementary,401,96.7581,20.4545,10.7955,2570,24647,27217,29.05,2.2,5.1415,5.4387,-3.2387,-0.629,below par,0.8083,1.9983,elem|highFRPM|lowPrior,92,1.4542,par,False
growth,ela,19647336018550,One Hundred Thirty-Fifth Street Elementary,elementary,554,96.0289,19.6787,18.0723,3126,23707,26833,37.5,-0.95,2.1488,2.3323,-3.2823,-0.6375,below par,-0.354,0.8692,elem|highFRPM|midPrior,56,0.6294,par,False
growth,ela,19647336018568,One Hundred Twelfth Street Elementary,elementary,319,99.373,16.6667,14.2857,4459,33195,37654,22.16,9.98,7.0158,6.4322,3.5478,0.6891,above par,2.6504,1.7082,elem|highFRPM|lowPrior,92,1.4542,above par,False
growth,ela,19647336018576,One Hundred Twenty-Second Street Elementary,elementary,574,95.993,15.8491,13.5849,2767,22554,25321,41.75,8.06,2.121,2.3115,5.7485,1.1165,above par,3.1831,0.9129,elem|highFRPM|midPrior,56,0.6294,above par,False
growth,ela,19647336097927,Open Charter Magnet,elementary,390,19.7436,0.0,9.3137,1211,23640,24851,73.1,-1.04,3.9734,3.5679,-4.6079,-0.895,below par,-0.4185,1.4357,elem|lowFRPM|highPrior,126,0.867,below par,False
growth,ela,19647330122390,Orchard Academies 2B,middle,352,92.0455,9.9071,17.6471,3922,23544,27466,26.93,10.53,6.5076,7.1149,3.4151,0.6633,above par,3.8338,2.5904,secondary|midFRPM|lowPrior,21,1.9012,above par,False
growth,ela,19647330122408,Orchard Academies 2C,middle,395,97.7215,13.2992,17.6471,1680,21691,23371,35.55,6.65,3.0327,3.9483,2.7017,0.5247,above par,2.8454,1.6894,secondary|highFRPM|midPrior,18,1.174,above par,False
growth,ela,19647336018592,Osceola Street Elementary,elementary,352,90.0568,14.6667,10.0,2969,26938,29907,41.73,7.6,3.3523,3.2066,4.3934,0.8533,above par,2.5412,1.0722,elem|midFRPM|midPrior,72,0.7662,above par,False
growth,ela,19647336018618,Overland Avenue Elementary,elementary,485,14.0206,0.0,10.5023,1161,18779,19940,85.64,4.77,0.9255,0.7809,3.9891,0.7748,above par,2.3922,0.3916,elem|lowFRPM|highPrior,126,0.867,above par,False
growth,ela,19647336018626,Oxnard Street Elementary,elementary,298,94.6309,20.5128,25.0,2513,21895,24408,41.72,-1.98,0.254,1.2426,-3.2226,-0.6259,below par,-0.8112,0.5091,elem|midFRPM|midPrior,72,0.7662,below par,False
growth,ela,19647330109322,Pacific Boulevard,elementary,301,97.6744,24.6479,14.0845,3468,44147,47615,39.44,-7.05,1.171,-0.8644,-6.1856,-1.2014,below par,-1.4806,-0.1815,elem|highFRPM|midPrior,56,0.6294,below par,False
growth,ela,19647336058218,Pacoima Middle,middle,823,91.8591,12.232,15.5107,2876,22562,25438,37.24,0.84,3.4805,3.5494,-2.7094,-0.5262,below par,0.3302,1.3953,secondary|midFRPM|midPrior,25,1.2882,par,False
growth,ela,19647336018634,Palisades Charter Elementary,elementary,408,16.9118,0.0,9.5541,981,18589,19570,82.59,3.4,1.6101,1.6629,1.7371,0.3374,par,1.7374,0.8497,elem|lowFRPM|highPrior,126,0.867,par,False
growth,ela,19647336018659,Palms Elementary,elementary,229,78.6026,6.7797,30.5085,2538,31610,34148,32.58,8.1,5.9288,6.1644,1.9356,0.3759,par,2.372,1.8052,elem|lowFRPM|midPrior,38,1.3046,above par,False
growth,ela,19647336058226,Palms Middle,middle,1081,71.5079,3.1823,11.1861,2173,20578,22751,59.01,-3.08,1.4089,1.1305,-4.2105,-0.8178,below par,-1.3538,0.4969,secondary|lowFRPM|highPrior,38,0.4994,below par,False
growth,ela,19647330109389,Panorama City Elementary,elementary,443,99.0971,33.6449,14.486,3374,24073,27447,45.33,4.2,-2.1277,-2.1157,6.3157,1.2267,above par,1.5302,-0.7708,elem|highFRPM|midPrior,56,0.6294,par,False
growth,ela,19647330112052,Panorama High,high,1316,97.6444,20.6667,9.3333,2767,22011,24778,37.04,9.63,5.4009,5.169,4.461,0.8664,above par,3.8865,2.0861,secondary|highFRPM|midPrior,18,1.174,above par,False
growth,ela,19647336018667,Park Avenue Elementary,elementary,274,94.1606,18.1159,13.0435,3589,24828,28417,25.0,6.16,6.662,7.1798,-1.0198,-0.1981,par,2.1677,2.5266,elem|midFRPM|lowPrior,62,1.5814,par,False
growth,ela,19647336018675,Park Western Place Elementary,elementary,528,66.6667,2.0,9.2,1787,23412,25199,63.45,2.95,1.7554,1.5019,1.4481,0.2813,par,1.1707,0.596,elem|lowFRPM|highPrior,126,0.867,par,False
growth,ela,19647336018683,Parmelee Avenue Elementary,elementary,670,95.3731,22.3464,8.6592,3254,21302,24556,30.41,8.14,4.7897,4.9715,3.1685,0.6154,above par,3.3149,2.0246,elem|midFRPM|lowPrior,62,1.5814,above par,False
growth,ela,19647336018691,Parthenia Academy of Arts and Technology,elementary,421,90.2613,25.6545,19.8953,3297,26403,29700,28.06,2.31,4.1427,4.2812,-1.9712,-0.3829,par,0.7778,1.4415,elem|midFRPM|lowPrior,62,1.5814,par,False
growth,ela,19647336061485,Patrick Henry Middle,middle,1053,76.1633,2.8376,17.1233,2383,21410,23793,45.4,7.05,4.0695,4.0488,3.0012,0.5829,above par,2.9631,1.7017,secondary|lowFRPM|midPrior,7,2.6839,par,True
growth,ela,19647336058267,Paul Revere Charter Middle,middle,1715,31.5452,1.4426,10.623,841,18029,18870,73.43,0.27,1.6065,1.0407,-0.7707,-0.1497,par,0.1431,0.5515,secondary|lowFRPM|highPrior,38,0.4994,par,False
growth,ela,19647330124511,Performing Arts Community at Diego Rivera Learning Complex,high,494,97.7733,15.2542,7.6271,2009,18483,20492,36.07,4.61,6.8272,7.7683,-3.1583,-0.6134,below par,2.2497,3.7909,secondary|highFRPM|midPrior,18,1.174,above par,False
growth,ela,19647331930650,Phineas Banning Senior High,high,2422,91.4533,5.8333,12.7083,2268,20078,22346,48.65,2.39,4.7705,4.3755,-1.9855,-0.3856,par,1.0695,1.9581,secondary|midFRPM|highPrior,21,0.6234,par,False
growth,ela,19647336018717,Pinewood Avenue Elementary,elementary,215,95.814,25.5102,24.4898,4014,33246,37260,25.0,5.61,4.0081,3.8813,1.7287,0.3358,par,1.5056,1.0417,elem|highFRPM|lowPrior,92,1.4542,par,False
growth,ela,19647336107064,Pio Pico Middle,middle,253,96.0474,20.6478,18.2186,4324,31338,35662,38.0,1.27,1.3073,0.9834,0.2866,0.0557,par,0.3561,0.2758,secondary|highFRPM|midPrior,18,1.174,par,False
growth,ela,19647336018725,Plainview Academic Charter Academy,elementary,248,87.9032,25.9843,20.4724,3029,31655,34684,16.79,6.04,7.3953,7.45,-1.41,-0.2739,par,1.7414,2.148,elem|midFRPM|lowPrior,62,1.5814,par,False
growth,ela,19647336018741,Playa del Rey Elementary,elementary,272,41.9118,4.6154,13.0769,1637,21387,23024,70.25,-1.02,1.4712,1.7659,-2.7859,-0.5411,below par,-0.443,0.767,elem|lowFRPM|highPrior,126,0.867,below par,False
growth,ela,19647330126383,Playa Vista Elementary,elementary,488,21.7213,3.3708,11.7978,1431,19771,21202,64.09,6.7,5.3996,5.4625,1.2375,0.2404,par,3.1601,2.5764,elem|lowFRPM|highPrior,126,0.867,above par,False
growth,ela,19647336018758,Plummer Elementary,elementary,600,95.5,29.4872,16.6667,3174,25442,28616,31.55,3.39,2.3942,2.3082,1.0818,0.2101,par,1.1847,0.8066,elem|highFRPM|lowPrior,92,1.4542,par,False
growth,ela,19647336018766,Point Fermin Elementary,elementary,304,61.1842,6.7114,14.094,1943,21863,23806,61.15,4.62,1.6416,2.0228,2.5972,0.5044,above par,1.9407,0.8497,elem|lowFRPM|highPrior,126,0.867,above par,False
growth,ela,19647336018774,Pomelo Community Charter,elementary,612,31.6993,2.2222,20.0,1067,21331,22398,63.39,5.13,3.8489,3.8897,1.2403,0.2409,par,2.2904,1.7366,elem|lowFRPM|highPrior,126,0.867,above par,False
growth,ela,19647330126607,Porter Ranch Community,elementary,1312,21.9512,1.7327,8.4158,1206,16327,17533,78.6,2.22,1.9528,1.5125,0.7075,0.1374,par,1.2662,0.8627,elem|lowFRPM|highPrior,126,0.867,par,False
growth,ela,19647336018790,President Avenue Elementary,elementary,362,73.4807,15.0538,19.8925,2775,30692,33467,37.36,4.04,4.9449,4.5571,-0.5171,-0.1004,par,1.2072,1.3617,elem|lowFRPM|midPrior,38,1.3046,par,False
growth,ela,19647330124487,Public Service Community at Diego Rivera Learning Complex,high,457,98.9059,14.3939,7.5758,4506,22323,26829,43.7,0.24,4.7775,4.914,-4.674,-0.9078,below par,0.0895,1.8316,secondary|highFRPM|midPrior,18,1.174,below par,False
growth,ela,19647336018808,Purche Avenue Elementary,elementary,373,90.0804,6.4865,16.7568,4495,29570,34065,29.07,-0.96,7.3681,7.0683,-8.0283,-1.5593,below par,-0.2818,2.0749,elem|midFRPM|lowPrior,62,1.5814,below par,False
growth,ela,19647336018816,Queen Anne Place Elementary,elementary,337,80.4154,7.4074,8.642,3192,20537,23729,58.82,0.44,0.9313,1.2615,-0.8215,-0.1596,par,0.1854,0.5316,elem|lowFRPM|highPrior,126,0.867,par,False
growth,ela,19647330122127,Quincy Jones Elementary,elementary,244,96.3115,36.3636,19.1919,4619,25105,29724,36.36,3.03,-0.3216,0.03,3.0,0.5827,above par,1.0194,0.0101,elem|highFRPM|midPrior,56,0.6294,par,False
growth,ela,19647330119727,Ramon C. Cortines School of Visual and Performing Arts,high,1102,71.5064,6.3604,10.2473,1928,22508,24436,65.53,-1.22,2.3379,1.8061,-3.0261,-0.5877,below par,-0.4993,0.7391,secondary|lowFRPM|highPrior,38,0.4994,par,False
growth,ela,19647336018824,Ramona Elementary,elementary,277,96.3899,30.2521,30.2521,4933,30795,35728,31.93,3.36,0.5922,0.5012,2.8588,0.5552,above par,0.9404,0.1403,elem|highFRPM|lowPrior,92,1.4542,par,False
growth,ela,19647336018832,Ranchito Avenue Elementary,elementary,421,90.7363,31.6583,12.5628,2989,22777,25766,39.78,-0.08,0.7505,0.9903,-1.0703,-0.2079,par,-0.031,0.3843,elem|midFRPM|midPrior,72,0.7662,par,False
growth,ela,19647330124529,Rancho Dominguez Preparatory,k12,701,90.5849,5.2459,14.0984,2810,24276,27086,40.21,-0.21,3.8478,3.8894,-4.0994,-0.7962,below par,-0.0775,1.4359,secondary|midFRPM|midPrior,25,1.2882,below par,False
growth,ela,19647336018840,Raymond Avenue Elementary,elementary,457,96.7177,20.0935,14.486,2716,24961,27677,31.75,5.63,4.0251,4.2325,1.3975,0.2714,par,2.0342,1.5293,elem|highFRPM|lowPrior,92,1.4542,par,False
growth,ela,19647331937226,Reseda Charter High,k12,1339,88.2748,12.9108,11.0329,2884,24358,27242,47.46,-5.21,1.1255,0.4846,-5.6946,-1.106,below par,-1.9125,0.1779,secondary|midFRPM|highPrior,21,0.6234,below par,False
growth,ela,19647336018857,Reseda Elementary,elementary,378,87.8307,23.6842,9.2105,3012,23282,26294,45.22,7.41,1.2292,1.3425,6.0675,1.1784,above par,2.8181,0.5106,elem|midFRPM|midPrior,72,0.7662,above par,False
growth,ela,19647330109330,Ricardo Lizarraga Elementary,elementary,368,98.0978,37.0968,16.129,4688,32171,36859,19.0,8.96,4.4629,3.8591,5.1009,0.9907,above par,2.4309,1.047,elem|highFRPM|lowPrior,92,1.4542,par,False
growth,ela,19647336057905,Richard E. Byrd Middle,middle,933,89.0675,7.8829,14.3018,2499,22068,24567,35.55,3.08,5.0462,5.1345,-2.0545,-0.399,par,1.2537,2.09,secondary|midFRPM|midPrior,25,1.2882,par,False
growth,ela,19647336057954,Richard Henry Dana Middle,middle,1355,81.9926,7.6087,18.4006,1977,19918,21895,35.7,1.88,5.2226,5.4374,-3.5574,-0.6909,below par,0.8586,2.4834,secondary|lowFRPM|midPrior,7,2.6839,below par,True
growth,ela,19647330101618,Richard Riordan Primary Center,elementary,136,77.9412,0.0,0.0,3561,31157,34718,50.0,20.27,5.8783,5.4383,14.8317,2.8806,above par,5.8385,1.5664,elem|lowFRPM|highPrior,126,0.867,above par,False
growth,ela,19647336018873,Richland Avenue Elementary,elementary,280,17.8571,3.7383,9.3458,1515,24601,26116,71.13,11.11,4.1183,3.7833,7.3267,1.423,above par,4.2541,1.4486,elem|lowFRPM|highPrior,126,0.867,above par,False
growth,ela,19647336018907,Rio Vista Elementary,elementary,348,54.5977,16.5605,19.7452,1750,24224,25974,53.06,-5.29,2.2336,2.428,-7.718,-1.499,below par,-2.0367,0.9348,elem|lowFRPM|highPrior,126,0.867,below par,False
growth,ela,19647336018915,Ritter Elementary,elementary,307,97.3941,18.0451,13.5338,2374,23229,25603,33.85,9.76,3.8653,4.5506,5.2094,1.0118,above par,3.8121,1.7774,elem|highFRPM|midPrior,56,0.6294,above par,False
growth,ela,19647336018923,Riverside Drive Charter,elementary,392,46.1735,9.6591,12.5,1548,25043,26591,60.82,2.82,2.8593,2.599,0.221,0.0429,par,1.0605,0.9774,elem|lowFRPM|highPrior,126,0.867,par,False
growth,ela,19647336061576,Robert E. Peary Middle,middle,1082,90.7579,7.7458,14.1013,2719,22349,25068,30.01,1.67,6.4341,6.4462,-4.7762,-0.9276,below par,0.6662,2.5715,secondary|midFRPM|lowPrior,21,1.9012,below par,False
growth,ela,19647336071443,Robert F. Kennedy Elementary,elementary,170,92.9412,9.8901,31.8681,4191,37340,41531,38.04,-2.88,2.416,1.9924,-4.8724,-0.9463,below par,-0.6935,0.4797,elem|midFRPM|midPrior,72,0.7662,below par,False
growth,ela,19647336058275,Robert Frost Middle,middle,1505,54.0864,2.7491,7.7663,1784,17982,19766,71.48,2.68,0.098,-0.4039,3.0839,0.599,above par,1.3559,-0.2043,secondary|lowFRPM|highPrior,38,0.4994,par,False
growth,ela,19647336058002,Robert Fulton College Preparatory,k12,1229,95.6876,23.498,13.8852,2919,22481,25400,27.46,-2.09,3.8603,3.8395,-5.9295,-1.1516,below par,-0.8228,1.5116,secondary|highFRPM|lowPrior,34,1.8838,below par,False
growth,ela,19647336018931,Robert Hill Lane Elementary,elementary,248,77.0161,11.0345,13.7931,2449,29337,31786,56.21,-8.62,0.8238,0.5192,-9.1392,-1.775,below par,-2.7119,0.1633,elem|lowFRPM|highPrior,126,0.867,below par,False
growth,ela,19647336058317,Robert Louis Stevenson College and Career Preparatory,middle,792,96.2121,14.7952,16.9089,2996,24490,27486,35.58,-0.97,2.943,2.8625,-3.8325,-0.7444,below par,-0.3529,1.0414,secondary|highFRPM|midPrior,18,1.174,below par,False
growth,ela,19647336018949,Rockdale Visual & Performing Arts Magnet,elementary,325,46.4615,3.4884,17.4419,1575,20533,22108,64.37,2.49,2.3086,2.8143,-0.3243,-0.063,par,1.1263,1.273,elem|lowFRPM|highPrior,126,0.867,par,False
growth,ela,19647330109371,Rosa Parks Learning Center,elementary,500,96.4,29.0837,21.9124,3932,23989,27921,20.68,6.41,4.7698,5.1776,1.2324,0.2394,par,2.2958,1.8544,elem|highFRPM|lowPrior,92,1.4542,par,False
growth,ela,19647336018956,Roscoe Elementary,elementary,481,90.8524,20.9821,20.5357,3250,23028,26278,27.8,5.24,4.8285,5.3332,-0.0932,-0.0181,par,1.9941,2.0295,elem|midFRPM|lowPrior,62,1.5814,par,False
growth,ela,19647336018964,Roscomare Road Elementary,elementary,438,10.9589,0.0,7.9787,1061,17511,18572,84.92,0.72,1.7191,1.7378,-1.0178,-0.1977,par,0.3877,0.9357,elem|lowFRPM|highPrior,126,0.867,par,False
growth,ela,19647336018972,Rosemont Avenue Elementary,elementary,157,94.2675,14.6789,12.844,4831,27718,32549,38.33,-3.47,3.63,3.853,-7.323,-1.4223,below par,-1.0661,1.1838,elem|midFRPM|midPrior,72,0.7662,below par,False
growth,ela,19647336018980,Rosewood Avenue Elementary School Urban Planning and Urban Design Magnet,elementary,218,74.3119,4.878,8.9431,2299,25175,27474,48.0,11.35,4.9083,5.2192,6.1308,1.1907,above par,4.1312,1.8997,elem|lowFRPM|highPrior,126,0.867,above par,False
growth,ela,19647336018998,Rowan Avenue Elementary,elementary,598,95.6522,30.0,21.2903,3179,24666,27845,30.2,2.7,2.1346,2.2731,0.4269,0.0829,par,0.9697,0.8163,elem|highFRPM|lowPrior,92,1.4542,par,False
growth,ela,19647330117044,Roy Romer Middle,middle,707,94.0594,15.2672,15.1145,3294,23412,26706,32.09,3.48,4.2496,4.3294,-0.8494,-0.165,par,1.3031,1.6212,secondary|midFRPM|lowPrior,21,1.9012,par,False
growth,ela,19647336061436,Rudecinda Sepulveda Dodson Middle,middle,1337,67.7636,0.9486,7.3518,1848,18517,20365,63.49,8.21,1.3236,1.0208,7.1892,1.3963,above par,4.0314,0.5012,secondary|lowFRPM|highPrior,38,0.4994,above par,False
growth,ela,19647336019004,Russell Elementary,elementary,739,97.429,25.5583,10.1737,2897,22172,25069,36.79,-2.79,2.1352,2.1328,-4.9228,-0.9561,below par,-1.1129,0.8508,elem|highFRPM|midPrior,56,0.6294,below par,False
growth,ela,19647330119701,Sal Castro Middle,middle,276,97.8261,21.0117,12.4514,2732,24008,26740,22.22,12.02,6.0626,6.8392,5.1808,1.0062,above par,4.4951,2.5577,secondary|highFRPM|lowPrior,34,1.8838,above par,False
growth,ela,19647330126375,Sally Ride Elementary: A SMArT Academy,elementary,367,97.0027,38.0208,11.9792,4498,27581,32079,37.3,-4.49,-0.1252,-0.5236,-3.9664,-0.7704,below par,-1.3997,-0.1632,elem|highFRPM|midPrior,56,0.6294,below par,False
growth,ela,19647336058028,Samuel Gompers Middle,middle,406,96.0591,24.9351,15.0649,4779,30639,35418,14.06,11.91,7.4959,7.1214,4.7886,0.9301,above par,3.3627,2.0107,secondary|highFRPM|lowPrior,34,1.8838,above par,False
growth,ela,19647336112411,San Antonio Elementary,elementary,424,93.6321,26.7677,19.1919,2718,27890,30608,37.84,-2.49,1.0334,0.918,-3.408,-0.6619,below par,-0.8135,0.2999,elem|midFRPM|midPrior,72,0.7662,below par,False
growth,ela,19647336019012,San Fernando Elementary,elementary,421,94.2993,24.2857,13.3333,3997,30615,34612,30.92,3.37,3.9464,3.3268,0.0432,0.0084,par,0.9737,0.9612,elem|midFRPM|lowPrior,62,1.5814,par,False
growth,ela,19647330125971,San Fernando Institute of Applied Media,middle,384,90.8854,10.2902,21.372,1349,19444,20793,34.31,-2.12,4.0944,5.421,-7.541,-1.4646,below par,-1.0196,2.6071,secondary|midFRPM|midPrior,25,1.2882,below par,False
growth,ela,19647336058283,San Fernando Middle,middle,442,95.7014,19.8966,18.0879,4709,30650,35359,26.79,2.41,4.4984,3.9913,-1.5813,-0.3071,par,0.6816,1.1288,secondary|highFRPM|lowPrior,34,1.8838,below par,False
growth,ela,19647331937622,San Fernando Senior High,high,1608,93.2214,12.5828,14.2384,2851,21625,24476,36.14,7.9,6.8018,6.6174,1.2826,0.2491,par,3.2277,2.7036,secondary|midFRPM|midPrior,25,1.2882,above par,False
growth,ela,19647336019020,San Gabriel Avenue Elementary,elementary,432,95.6019,20.9756,19.0244,2721,24907,27628,28.45,0.33,4.378,4.7752,-4.4452,-0.8634,below par,0.1194,1.7284,elem|highFRPM|lowPrior,92,1.4542,below par,False
growth,ela,19647336019038,San Jose Street Elementary,elementary,638,69.5925,6.6038,12.5786,2531,18922,21453,49.85,1.09,4.05,4.3857,-3.2957,-0.6401,below par,0.5081,2.0443,elem|lowFRPM|highPrior,126,0.867,par,False
growth,ela,19647336108641,San Miguel Elementary,elementary,677,94.0916,23.4114,11.0368,2852,22907,25759,34.64,0.14,3.3048,3.3211,-3.1811,-0.6178,below par,0.0543,1.2893,elem|midFRPM|midPrior,72,0.7662,par,False
growth,ela,19647336019046,San Pascual Elementary Science Technology Engineering Arts And Mathematics (STEAM) Magnet,elementary,249,76.3052,6.4815,14.8148,2263,22282,24545,39.13,6.24,6.2004,7.0441,-0.8041,-0.1562,par,2.5423,2.8699,elem|lowFRPM|midPrior,38,1.3046,above par,False
growth,ela,19647331937838,San Pedro Senior High,high,2398,77.1476,1.6427,12.9363,2417,19368,21785,59.13,4.53,3.9291,3.4032,1.1268,0.2189,par,2.0794,1.5622,secondary|lowFRPM|highPrior,38,0.4994,above par,False
growth,ela,19647336019053,San Pedro Street Elementary,elementary,403,98.263,20.283,23.1132,3480,23713,27193,36.28,-1.85,1.6211,2.1258,-3.9758,-0.7722,below par,-0.6803,0.7817,elem|highFRPM|midPrior,56,0.6294,below par,False
growth,ela,19647330109447,Santee Education Complex,high,1582,93.426,11.9454,12.2867,2882,21186,24068,49.74,-0.93,3.3799,3.021,-3.951,-0.7674,below par,-0.3864,1.2552,secondary|midFRPM|highPrior,21,0.6234,below par,False
growth,ela,19647336110951,Sara Coughlin Elementary,elementary,409,95.3545,17.3469,16.3265,2687,23231,25918,38.86,1.45,2.4504,2.8938,-1.4438,-0.2804,par,0.5595,1.1165,elem|midFRPM|midPrior,72,0.7662,par,False
growth,ela,19647336019087,Saticoy Elementary,elementary,523,92.1606,34.6614,8.3665,2698,20566,23264,29.67,-0.98,3.3617,3.7886,-4.7686,-0.9262,below par,-0.4213,1.6285,elem|midFRPM|lowPrior,62,1.5814,below par,False
growth,ela,19647336066286,Saturn Street Elementary,elementary,277,92.4188,14.4,26.4,3532,31255,34787,35.34,7.86,3.0564,2.9916,4.8684,0.9456,above par,2.2595,0.86,elem|midFRPM|midPrior,72,0.7662,above par,False
growth,ela,19647330117762,School for the Visual Arts and Humanities,high,512,96.6797,14.0496,13.2231,2336,17322,19658,53.45,6.05,1.7108,2.6192,3.4308,0.6663,above par,3.0776,1.3324,secondary|highFRPM|highPrior,9,-0.7457,above par,True
growth,ela,19647330112029,School of Business and Tourism at Contreras Learning Complex,high,392,99.2347,19.2308,0.0,5141,25641,30782,67.24,-1.86,-1.6114,-2.3826,0.5226,0.1015,par,-0.6042,-0.774,secondary|highFRPM|highPrior,9,-0.7457,par,True
growth,ela,19647330126540,"Science, Technology, Engineering, Arts and Mathematics at Legacy High School Complex",high,524,85.687,0.0,13.2812,4487,19465,23952,68.69,0.84,0.8605,1.0311,-0.1911,-0.0371,par,0.3507,0.4305,secondary|lowFRPM|highPrior,38,0.4994,par,False
growth,ela,19647336019095,Second Street Elementary,elementary,226,98.2301,23.3645,16.8224,3094,29022,32116,29.52,9.73,3.7611,3.9917,5.7383,1.1145,above par,3.0296,1.2429,elem|highFRPM|lowPrior,92,1.4542,above par,False
growth,ela,19647336019111,Serrania Avenue Charter for Enriched Studies,elementary,525,56.381,8.7302,17.8571,1863,19493,21356,50.92,-3.7,4.0966,4.6008,-8.3008,-1.6122,below par,-1.7325,2.1543,elem|lowFRPM|highPrior,126,0.867,below par,False
growth,ela,19647336019129,Seventh Street Elementary Arts Integration Magnet,elementary,306,73.5294,0.0,27.9412,2267,27726,29993,45.38,6.09,4.2729,4.5726,1.5174,0.2947,par,2.0305,1.5245,elem|lowFRPM|midPrior,38,1.3046,par,False
growth,ela,19647336019137,Seventy-Fifth Street Elementary,elementary,752,96.8085,32.381,12.1429,3515,26330,29845,23.28,11.24,4.5663,4.1803,7.0597,1.3712,above par,3.7661,1.4007,elem|highFRPM|lowPrior,92,1.4542,above par,False
growth,ela,19647336019145,Seventy-Fourth Street Elementary,elementary,377,92.5729,10.9827,19.0751,2972,27360,30332,28.41,10.32,6.3109,6.5093,3.8107,0.7401,above par,3.4023,2.146,elem|midFRPM|lowPrior,62,1.5814,above par,False
growth,ela,19647336019152,Sharp Avenue Elementary,elementary,417,97.1223,22.5641,14.359,3838,29574,33412,31.19,7.78,3.7624,3.3392,4.4408,0.8625,above par,2.3285,0.9994,elem|highFRPM|lowPrior,92,1.4542,par,False
growth,ela,19647336019160,Shenandoah Street Elementary,elementary,331,93.3535,20.625,17.5,3352,28740,32092,31.76,3.24,3.9454,3.8919,-0.6519,-0.1266,par,1.0096,1.2127,elem|midFRPM|lowPrior,62,1.5814,par,False
growth,ela,19647336019178,Sheridan Street Elementary,elementary,555,96.036,24.0418,15.6794,4085,24580,28665,28.37,8.22,4.2206,4.2319,3.9881,0.7746,above par,2.8676,1.4763,elem|highFRPM|lowPrior,92,1.4542,above par,False
growth,ela,19647336019186,Sherman Oaks Elementary Charter,elementary,511,42.6614,3.1963,15.9817,1668,22748,24416,59.69,3.78,4.1298,4.0637,-0.2837,-0.0551,par,1.5482,1.6644,elem|lowFRPM|highPrior,126,0.867,par,False
growth,ela,19647336019194,Shirley Avenue Elementary,elementary,410,92.439,19.4286,6.2857,2342,23884,26226,36.94,11.63,4.0766,4.2366,7.3934,1.436,above par,4.4345,1.6154,elem|midFRPM|midPrior,72,0.7662,above par,False
growth,ela,19647336019202,Short Avenue Elementary,elementary,414,28.744,4.0541,16.8919,1230,19896,21126,63.64,13.39,4.1647,4.5155,8.8745,1.7236,above par,6.3382,2.1374,elem|lowFRPM|highPrior,126,0.867,above par,False
growth,ela,19647336019210,Sierra Park Elementary,elementary,240,92.9167,8.7302,34.9206,3718,33235,36953,39.87,-7.33,1.7187,1.6656,-8.9956,-1.7472,below par,-1.9836,0.4507,elem|midFRPM|midPrior,72,0.7662,below par,False
growth,ela,19647336019228,Sierra Vista Elementary,elementary,164,84.1463,0.0,14.8936,3643,26137,29780,65.17,-4.53,-0.6168,-0.4054,-4.1246,-0.8011,below par,-1.5212,-0.1361,elem|lowFRPM|highPrior,126,0.867,below par,False
growth,ela,19647336019236,Sixth Avenue Elementary,elementary,313,90.4153,29.375,16.875,3903,32367,36270,34.81,-4.81,2.0488,1.4138,-6.2238,-1.2088,below par,-1.3262,0.3898,elem|midFRPM|midPrior,72,0.7662,below par,False
growth,ela,19647336019251,Sixty-First Street Elementary,elementary,541,98.8909,32.0312,17.1875,3383,28986,32369,30.24,11.56,1.9641,1.5363,10.0237,1.9468,above par,3.5713,0.4746,elem|highFRPM|lowPrior,92,1.4542,above par,False
growth,ela,19647336019269,Sixty-Sixth Street Elementary,elementary,649,97.8428,12.5326,9.3995,3211,23936,27147,40.97,-2.07,3.1648,2.9902,-5.0602,-0.9828,below par,-0.7625,1.1015,elem|highFRPM|midPrior,56,0.6294,below par,False
growth,ela,19647336019277,Solano Avenue Elementary,elementary,198,68.1818,12.7451,18.6275,2360,25253,27613,66.67,3.92,-2.0069,-1.7493,5.6693,1.1011,above par,1.4196,-0.6335,elem|lowFRPM|highPrior,126,0.867,par,False
growth,ela,19647336019285,Soto Street Elementary,elementary,186,87.0968,12.6316,33.6842,4656,43981,48637,44.76,5.77,0.4723,-0.9614,6.7314,1.3074,above par,1.1863,-0.1977,elem|midFRPM|midPrior,72,0.7662,par,False
growth,ela,19647330109454,South East High,high,1990,92.1106,4.5752,11.329,2452,19062,21514,43.55,13.53,6.4893,6.3744,7.1556,1.3898,above par,6.2889,2.9629,secondary|midFRPM|midPrior,25,1.2882,above par,False
growth,ela,19647336058309,South Gate Middle,middle,1192,93.3725,11.4983,10.6272,2765,20445,23210,37.25,2.99,3.9765,3.9564,-0.9664,-0.1877,par,1.2882,1.7046,secondary|midFRPM|midPrior,25,1.2882,par,False
growth,ela,19647331938307,South Gate Senior High,high,1681,93.7537,5.1873,8.3573,3052,20144,23196,41.78,12.69,7.0762,6.8325,5.8575,1.1377,above par,5.4708,2.9456,secondary|midFRPM|midPrior,25,1.2882,above par,False
growth,ela,19647336019293,South Park Elementary,elementary,825,97.8182,29.8925,12.6882,3010,21750,24760,19.96,4.77,5.7119,5.9511,-1.1811,-0.2294,par,1.9265,2.4035,elem|highFRPM|lowPrior,92,1.4542,par,False
growth,ela,19647330106989,Southeast Middle,middle,1215,94.7325,11.2369,13.0662,2688,20490,23178,30.53,3.7,5.4491,5.5831,-1.8831,-0.3657,par,1.5963,2.4088,secondary|midFRPM|lowPrior,21,1.9012,par,False
growth,ela,19647336019319,Stagg Street Elementary,elementary,413,83.0508,7.6923,7.1429,2375,23566,25941,57.38,-0.24,1.1786,1.1045,-1.3445,-0.2611,par,-0.0925,0.4258,elem|lowFRPM|highPrior,126,0.867,par,False
growth,ela,19647336019327,Stanford Avenue Elementary,elementary,329,96.6565,22.0588,12.7451,3363,24298,27661,41.74,10.71,1.2037,1.4414,9.2686,1.8002,above par,3.8719,0.5211,elem|highFRPM|midPrior,56,0.6294,above par,False
growth,ela,19647330122226,Stanley Mosk Elementary,elementary,490,87.9592,21.0046,14.6119,3285,22191,25476,36.8,4.75,3.3145,3.615,1.135,0.2204,par,1.8645,1.419,elem|midFRPM|midPrior,72,0.7662,above par,False
growth,ela,19647336019335,State Street Elementary,elementary,396,95.202,20.4678,25.731,4225,26229,30454,28.49,6.01,3.7242,4.0043,2.0057,0.3896,par,1.9735,1.3149,elem|midFRPM|lowPrior,62,1.5814,par,False
growth,ela,19647330125989,STEM Academy at Bernstein High,high,599,97.4958,5.8442,9.7403,1920,17737,19657,54.23,6.16,3.1357,3.8881,2.2719,0.4413,par,3.1337,1.978,secondary|highFRPM|highPrior,9,-0.7457,above par,True
growth,ela,19647336058366,Stephen M. White Middle,middle,1423,82.1504,3.0501,13.1445,2135,19623,21758,49.44,1.47,2.7774,2.6781,-1.2081,-0.2346,par,0.6756,1.2308,secondary|lowFRPM|highPrior,38,0.4994,par,False
growth,ela,19647336019343,"Stonehurst Avenue Elementary School Science, Technology, Engineering, Arts and Math Magnet",elementary,289,82.0069,10.8333,15.8333,2134,26614,28748,48.06,8.61,2.3615,2.5124,6.0976,1.1843,above par,2.995,0.8739,elem|lowFRPM|highPrior,126,0.867,above par,False
growth,ela,19647336019350,Stoner Avenue Elementary,elementary,258,94.9612,12.0968,25.8065,3772,27206,30978,27.87,10.84,5.3104,5.8667,4.9733,0.9659,above par,3.4993,1.8938,elem|midFRPM|lowPrior,62,1.5814,above par,False
growth,ela,19647336019368,Strathern Street Elementary,elementary,446,92.6009,22.1698,14.6226,3441,23089,26530,32.2,5.54,3.9482,4.2721,1.2679,0.2463,par,2.0882,1.6103,elem|midFRPM|lowPrior,62,1.5814,par,False
growth,ela,19647336019376,Sunland Elementary,elementary,282,78.7234,8.7591,19.708,2681,28084,30765,39.26,-0.57,4.9859,5.1207,-5.6907,-1.1053,below par,-0.1853,1.6644,elem|lowFRPM|midPrior,38,1.3046,below par,False
growth,ela,19647336019384,Sunny Brae Avenue Elementary,elementary,448,92.4107,20.5,25.0,3259,25822,29081,31.12,0.38,3.3384,3.6286,-3.2486,-0.631,below par,0.1307,1.2478,elem|midFRPM|lowPrior,62,1.5814,below par,False
growth,ela,19647336104822,Sunrise Elementary,elementary,385,97.4026,26.5,21.5,3248,30183,33431,33.52,0.48,1.6426,1.3942,-0.9142,-0.1776,par,0.1436,0.417,elem|highFRPM|midPrior,56,0.6294,par,False
growth,ela,19647336019392,Superior Street Elementary,elementary,470,62.3404,9.375,15.1786,2145,22277,24422,59.28,6.79,1.4426,1.5029,5.2871,1.0269,above par,2.7803,0.6154,elem|lowFRPM|highPrior,126,0.867,above par,False
growth,ela,19647331932383,Susan Miller Dorsey Senior High,high,853,97.4209,13.8122,18.7845,2970,26460,29430,25.0,3.18,8.7938,8.7284,-5.5484,-1.0776,below par,1.0805,2.9658,secondary|highFRPM|lowPrior,34,1.8838,par,False
growth,ela,19647331938554,Sylmar Charter High,high,1463,87.0813,6.7797,13.8983,3079,23489,26568,41.74,8.09,6.8478,6.382,1.708,0.3317,par,3.045,2.4022,secondary|midFRPM|midPrior,25,1.2882,above par,False
growth,ela,19647336019400,Sylmar Elementary,elementary,393,96.1832,17.4603,23.2804,3068,25593,28661,42.7,-9.9,0.5014,0.7626,-10.6626,-2.0709,below par,-3.4542,0.2661,elem|highFRPM|midPrior,56,0.6294,below par,False
growth,ela,19647330126599,Sylmar Leadership Academy,elementary,850,82.5882,12.4352,19.5164,2454,19233,21687,49.02,-0.49,1.2505,1.5928,-2.0828,-0.4045,par,-0.2259,0.7345,elem|lowFRPM|highPrior,126,0.867,below par,False
growth,ela,19647336019418,Sylvan Park Elementary,elementary,643,97.3561,21.1221,12.2112,2968,24700,27668,29.53,15.68,4.6338,4.5869,11.0931,2.1545,above par,5.6672,1.6578,elem|highFRPM|lowPrior,92,1.4542,above par,False
growth,ela,19647331938612,Taft Charter High,high,2221,56.5961,2.1645,12.1212,1602,18712,20314,61.83,3.32,5.1866,4.7079,-1.3879,-0.2696,par,1.6343,2.3176,secondary|lowFRPM|highPrior,38,0.4994,above par,False
growth,ela,19647336019426,Taper Avenue Elementary,elementary,672,50.1488,0.0,10.299,2038,20268,22306,52.66,10.8,6.4832,6.5055,4.2945,0.8341,above par,4.8417,2.9165,elem|lowFRPM|highPrior,126,0.867,above par,False
growth,ela,19647336019434,Tarzana Elementary,elementary,246,99.5935,17.0,12.0,3026,26979,30005,46.73,2.27,0.4871,0.5937,1.6763,0.3256,par,0.7565,0.1979,elem|highFRPM|highPrior,7,1.0248,par,True
growth,ela,19647336019442,Telfair Avenue Elementary,elementary,534,92.3221,22.5681,21.7899,4414,31610,36024,30.97,0.55,3.4046,2.6578,-2.1078,-0.4094,par,0.1527,0.7378,elem|midFRPM|lowPrior,62,1.5814,below par,False
growth,ela,19647336019459,Tenth Street Elementary,elementary,339,96.7552,28.6408,20.3883,3752,25792,29544,19.81,4.46,5.2604,5.7147,-1.2547,-0.2437,par,1.5096,1.9343,elem|highFRPM|lowPrior,92,1.4542,par,False
growth,ela,19647336107411,Teresa Hughes Elementary,elementary,515,96.699,14.539,18.7943,3324,22031,25355,39.72,2.48,2.2334,2.6589,-0.1789,-0.0348,par,0.9781,1.0487,elem|highFRPM|midPrior,56,0.6294,par,False
growth,ela,19647331937424,Theodore Roosevelt Senior High,high,1678,96.3051,13.9665,13.9665,2687,20406,23093,48.06,-3.37,3.0359,2.8255,-6.1955,-1.2033,below par,-1.4593,1.2235,secondary|highFRPM|highPrior,9,-0.7457,par,True
growth,ela,19647336019467,Third Street Elementary,elementary,717,51.1855,5.3459,3.7736,1102,19115,20217,89.04,-1.62,-3.7228,-4.1844,2.5644,0.4981,par,-0.8013,-2.0697,elem|lowFRPM|highPrior,126,0.867,below par,False
growth,ela,19647336061444,Thomas A. Edison Middle,middle,837,98.6858,14.3406,17.7977,3138,24179,27317,25.74,2.69,5.3707,5.4499,-2.7599,-0.536,below par,0.9847,1.9951,secondary|highFRPM|lowPrior,34,1.8838,par,False
growth,ela,19647331934371,Thomas Jefferson Senior High,high,564,98.9362,23.4848,13.6364,4694,27548,32242,38.17,5.01,4.0974,3.6241,1.3859,0.2692,par,1.5539,1.124,secondary|highFRPM|midPrior,18,1.174,par,False
growth,ela,19647336019509,Toland Way Elementary,elementary,218,85.3211,12.5,16.6667,2769,29543,32312,36.07,11.85,4.9937,5.1073,6.7427,1.3096,above par,3.6674,1.5806,elem|lowFRPM|midPrior,38,1.3046,above par,False
growth,ela,19647336019517,Toluca Lake Elementary,elementary,503,65.4076,3.9409,19.2118,2117,25938,28055,55.11,6.96,2.7021,2.4831,4.4769,0.8695,above par,2.4808,0.8851,elem|lowFRPM|highPrior,126,0.867,above par,False
growth,ela,19647336019525,Topanga Elementary Charter,elementary,232,25.8621,0.0,7.5269,1645,23388,25033,80.0,1.72,1.7474,1.5652,0.1548,0.0301,par,0.6871,0.6252,elem|lowFRPM|highPrior,126,0.867,par,False
growth,ela,19647336019533,Topeka Charter School for Advanced Studies,elementary,610,44.0984,4.8327,20.4461,1218,22047,23265,67.26,3.37,1.1166,1.0717,2.2983,0.4464,par,1.4485,0.4607,elem|lowFRPM|highPrior,126,0.867,par,False
growth,ela,19647336019541,Towne Avenue Elementary,elementary,288,81.5972,5.2632,14.2857,3307,25047,28354,45.8,4.58,4.104,4.3237,0.2563,0.0498,par,1.6153,1.5249,elem|lowFRPM|midPrior,38,1.3046,par,False
growth,ela,19647336019558,Trinity Street Elementary,elementary,185,98.3784,30.0,16.1538,6697,35884,42581,21.85,3.53,4.8713,4.0422,-0.5122,-0.0995,par,0.829,0.9493,elem|highFRPM|lowPrior,92,1.4542,par,False
growth,ela,19647336019566,Tulsa Street Elementary,elementary,406,76.601,4.5685,14.7208,2177,20764,22941,42.21,7.54,5.5994,6.2718,1.2682,0.2463,par,3.2867,2.7339,elem|lowFRPM|midPrior,38,1.3046,above par,False
growth,ela,19647336019574,Tweedy Elementary,elementary,471,90.2335,21.7391,15.4589,3093,23124,26217,30.54,6.66,4.6002,4.9568,1.7032,0.3308,par,2.5403,1.8907,elem|midFRPM|lowPrior,62,1.5814,par,False
growth,ela,19647336019582,Twentieth Street Elementary,elementary,499,95.5912,25.9912,17.1806,3020,23284,26304,37.78,1.43,1.2025,1.4603,-0.0303,-0.0059,par,0.5436,0.5552,elem|highFRPM|midPrior,56,0.6294,par,False
growth,ela,19647336019590,Twenty-Eighth Street Elementary,elementary,459,98.4749,32.4324,18.018,4296,28596,32892,25.61,-5.34,3.1303,2.8314,-8.1714,-1.5871,below par,-1.6235,0.8608,elem|highFRPM|lowPrior,92,1.4542,below par,False
growth,ela,19647336019608,Twenty-Fourth Street Elementary,elementary,441,97.5057,32.0225,15.1685,3221,30959,34180,41.1,7.21,-0.6283,-1.3453,8.5553,1.6616,above par,2.1094,-0.3936,elem|highFRPM|midPrior,56,0.6294,above par,False
growth,ela,19647336019616,Two Hundred Thirty-Second Place Elementary,elementary,413,64.6489,2.1505,15.0538,2274,20462,22736,59.69,4.83,2.3076,2.6974,2.1326,0.4142,par,2.1244,1.1864,elem|lowFRPM|highPrior,126,0.867,above par,False
growth,ela,19647330119693,UCLA Community K-12,k12,887,97.2943,29.6984,16.2413,3751,20958,24709,32.82,1.29,0.9891,1.2314,0.0586,0.0114,par,0.5221,0.4984,secondary|highFRPM|midPrior,18,1.174,par,False
growth,ela,19647331933795,Ulysses S. Grant Senior High,high,1774,94.7012,13.0208,9.8958,2712,19722,22434,61.7,1.84,0.0643,-0.4001,2.2401,0.4351,par,0.8202,-0.1783,secondary|midFRPM|highPrior,21,0.6234,par,False
growth,ela,19647336019624,Union Avenue Elementary,elementary,809,93.9431,36.0526,12.8947,3067,20329,23396,39.13,-2.02,-0.1969,-0.0986,-1.9214,-0.3732,par,-0.8634,-0.0422,elem|midFRPM|midPrior,72,0.7662,below par,False
growth,ela,19647331938885,University High School Charter,high,1385,72.2744,4.1237,13.7457,2272,21250,23522,54.83,-2.6,5.1376,4.8125,-7.4125,-1.4397,below par,-1.1053,2.046,secondary|lowFRPM|highPrior,38,0.4994,below par,False
growth,ela,19647336019632,Utah Street Elementary,elementary,360,95.5556,15.7676,24.4813,3436,37478,40914,35.24,-1.22,2.7543,1.7451,-2.9651,-0.5759,below par,-0.2982,0.4265,elem|highFRPM|midPrior,56,0.6294,par,False
growth,ela,19647336019640,Valerio Street Elementary,elementary,645,97.5194,28.8136,14.5763,3904,27212,31116,32.46,0.08,2.2927,1.8098,-1.7298,-0.336,par,0.0257,0.5816,elem|highFRPM|midPrior,56,0.6294,par,False
growth,ela,19647330124362,Valley Academy of Arts and Sciences,high,757,72.391,0.0,21.9178,2287,24292,26579,59.28,7.16,3.6935,3.5664,3.5936,0.698,above par,2.6939,1.3418,secondary|lowFRPM|highPrior,38,0.4994,above par,False
growth,ela,19647336019657,Valley View Elementary,elementary,151,42.3841,14.0625,7.8125,2251,24608,26859,80.65,-19.71,-2.2971,-2.384,-17.326,-3.3651,below par,-7.3383,-0.8876,elem|lowFRPM|highPrior,126,0.867,below par,False
growth,ela,19647336019665,Van Deene Avenue Elementary,elementary,320,80.3125,7.6471,12.3529,2803,23176,25979,47.65,12.35,3.5453,3.8863,8.4637,1.6438,above par,4.7538,1.4959,elem|lowFRPM|highPrior,126,0.867,above par,False
growth,ela,19647336019673,Van Gogh Charter,elementary,456,48.9035,1.99,10.4478,1836,19506,21342,71.13,2.0,1.2331,1.359,0.641,0.1245,par,0.9371,0.6368,elem|lowFRPM|highPrior,126,0.867,par,False
growth,ela,19647336019681,Van Ness Avenue Elementary,elementary,189,83.0688,9.7561,29.2683,3648,42158,45806,45.21,-13.5,1.711,0.4826,-13.9826,-2.7157,below par,-2.9472,0.1053,elem|lowFRPM|midPrior,38,1.3046,below par,False
growth,ela,19647336019699,Van Nuys Elementary,elementary,459,96.9499,31.6742,17.6471,3151,24712,27863,34.62,-1.14,0.9707,1.1336,-2.2736,-0.4416,par,-0.4091,0.4068,elem|highFRPM|midPrior,56,0.6294,below par,False
growth,ela,19647336058333,Van Nuys Middle,middle,726,92.8375,15.3738,17.2073,3156,23161,26317,37.17,3.17,2.7124,2.7929,0.3771,0.0732,par,1.2045,1.0613,secondary|midFRPM|midPrior,25,1.2882,par,False
growth,ela,19647331938968,Van Nuys Senior High,high,1969,84.967,12.766,9.3617,2627,19375,22002,54.33,2.05,3.1179,2.6699,-0.6199,-0.1204,par,0.9317,1.2135,secondary|lowFRPM|highPrior,38,0.4994,par,False
growth,ela,19647336019707,Vanalden Avenue Elementary,elementary,369,88.0759,23.6686,20.1183,3011,28214,31225,41.62,-5.53,0.9421,0.7985,-6.3285,-1.2291,below par,-1.771,0.2557,elem|midFRPM|midPrior,72,0.7662,below par,False
growth,ela,19647336019723,Vena Avenue Elementary,elementary,464,79.3103,7.3733,15.2074,2523,23305,25828,64.49,-5.96,-1.3004,-1.3633,-4.5967,-0.8928,below par,-2.3076,-0.5278,elem|lowFRPM|highPrior,126,0.867,below par,False
growth,ela,19647331939040,Venice Senior High,high,2293,64.7187,1.9157,8.6207,1901,18479,20380,62.53,6.44,4.6517,4.0973,2.3427,0.455,par,3.16,2.0105,secondary|lowFRPM|highPrior,38,0.4994,above par,False
growth,ela,19647331939107,Verdugo Hills Senior High,high,1195,83.682,7.8853,15.0538,2520,22103,24623,69.02,-4.5,-0.603,-1.0801,-3.4199,-0.6642,below par,-1.8276,-0.4386,secondary|lowFRPM|highPrior,38,0.4994,below par,False
growth,ela,19647336019731,Vermont Avenue Elementary,elementary,342,90.6433,23.4568,22.8395,3723,27342,31065,46.15,12.49,-0.82,-0.8746,13.3646,2.5957,above par,4.0206,-0.2815,elem|midFRPM|midPrior,72,0.7662,above par,False
growth,ela,19647336019749,Vernon City Elementary,elementary,134,95.5224,12.987,20.7792,3739,39045,42784,52.17,7.57,-0.9124,-1.7948,9.3648,1.8188,above par,1.7694,-0.4195,elem|highFRPM|highPrior,7,1.0248,par,True
growth,ela,19647336019756,Victoria Avenue Elementary,elementary,272,97.4265,21.7391,26.8116,3604,28334,31938,45.45,8.9,-1.4378,-1.288,10.188,1.9787,above par,2.7866,-0.4033,elem|highFRPM|midPrior,56,0.6294,above par,False
growth,ela,19647336019764,Victory Boulevard Elementary,elementary,466,91.8455,18.1818,20.9091,3407,25643,29050,51.3,-4.48,-1.3013,-1.409,-3.071,-0.5965,below par,-1.5422,-0.485,elem|midFRPM|highPrior,15,-0.4298,below par,False
growth,ela,19647336019772,Vine Street Elementary,elementary,237,91.1392,20.4545,24.2424,3780,37707,41487,41.79,2.91,0.6909,-0.2524,3.1624,0.6142,above par,0.7014,-0.0608,elem|midFRPM|midPrior,72,0.7662,par,False
growth,ela,19647336019780,Vinedale College Preparatory Academy,elementary,207,90.8213,19.084,20.6107,2654,33620,36274,25.76,0.96,5.7747,5.689,-4.729,-0.9185,below par,0.2647,1.5683,elem|midFRPM|lowPrior,62,1.5814,below par,False
growth,ela,19647336058341,Virgil Middle,middle,975,96.0,18.2309,11.9741,2564,21348,23912,41.86,1.51,1.23,1.2112,0.2988,0.058,par,0.6315,0.5065,secondary|highFRPM|midPrior,18,1.174,par,False
growth,ela,19647336019806,Virginia Road Elementary,elementary,217,95.3917,23.913,9.7826,3768,32544,36312,37.78,8.96,2.4939,1.9422,7.0178,1.363,above par,2.4675,0.5349,elem|midFRPM|midPrior,72,0.7662,above par,False
growth,ela,19647330122200,Vista del Valle Dual Language Academy,elementary,416,77.4038,17.9487,10.2564,2872,22056,24928,46.29,0.89,2.742,2.9324,-2.0424,-0.3967,par,0.357,1.1763,elem|lowFRPM|midPrior,38,1.3046,par,False
growth,ela,19647330106971,Vista Middle,middle,1080,96.7593,20.8333,13.6628,2827,22109,24936,29.29,5.69,3.9791,3.978,1.712,0.3325,par,2.2818,1.5953,secondary|highFRPM|lowPrior,34,1.8838,par,False
growth,ela,19647330126557,Visual and Performing Arts at Legacy High School Complex,high,411,90.0243,7.0,16.0,1470,20101,21571,38.89,13.11,7.1945,8.2898,4.8202,0.9362,above par,6.0776,3.843,secondary|midFRPM|midPrior,25,1.2882,above par,False
growth,ela,19647336019814,Wadsworth Avenue Elementary,elementary,506,96.2451,31.0204,17.9592,3978,27796,31774,20.16,4.33,5.0672,4.9057,-0.5757,-0.1118,par,1.3627,1.5439,elem|highFRPM|lowPrior,92,1.4542,par,False
growth,ela,19647336019822,Walgrove Avenue Elementary,elementary,271,38.7454,3.6697,33.945,1987,28016,30003,50.47,0.91,4.955,5.1881,-4.2781,-0.8309,below par,0.3033,1.7292,elem|lowFRPM|highPrior,126,0.867,par,False
growth,ela,19647336110977,Walnut Park Elementary,elementary,555,95.3153,21.2851,13.6546,2674,23395,26069,36.93,-0.79,2.6218,2.784,-3.574,-0.6941,below par,-0.303,1.0679,elem|midFRPM|midPrior,72,0.7662,below par,False
growth,ela,19647330126458,Walnut Park Middle A School of Social Justice and Service Learning,middle,371,92.4528,14.7309,10.7649,3925,21307,25232,47.78,-1.89,0.751,1.1085,-2.9985,-0.5824,below par,-0.749,0.4393,secondary|midFRPM|highPrior,21,0.6234,below par,False
growth,ela,19647330126466,"Walnut Park Middle B Science, Technology, Engineering and Mathematics Academy",middle,365,94.7945,14.9584,14.1274,1555,18431,19986,39.33,4.16,2.4215,3.6318,0.5282,0.1026,par,2.0815,1.8172,secondary|midFRPM|midPrior,25,1.2882,par,False
growth,ela,19647336062699,Walter Reed Middle,middle,1580,57.4684,4.9935,9.6628,1611,16171,17782,62.53,4.01,1.6403,1.5241,2.4859,0.4828,par,2.2551,0.8571,secondary|lowFRPM|highPrior,38,0.4994,above par,False
growth,ela,19647336019830,Warner Avenue Elementary,elementary,545,12.844,0.0,7.2581,1009,17361,18370,83.06,0.41,2.109,2.0244,-1.6144,-0.3135,par,0.2232,1.102,elem|lowFRPM|highPrior,126,0.867,par,False
growth,ela,19647336019848,Weigand Avenue Elementary,elementary,290,100.0,6.4748,10.0719,3163,23767,26930,34.62,9.26,5.6854,6.2274,3.0326,0.589,above par,3.4385,2.3124,elem|highFRPM|midPrior,56,0.6294,above par,False
growth,ela,19647336019855,Welby Way Charter Elementary School And Gifted-High Ability Magnet,elementary,755,28.6093,1.9231,7.4519,987,17946,18933,81.71,-0.22,0.5924,0.3273,-0.5473,-0.1063,par,-0.1162,0.1729,elem|lowFRPM|highPrior,126,0.867,par,False
growth,ela,19647330114850,West Adams Preparatory High,high,942,97.6645,20.3046,13.198,3226,24099,27325,34.89,2.17,5.6359,5.4501,-3.2801,-0.6371,below par,0.7941,1.9946,secondary|highFRPM|midPrior,18,1.174,par,False
growth,ela,19647336019863,West Athens Elementary,elementary,545,97.4312,29.6875,11.7188,3250,23797,27047,21.22,1.83,5.5896,5.7913,-3.9613,-0.7694,below par,0.6766,2.1412,elem|highFRPM|lowPrior,92,1.4542,par,False
growth,ela,19647336019871,West Hollywood Elementary,elementary,313,48.2428,10.3448,6.8966,1491,19886,21377,76.56,-11.04,-1.1031,-0.9361,-10.1039,-1.9624,below par,-5.1644,-0.4379,elem|lowFRPM|highPrior,126,0.867,below par,False
growth,ela,19647336019889,West Vernon Avenue Elementary,elementary,470,98.9362,31.3008,13.0081,3368,22625,25993,34.85,6.21,1.3085,1.5769,4.6331,0.8999,above par,2.3891,0.6067,elem|highFRPM|midPrior,56,0.6294,above par,False
growth,ela,19647336019913,Westminster Avenue Elementary,elementary,367,77.6567,2.809,25.2809,2778,28516,31294,54.91,3.52,1.092,0.925,2.595,0.504,above par,1.1248,0.2956,elem|lowFRPM|highPrior,126,0.867,par,False
growth,ela,19647336019921,Westport Heights Elementary,elementary,166,81.9277,7.1429,13.0952,2778,28443,31221,44.3,-10.97,4.3705,4.6024,-15.5724,-3.0245,below par,-3.5137,1.4741,elem|lowFRPM|midPrior,38,1.3046,below par,False
growth,ela,19647336019939,Westwood Charter Elementary,elementary,670,19.5522,2.7972,15.035,902,18051,18953,72.95,3.27,2.8662,2.9296,0.3404,0.0661,par,1.7253,1.5457,elem|lowFRPM|highPrior,126,0.867,par,False
growth,ela,19647336019947,White Point Elementary,elementary,314,38.8535,3.3058,10.7438,832,24268,25100,58.12,7.17,5.5617,5.6132,1.5568,0.3024,par,2.8566,2.2364,elem|lowFRPM|highPrior,126,0.867,above par,False
growth,ela,19647336019954,Wilbur Charter for Enriched Academics,elementary,564,38.4752,6.2257,19.8444,1602,21852,23454,61.74,0.52,3.0245,3.033,-2.513,-0.4881,par,0.2217,1.2932,elem|lowFRPM|highPrior,126,0.867,par,False
growth,ela,19647330112011,William Jefferson Clinton Middle,middle,622,98.3923,21.7317,14.9406,3237,24348,27585,26.27,-1.65,4.4122,4.5439,-6.1939,-1.203,below par,-0.5982,1.6473,secondary|highFRPM|lowPrior,34,1.8838,below par,False
growth,ela,19647336058184,William Mulholland Middle,middle,1098,93.5337,12.8302,18.3962,2865,20486,23351,38.61,1.11,2.485,2.6677,-1.5577,-0.3025,par,0.4754,1.1424,secondary|midFRPM|midPrior,25,1.2882,par,False
growth,ela,19647336017446,William R. Anton Elementary,elementary,453,97.5717,20.614,12.2807,4064,31271,35335,36.24,2.8,2.881,2.0623,0.7377,0.1433,par,0.7924,0.5836,elem|highFRPM|midPrior,56,0.6294,par,False
growth,ela,19647330126409,Willow Elementary,elementary,420,93.3333,18.8119,9.901,3153,23439,26592,43.46,6.04,1.8825,1.9871,4.0529,0.7872,above par,2.2714,0.7473,elem|midFRPM|midPrior,72,0.7662,above par,False
growth,ela,19647336019962,Wilmington Park Elementary,elementary,472,95.9746,18.2979,19.5745,4165,28330,32495,30.08,6.94,4.2573,4.0175,2.9225,0.5676,above par,2.1357,1.2364,elem|highFRPM|lowPrior,92,1.4542,par,False
growth,ela,19647336019970,Wilshire Crest Elementary,elementary,154,78.5714,10.2041,18.3673,3342,34934,38276,30.0,16.94,7.5216,7.2532,9.6868,1.8814,above par,4.4257,1.895,elem|lowFRPM|lowPrior,6,2.1866,above par,True
growth,ela,19647330112003,Wilshire Park Elementary,elementary,329,86.6261,25.3333,25.3333,3447,23648,27095,54.29,-1.62,-3.2544,-2.8936,1.2736,0.2474,par,-0.5979,-1.068,elem|lowFRPM|highPrior,126,0.867,below par,False
growth,ela,19647336019988,Wilton Place Elementary,elementary,297,93.9394,28.8591,15.4362,4065,35475,39540,31.54,10.07,2.861,1.9036,8.1664,1.5861,above par,2.5468,0.4814,elem|midFRPM|lowPrior,62,1.5814,par,False
growth,ela,19647336020002,Winnetka Avenue Elementary,elementary,306,92.8105,24.4604,20.8633,3176,24644,27820,31.65,0.72,3.0258,3.5984,-2.8784,-0.559,below par,0.2588,1.2934,elem|midFRPM|lowPrior,62,1.5814,below par,False
growth,ela,19647330122150,Wisdom Elementary,elementary,648,97.6852,29.3151,12.3288,3049,21438,24487,31.98,3.91,2.5854,2.8443,1.0657,0.207,par,1.5968,1.1615,elem|highFRPM|lowPrior,92,1.4542,par,False
growth,ela,19647336020010,Wonderland Avenue Elementary,elementary,435,26.6667,0.0,11.2,1244,19973,21217,92.86,-2.86,-2.3447,-2.5795,-0.2805,-0.0545,par,-1.348,-1.2158,elem|lowFRPM|highPrior,126,0.867,below par,False
growth,ela,19647336020028,Woodcrest Elementary,elementary,611,98.6907,21.4286,8.9286,3461,22820,26281,26.43,7.14,5.6892,5.8128,1.3272,0.2578,par,2.7168,2.2118,elem|highFRPM|lowPrior,92,1.4542,above par,False
growth,ela,19647336020036,Woodlake Elementary Community Charter,elementary,561,45.8111,4.3478,12.6482,1190,18590,19780,60.42,-3.5,3.8135,4.1614,-7.6614,-1.488,below par,-1.7695,2.1038,elem|lowFRPM|highPrior,126,0.867,below par,False
growth,ela,19647336061568,Woodland Hills Academy,middle,607,82.7018,15.9396,15.1007,2295,22415,24710,31.88,4.7,5.31,5.6645,-0.9645,-0.1873,par,1.9021,2.2924,secondary|lowFRPM|lowPrior,2,3.4745,below par,True
growth,ela,19647336020044,Woodland Hills Elementary Charter for Enriched Studies,elementary,621,30.5958,2.7559,7.874,1380,17918,19298,70.94,1.89,3.1919,3.1838,-1.2938,-0.2513,par,0.9794,1.6498,elem|lowFRPM|highPrior,126,0.867,par,False
growth,ela,19647336020051,Woodlawn Avenue Elementary,elementary,523,92.1606,29.7959,16.7347,3431,22507,25938,29.84,6.08,3.1412,3.4731,2.6069,0.5063,above par,2.3441,1.339,elem|midFRPM|lowPrior,62,1.5814,par,False
growth,ela,19647331939859,Woodrow Wilson Senior High,high,1260,93.9683,5.0909,12.7273,3036,24907,27943,60.14,7.13,1.5583,0.7899,6.3401,1.2314,above par,2.5516,0.2827,secondary|midFRPM|highPrior,21,0.6234,above par,False
growth,ela,19647336017677,YES Academy,elementary,462,96.9697,25.0,19.6429,4072,30838,34910,17.49,4.83,6.5225,6.1591,-1.3291,-0.2581,par,1.3836,1.7643,elem|highFRPM|lowPrior,92,1.4542,par,False
growth,ela,19647336020069,Yorkdale Elementary,elementary,205,82.9268,16.3265,25.5102,3134,25682,28816,36.27,-1.58,3.5361,4.2896,-5.8696,-1.14,below par,-0.5483,1.4886,elem|lowFRPM|midPrior,38,1.3046,below par,False
growth,ela,19647330119735,Young Oak Kim Academy,middle,715,98.6014,16.573,10.9551,2746,19571,22317,37.7,1.06,2.5381,2.9763,-1.9163,-0.3722,par,0.475,1.3336,secondary|highFRPM|midPrior,18,1.174,par,False
growth,math,19647331935121,Abraham Lincoln Senior High,high,913,89.3757,6.7961,14.0777,2396,23896,26292,48.17,-0.85,-0.6948,-0.7761,-0.0739,-0.0134,par,-0.3233,-0.2952,secondary|midFRPM|highPrior,2,3.3169,below par,True
growth,math,19647330126615,Academies of Education and Empowerment at Carson High,high,474,77.8481,3.3333,17.5,1447,18885,20332,10.34,5.49,8.3902,8.5579,-3.0679,-0.5571,below par,2.7002,4.2091,secondary|lowFRPM|lowPrior,9,1.3921,above par,True
growth,math,19647330125096,Academy for Enriched Sciences,elementary,291,30.9278,2.7027,15.5405,1832,23621,25453,76.43,1.95,0.005,-0.0183,1.9683,0.3574,par,0.7661,-0.0072,elem|lowFRPM|highPrior,134,0.6039,par,False
growth,math,19647330126623,Academy of Medical Arts at Carson High,high,438,80.8219,4.5872,3.6697,1447,17397,18844,25.81,9.05,6.2044,6.3281,2.7219,0.4942,par,4.8026,3.3582,secondary|lowFRPM|midPrior,18,1.5213,above par,False
growth,math,19647336015705,Albion Street Elementary,elementary,121,90.0826,10.3896,24.6753,4290,43717,48007,24.0,2.92,5.8873,5.7209,-2.8009,-0.5086,below par,0.6082,1.1917,elem|midFRPM|lowPrior,31,1.4856,par,False
growth,math,19647336015713,Aldama Elementary,elementary,329,74.1641,16.4634,17.0732,2480,26091,28571,31.11,9.74,5.234,5.2652,4.4748,0.8125,above par,3.4091,1.8429,elem|lowFRPM|midPrior,33,1.5895,above par,False
growth,math,19647336057996,Alexander Fleming Middle,middle,1110,88.8288,7.1085,14.7935,2293,20624,22917,31.96,5.08,3.0885,3.0999,1.9801,0.3596,par,2.2167,1.3527,secondary|midFRPM|midPrior,9,1.2611,par,True
growth,math,19647331933852,Alexander Hamilton Senior High,high,2055,76.0584,1.5487,10.8407,1980,20486,22466,22.41,0.94,6.4153,6.3396,-5.3996,-0.9805,below par,0.4184,2.8219,secondary|lowFRPM|lowPrior,9,1.3921,par,True
growth,math,19647336015721,Alexandria Avenue Elementary,elementary,502,92.2311,23.9669,14.4628,3322,25303,28625,38.4,15.97,1.8224,1.8017,14.1683,2.5727,above par,5.579,0.6294,elem|midFRPM|highPrior,35,-0.2349,above par,False
growth,math,19647336061543,Alfred B. Nobel Charter Middle,middle,1784,57.0628,2.8555,7.5957,1793,19021,20814,62.95,3.28,-0.4262,-0.5408,3.8208,0.6938,above par,1.5759,-0.2598,secondary|lowFRPM|highPrior,20,1.1095,par,False
growth,math,19647336015739,Allesandro Elementary,elementary,267,85.0187,4.3796,17.5182,3028,23556,26584,58.62,-6.07,-0.0213,0.0402,-6.1102,-1.1095,below par,-2.2833,0.0151,elem|lowFRPM|highPrior,134,0.6039,below par,False
growth,math,19647330122184,Alta California Elementary,elementary,588,96.4286,27.4566,14.7399,3283,22282,25565,40.06,6.31,0.7325,0.7542,5.5558,1.0088,above par,2.4682,0.295,elem|highFRPM|highPrior,24,1.1554,above par,False
growth,math,19647336015747,Alta Loma Elementary,elementary,381,89.7638,17.4863,17.4863,3867,26469,30336,27.72,-0.15,4.7608,4.7676,-4.9176,-0.8929,below par,-0.0494,1.5716,elem|midFRPM|midPrior,83,1.1066,below par,False
growth,math,19647330121103,Ambassador School-Global Education,elementary,332,94.8795,44.8718,18.5897,5976,23875,29851,18.6,0.42,3.2476,3.2929,-2.8729,-0.5217,below par,0.1407,1.1031,elem|midFRPM|lowPrior,31,1.4856,below par,False
growth,math,19647330121095,Ambassador-Global Leadership,k12,472,97.6695,22.2222,14.5299,2411,20562,22973,15.66,14.25,4.4845,4.6266,9.6234,1.7474,above par,6.2029,2.0139,secondary|highFRPM|lowPrior,57,1.6883,above par,False
growth,math,19647336015754,Ambler Avenue Elementary,elementary,445,80.8989,0.0,17.1946,2300,26161,28461,32.05,-1.73,6.3476,6.3619,-8.0919,-1.4694,below par,-0.6078,2.2353,elem|lowFRPM|midPrior,33,1.5895,below par,False
growth,math,19647336015762,Amestoy Elementary,elementary,623,86.6774,9.5847,14.6965,2422,19616,22038,43.89,6.27,2.5272,2.5989,3.6711,0.6666,above par,2.8451,1.1793,elem|midFRPM|highPrior,35,-0.2349,above par,False
growth,math,19647336015770,Anatola Avenue Elementary,elementary,269,87.3606,14.2857,19.8413,3460,24963,28423,26.24,5.51,5.4383,5.5284,-0.0184,-0.0033,par,1.9386,1.945,elem|midFRPM|midPrior,83,1.1066,par,False
growth,math,19647336015796,Andasol Avenue Elementary,elementary,411,75.6691,9.5541,7.6433,2390,24661,27051,45.4,3.05,3.7676,3.7454,-0.6954,-0.1263,par,1.1275,1.3846,elem|lowFRPM|highPrior,134,0.6039,par,False
growth,math,19647330122218,Andres and Maria Cardenas Elementary,elementary,423,96.9267,27.5676,17.2973,3156,25674,28830,23.67,-5.72,4.0336,4.0676,-9.7876,-1.7773,below par,-1.984,1.4109,elem|highFRPM|lowPrior,62,1.3806,below par,False
growth,math,19647336057913,Andrew Carnegie Middle,middle,843,84.9348,5.1059,14.6949,2458,23251,25709,26.33,7.25,4.8589,4.8526,2.3974,0.4353,par,2.82,1.8875,secondary|lowFRPM|midPrior,18,1.5213,above par,False
growth,math,19647336015804,Angeles Mesa Elementary,elementary,297,95.6229,21.3592,15.534,3411,30293,33704,23.85,0.91,5.0541,5.0272,-4.1172,-0.7476,below par,0.27,1.4916,elem|highFRPM|lowPrior,62,1.3806,below par,False
growth,math,19647336015812,Ann Street Elementary,elementary,79,96.2025,11.1111,16.6667,6725,47605,54330,27.03,-10.36,5.716,5.444,-15.804,-2.8698,below par,-1.9069,1.002,elem|highFRPM|midPrior,69,1.1087,below par,False
growth,math,19647336015820,Annalee Avenue Elementary,elementary,194,77.8351,0.0,10.0,2413,32803,35216,46.94,-8.94,4.3202,4.2363,-13.1763,-2.3926,below par,-2.5386,1.2029,elem|lowFRPM|highPrior,134,0.6039,below par,False
growth,math,19647336015838,Annandale Elementary,elementary,90,88.8889,0.0,22.2222,3237,42861,46098,21.05,-1.61,8.0993,7.9979,-9.6079,-1.7446,below par,-0.3493,1.735,elem|midFRPM|lowPrior,31,1.4856,below par,False
growth,math,19647336015846,Apperson Street Elementary,elementary,355,65.6338,4.6667,12.6667,2075,20929,23004,49.68,6.53,3.5522,3.6256,2.9044,0.5274,above par,2.8386,1.5761,elem|lowFRPM|highPrior,134,0.6039,above par,False
growth,math,19647336015853,Aragon Avenue Elementary,elementary,205,95.122,30.0885,17.6991,5745,28347,34092,31.78,3.0,2.2748,2.2706,0.7294,0.1324,par,0.88,0.666,elem|midFRPM|midPrior,83,1.1066,par,False
growth,math,19647330112045,Arleta High,high,1038,88.921,7.3643,17.8295,3064,21154,24218,10.8,-0.76,6.8817,6.905,-7.665,-1.3918,below par,-0.3138,2.8512,secondary|midFRPM|lowPrior,56,1.9054,below par,False
growth,math,19647336015861,Arlington Heights Elementary,elementary,308,96.7532,34.2657,18.8811,4435,26006,30441,18.71,4.11,4.2804,4.3296,-0.2196,-0.0399,par,1.3502,1.4223,elem|highFRPM|lowPrior,62,1.3806,par,False
growth,math,19647336015879,Arminta Street Elementary,elementary,317,93.6909,17.6829,19.5122,3753,30493,34246,30.73,2.8,3.6747,3.6344,-0.8344,-0.1515,par,0.8176,1.0613,elem|midFRPM|midPrior,83,1.1066,par,False
growth,math,19647336015887,Ascot Avenue Elementary,elementary,610,97.541,24.8276,16.8966,3170,23929,27099,37.38,6.8,1.2954,1.3,5.5,0.9987,above par,2.5093,0.4797,elem|highFRPM|midPrior,69,1.1087,above par,False
growth,math,19647336015895,Atwater Avenue Elementary,elementary,332,60.241,9.396,19.4631,2001,26766,28767,48.63,5.73,2.8999,2.8936,2.8364,0.515,above par,1.9919,1.0059,elem|lowFRPM|highPrior,134,0.6039,above par,False
growth,math,19647336061394,Audubon Middle,middle,446,93.0493,11.7506,18.2254,3413,34445,37858,12.81,2.5,6.3003,6.1761,-3.6761,-0.6675,below par,0.6604,1.6314,secondary|midFRPM|lowPrior,56,1.9054,below par,False
growth,math,19647330126482,Augustus Hawkins High,high,1122,98.4848,21.0332,10.3321,2522,22059,24581,6.0,15.03,6.5344,6.5254,8.5046,1.5443,above par,6.1145,2.6546,secondary|highFRPM|lowPrior,57,1.6883,above par,False
growth,math,19647330109348,Aurora Elementary,elementary,304,97.0395,24.6835,17.0886,4516,28109,32625,18.9,11.96,5.4859,5.4919,6.4681,1.1745,above par,3.6659,1.6833,elem|highFRPM|lowPrior,62,1.3806,above par,False
growth,math,19647336015903,Avalon Gardens Elementary,elementary,171,93.5673,10.2564,14.1026,3326,33793,37119,21.05,-2.63,7.3305,7.2985,-9.9285,-1.8028,below par,-0.7085,1.9662,elem|midFRPM|lowPrior,31,1.4856,below par,False
growth,math,19647336015929,Baldwin Hills Elementary,elementary,417,76.259,0.0,13.0208,1922,23125,25047,36.84,-0.05,6.0721,6.1271,-6.1771,-1.1217,below par,-0.02,2.4462,elem|lowFRPM|midPrior,33,1.5895,below par,False
growth,math,19647336015945,Bandini Street Elementary,elementary,232,87.5,9.0909,17.0455,4265,27205,31470,32.41,24.41,5.0171,5.0456,19.3644,3.5163,above par,7.7566,1.6033,elem|midFRPM|midPrior,83,1.1066,above par,False
growth,math,19647330122416,Barack Obama Global Preparation Academy,k12,293,95.2218,19.8582,16.6667,4690,35995,40685,5.04,6.03,7.0948,6.9792,-0.9492,-0.1724,par,1.4821,1.7154,secondary|midFRPM|lowPrior,56,1.9054,par,False
growth,math,19647336015952,Barton Hill Elementary,elementary,329,95.7447,16.8675,22.8916,3526,28769,32295,25.93,4.79,4.3013,4.3184,0.4716,0.0856,par,1.4832,1.3372,elem|highFRPM|midPrior,69,1.1087,par,False
growth,math,19647336015960,Bassett Street Elementary,elementary,609,96.3875,28.9474,18.0451,3300,23500,26800,27.44,5.17,2.9265,2.9559,2.2141,0.402,par,1.9291,1.1029,elem|highFRPM|midPrior,69,1.1087,par,False
growth,math,19647336015978,Beachy Avenue Elementary,elementary,398,89.4472,20.1058,23.2804,2508,25864,28372,26.0,5.05,4.2375,4.3017,0.7483,0.1359,par,1.7799,1.5162,elem|midFRPM|midPrior,83,1.1066,par,False
growth,math,19647336015986,Beckford Charter for Enriched Studies,elementary,588,29.932,1.4235,14.9466,1089,16835,17924,80.29,0.49,-0.7441,-0.7093,1.1993,0.2178,par,0.2734,-0.3957,elem|lowFRPM|highPrior,134,0.6039,par,False
growth,math,19647336015994,Beethoven Street Elementary,elementary,315,61.2698,6.0241,13.253,1389,22453,23842,54.12,-6.53,2.6967,2.7563,-9.2863,-1.6862,below par,-2.7389,1.1561,elem|lowFRPM|highPrior,134,0.6039,below par,False
growth,math,19647331930866,Bell Senior High,high,2088,91.3793,5.6373,12.2549,3037,19606,22643,20.58,9.44,5.2111,5.1544,4.2856,0.7782,above par,4.1691,2.2764,secondary|midFRPM|lowPrior,56,1.9054,above par,False
growth,math,19647330106914,Bellingham Elementary,elementary,390,97.1795,21.8935,16.568,3475,25971,29446,38.55,5.31,1.5499,1.5548,3.7552,0.6819,above par,1.8033,0.528,elem|highFRPM|highPrior,24,1.1554,par,False
growth,math,19647331930924,Belmont Senior High,high,614,96.4169,42.7481,5.3435,4797,26738,31535,17.05,-8.03,2.5445,2.4178,-10.4478,-1.8972,below par,-2.5464,0.7667,secondary|highFRPM|lowPrior,57,1.6883,below par,False
growth,math,19647336016018,Belvedere Elementary,elementary,526,97.7186,23.4818,23.4818,3733,26229,29962,24.63,-4.15,3.5253,3.5412,-7.6912,-1.3966,below par,-1.3851,1.1819,elem|highFRPM|lowPrior,62,1.3806,below par,False
growth,math,19647336057889,Belvedere Middle,middle,734,95.7766,9.2798,22.9917,2615,24090,26705,19.69,5.62,4.2868,4.3316,1.2884,0.2339,par,2.1045,1.622,secondary|highFRPM|lowPrior,57,1.6883,par,False
growth,math,19647331933043,Benjamin Franklin Senior High,k12,1284,87.3832,5.1913,13.388,2805,20749,23554,18.6,5.72,6.2736,6.2856,-0.5656,-0.1027,par,2.4285,2.6686,secondary|midFRPM|lowPrior,56,1.9054,par,False
growth,math,19647336061402,Berendo Middle,middle,552,96.558,20.1161,16.441,3476,25037,28513,19.97,-1.94,3.7275,3.7376,-5.6776,-1.031,below par,-0.6804,1.3108,secondary|highFRPM|lowPrior,57,1.6883,below par,False
growth,math,19647336016026,Bertrand Avenue Elementary,elementary,326,90.4908,31.2925,17.0068,2864,26863,29727,21.67,2.53,4.5617,4.6001,-2.0701,-0.3759,par,0.8511,1.5474,elem|midFRPM|lowPrior,31,1.4856,par,False
growth,math,19647336016638,Betty Plasencia Elementary,elementary,411,95.1338,24.8705,10.8808,3339,27631,30970,27.04,1.39,4.408,4.372,-2.982,-0.5415,below par,0.4488,1.4117,elem|midFRPM|midPrior,83,1.1066,par,False
growth,math,19647336019491,Birdielee V. Bright Elementary,elementary,374,95.4545,15.2381,11.9048,3336,23816,27152,33.68,-0.65,3.9551,3.9978,-4.6478,-0.844,below par,-0.2394,1.4724,elem|highFRPM|midPrior,69,1.1087,below par,False
growth,math,19647336016034,Blythe Street Elementary,elementary,323,99.6904,37.8378,21.6216,4632,35127,39759,27.46,13.42,1.5081,1.3749,12.0451,2.1872,above par,3.3753,0.3458,elem|highFRPM|midPrior,69,1.1087,above par,False
growth,math,19647336016042,Bonita Street Elementary,elementary,399,77.9449,6.0976,16.4634,2165,22522,24687,36.72,7.18,4.9566,5.0367,2.1433,0.3892,par,2.9084,2.0402,elem|lowFRPM|midPrior,33,1.5895,above par,False
growth,math,19647330135996,Boys Academic Leadership Academy,k12,69,91.3043,0.0,28.8462,1224,49395,50619,2.78,14.53,9.165,9.0715,5.4585,0.9912,above par,2.8705,1.7921,secondary|midFRPM|lowPrior,56,1.9054,par,False
growth,math,19647336016059,Braddock Drive Elementary,elementary,541,59.7043,4.4118,6.6176,2402,21572,23974,70.14,-6.9,0.0839,0.0285,-6.9285,-1.2581,below par,-2.8781,0.0119,elem|lowFRPM|highPrior,134,0.6039,below par,False
growth,math,19647336016067,Brainard Elementary,elementary,160,74.375,7.4627,22.3881,2825,36345,39170,46.67,13.03,2.5156,2.4218,10.6082,1.9263,above par,3.3265,0.6183,elem|lowFRPM|highPrior,134,0.6039,above par,False
growth,math,19647336016075,Breed Street Elementary,elementary,258,96.8992,23.4375,21.0938,3822,36534,40356,28.06,5.27,3.287,3.1657,2.1043,0.3821,par,1.3059,0.7844,elem|highFRPM|midPrior,69,1.1087,par,False
growth,math,19647336058044,Bret Harte Preparatory Middle,middle,456,97.3684,21.219,20.0903,3251,32314,35565,7.03,3.54,6.0033,5.9385,-2.3985,-0.4355,par,0.9954,1.6698,secondary|highFRPM|lowPrior,57,1.6883,par,False
growth,math,19647336016091,Bridge Street Elementary,elementary,180,97.2222,22.3529,41.1765,3726,36568,40294,26.32,-0.74,1.7485,1.7516,-2.4916,-0.4524,par,-0.1837,0.4347,elem|highFRPM|midPrior,69,1.1087,below par,False
growth,math,19647336016109,Broad Avenue Elementary,elementary,441,85.2608,11.0577,23.0769,3123,26072,29195,37.9,5.85,2.9543,2.9699,2.8801,0.523,above par,2.0038,1.0173,elem|lowFRPM|highPrior,134,0.6039,above par,False
growth,math,19647336016117,Broadacres Avenue Elementary Visual & Performing Arts Magnet,elementary,275,85.4545,0.0,22.1477,2492,25820,28312,34.25,-3.58,5.1894,5.2784,-8.8584,-1.6085,below par,-1.2645,1.8644,elem|lowFRPM|midPrior,33,1.5895,below par,False
growth,math,19647336016125,Broadway Elementary,elementary,546,25.8242,2.6667,7.5556,1592,18225,19817,79.25,0.14,0.4015,0.3752,-0.2352,-0.0427,par,0.0706,0.1894,elem|lowFRPM|highPrior,134,0.6039,par,False
growth,math,19647336016133,Brockton Avenue Elementary,elementary,189,88.3598,18.3908,18.3908,3278,29855,33133,45.68,-3.15,0.9792,0.9777,-4.1277,-0.7495,below par,-0.9507,0.2951,elem|midFRPM|highPrior,35,-0.2349,par,False
growth,math,19647336016141,Brooklyn Avenue,elementary,510,89.2157,12.9577,24.2254,3256,25123,28379,38.76,3.7,2.1421,2.1645,1.5355,0.2788,par,1.3038,0.7627,elem|midFRPM|highPrior,35,-0.2349,above par,False
growth,math,19647336016158,Bryson Avenue Elementary,elementary,706,84.8442,3.869,13.9881,2736,21218,23954,54.1,4.06,1.1298,1.132,2.928,0.5317,above par,1.6949,0.4726,elem|lowFRPM|highPrior,134,0.6039,above par,False
growth,math,19647336016166,Buchanan Street Elementary,elementary,278,66.1871,15.2,25.6,2726,28596,31322,28.45,10.75,5.611,5.6392,5.1108,0.928,above par,3.4321,1.8004,elem|lowFRPM|midPrior,33,1.5895,above par,False
growth,math,19647336016174,Budlong Avenue Elementary,elementary,624,96.6346,26.6667,10.7937,3909,25790,29699,19.28,5.72,5.6768,5.6348,0.0852,0.0155,par,1.926,1.8973,elem|highFRPM|lowPrior,62,1.3806,par,False
growth,math,19647336016182,Burbank Boulevard Elementary,elementary,319,81.5047,10.5263,9.2105,2457,22692,25149,48.24,-6.1,2.575,2.6226,-8.7226,-1.5839,below par,-2.4255,1.0428,elem|lowFRPM|highPrior,134,0.6039,below par,False
growth,math,19647336016208,Burton Street Elementary,elementary,274,98.1752,20.5128,29.9145,3050,31950,35000,26.4,-4.55,2.9465,2.9609,-7.5109,-1.3639,below par,-1.3,0.846,elem|highFRPM|midPrior,69,1.1087,below par,False
growth,math,19647336016216,Bushnell Way Elementary,elementary,157,84.0764,0.0,32.9114,6851,33826,40677,36.0,-3.95,3.9211,3.8756,-7.8256,-1.421,below par,-0.9711,0.9528,elem|lowFRPM|midPrior,33,1.5895,below par,False
growth,math,19647336016224,Cabrillo Avenue Elementary,elementary,303,92.4092,14.6154,22.3077,3946,34467,38413,30.71,17.82,3.8235,3.7208,14.0992,2.5602,above par,4.6391,0.9686,elem|midFRPM|midPrior,83,1.1066,above par,False
growth,math,19647336016232,Cahuenga Elementary,elementary,355,86.7606,18.6047,16.2791,3187,23386,26573,43.48,7.1,1.5845,1.6336,5.4664,0.9926,above par,2.6719,0.6148,elem|midFRPM|highPrior,35,-0.2349,above par,False
growth,math,19647336016240,Calabash Charter Academy,elementary,409,32.5183,0.0,12.2449,1281,18868,20149,72.96,1.02,1.2067,1.2428,-0.2228,-0.0405,par,0.5062,0.6168,elem|lowFRPM|highPrior,134,0.6039,par,False
growth,math,19647336016257,Calahan Street Elementary,elementary,474,73.2068,11.399,12.9534,2356,22650,25006,38.24,2.56,4.6639,4.6957,-2.1357,-0.3878,par,1.0238,1.8778,elem|lowFRPM|highPrior,134,0.6039,par,False
growth,math,19647336016265,Calvert Charter for Enriched Studies,elementary,324,82.4074,16.0584,19.708,2903,26805,29708,26.85,12.44,5.3919,5.4306,7.0094,1.2728,above par,4.1874,1.828,elem|lowFRPM|midPrior,33,1.5895,above par,False
growth,math,19647336016273,Camellia Avenue Elementary,elementary,433,95.1501,24.0838,16.2304,4668,25504,30172,26.94,-6.44,3.9405,3.9363,-10.3763,-1.8842,below par,-2.1344,1.3046,elem|midFRPM|midPrior,83,1.1066,below par,False
growth,math,19647336016281,Canfield Avenue Elementary,elementary,285,49.4737,5.6,21.6,1699,23942,25641,73.28,-4.23,-1.4678,-1.4433,-2.7867,-0.506,below par,-1.6497,-0.5629,elem|lowFRPM|highPrior,134,0.6039,below par,False
growth,math,19647336016299,Canoga Park Elementary,elementary,462,96.3203,35.9504,18.595,3536,30232,33768,16.67,0.41,4.4799,4.4252,-4.0152,-0.7291,below par,0.1214,1.3105,elem|highFRPM|lowPrior,62,1.3806,below par,False
growth,math,19647336057947,Canoga Park Middle,middle,579,91.7098,14.6667,18.0952,2856,26015,28871,13.11,2.29,5.9392,5.9531,-3.6631,-0.6652,below par,0.7932,2.062,secondary|midFRPM|lowPrior,56,1.9054,below par,False
growth,math,19647331931476,Canoga Park Senior High,high,1389,92.3686,13.5849,15.8491,2860,22311,25171,17.25,4.93,4.7054,4.6622,0.2678,0.0486,par,1.9586,1.8522,secondary|midFRPM|lowPrior,56,1.9054,par,False
growth,math,19647336016307,Cantara Street Elementary,elementary,357,94.3978,33.3333,22.0339,2393,25755,28148,33.33,16.4,1.0205,1.0828,15.3172,2.7813,above par,5.8263,0.3847,elem|midFRPM|midPrior,83,1.1066,above par,False
growth,math,19647336016315,Canterbury Avenue Elementary,elementary,578,85.4671,13.4615,10.3846,3186,22043,25229,46.43,-0.63,2.0977,2.0925,-2.7225,-0.4944,par,-0.2497,0.8294,elem|lowFRPM|highPrior,134,0.6039,par,False
growth,math,19647336016323,Canyon Charter Elementary,elementary,391,15.601,0.0,9.0278,979,18008,18987,80.21,6.6,1.0871,1.1058,5.4942,0.9977,above par,3.4761,0.5824,elem|lowFRPM|highPrior,134,0.6039,above par,False
growth,math,19647336016331,Capistrano Avenue Elementary,elementary,415,80.9639,7.2222,22.7778,2417,23111,25528,59.38,-6.66,-0.9126,-0.8631,-5.7969,-1.0526,below par,-2.6089,-0.3381,elem|lowFRPM|highPrior,134,0.6039,below par,False
growth,math,19647330122234,Carlos Santana Arts Academy,elementary,371,91.1051,25.1366,19.6721,4865,26034,30899,30.22,1.06,3.0574,3.0593,-1.9993,-0.363,par,0.3431,0.9901,elem|midFRPM|midPrior,83,1.1066,par,False
growth,math,19647336016349,Caroldale Learning Community,elementary,620,77.9032,4.7506,15.4394,2542,21263,23805,43.22,1.59,3.7012,3.7367,-2.1467,-0.3898,par,0.6679,1.5697,elem|lowFRPM|highPrior,134,0.6039,par,False
growth,math,19647336016356,Carpenter Community Charter,elementary,863,13.2097,1.0076,16.8766,1064,17447,18511,82.34,-0.68,-0.3666,-0.3969,-0.2831,-0.0514,par,-0.3673,-0.2144,elem|lowFRPM|highPrior,134,0.6039,par,False
growth,math,19647331931526,Carson Senior High,high,1407,87.7043,3.4602,12.1107,2470,20652,23122,19.05,14.74,6.1418,6.1164,8.6236,1.5659,above par,6.3749,2.6453,secondary|midFRPM|lowPrior,56,1.9054,above par,False
growth,math,19647336016364,Carson Street Elementary,elementary,623,68.2183,2.2876,15.6863,2193,19486,21679,48.64,0.87,3.4078,3.4649,-2.5949,-0.4712,par,0.4013,1.5983,elem|lowFRPM|highPrior,134,0.6039,par,False
growth,math,19647330122101,Carson-Gore Academy of Environmental Studies,elementary,344,95.6395,24.4792,24.4792,3370,24856,28226,35.68,-3.39,1.1795,1.255,-4.645,-0.8434,below par,-1.201,0.4446,elem|highFRPM|midPrior,69,1.1087,below par,False
growth,math,19647336016372,Carthay Elementary Of Environmental Studies Magnet,elementary,327,68.8073,4.0984,7.377,1715,21171,22886,54.66,-4.26,2.9178,2.9756,-7.2356,-1.3139,below par,-1.8614,1.3002,elem|lowFRPM|highPrior,134,0.6039,below par,False
growth,math,19647336016380,Castelar Street Elementary,elementary,626,85.4633,24.3402,5.2786,2572,22112,24684,48.36,-4.25,0.9797,0.9479,-5.1979,-0.9439,below par,-1.7218,0.384,elem|lowFRPM|highPrior,134,0.6039,below par,False
growth,math,19647336016398,Castle Heights Elementary,elementary,501,32.7345,3.6364,12.2727,1294,19247,20541,76.42,3.13,-0.0161,-0.0157,3.1457,0.5712,above par,1.5238,-0.0076,elem|lowFRPM|highPrior,134,0.6039,par,False
growth,math,19647336071435,Castlebay Lane Charter,elementary,666,26.7267,2.0202,11.4478,1066,17674,18740,74.3,-2.92,1.0185,1.0172,-3.9372,-0.7149,below par,-1.5582,0.5428,elem|lowFRPM|highPrior,134,0.6039,below par,False
growth,math,19647336016406,Catskill Avenue Elementary,elementary,419,90.2148,14.1304,7.6087,3079,25156,28235,37.11,12.62,4.0998,4.0815,8.5385,1.5505,above par,4.4696,1.4455,elem|midFRPM|midPrior,83,1.1066,above par,False
growth,math,19647336016414,Century Park Elementary,elementary,256,97.6562,4.0984,24.5902,4468,33212,37680,40.0,-2.3,2.4699,2.4018,-4.7018,-0.8538,below par,-0.6104,0.6374,elem|highFRPM|highPrior,24,1.1554,below par,False
growth,math,19647330109439,Cesar Chavez Elementary,elementary,169,92.8994,19.7917,34.375,6228,41967,48195,22.43,7.16,3.8822,3.7186,3.4414,0.6249,above par,1.4856,0.7716,elem|midFRPM|lowPrior,31,1.4856,par,False
growth,math,19647330124396,Cesar E. Chavez Learning Academies-Academy of Scientific Exploration (ASE),high,420,91.1905,9.4737,14.7368,1824,18717,20541,14.95,5.05,6.1739,6.3433,-1.2933,-0.2348,par,2.4585,3.0881,secondary|midFRPM|lowPrior,56,1.9054,par,False
growth,math,19647330124388,Cesar E. Chavez Learning Academies-Social Justice Humanitas Academy,high,417,92.5659,0.0,14.1176,2353,18313,20666,1.32,14.16,10.1453,10.3393,3.8207,0.6938,above par,6.8518,5.0031,secondary|midFRPM|lowPrior,56,1.9054,above par,False
growth,math,19647330124404,Cesar E. Chavez Learning Academies-Technology Preparatory Academy,high,321,95.9502,10.6383,13.8298,6363,24288,30651,6.38,5.45,7.7478,7.771,-2.321,-0.4215,par,1.7781,2.5353,secondary|highFRPM|lowPrior,57,1.6883,par,False
growth,math,19647336016422,Chandler Elementary,elementary,450,56.4444,8.5714,10.8571,1996,23919,25915,57.32,2.79,2.1901,2.1517,0.6383,0.1159,par,1.0766,0.8303,elem|lowFRPM|highPrior,134,0.6039,par,False
growth,math,19647336016430,Chapman Elementary,elementary,406,63.0542,7.0588,14.1176,1859,21028,22887,63.33,-6.86,0.3256,0.3657,-7.2257,-1.3121,below par,-2.9973,0.1598,elem|lowFRPM|highPrior,134,0.6039,below par,False
growth,math,19647336057962,Charles Drew Middle,middle,607,99.1763,20.4545,12.2378,3428,26587,30015,7.94,5.6,6.525,6.5033,-0.9033,-0.164,par,1.8657,2.1667,secondary|highFRPM|lowPrior,57,1.6883,par,False
growth,math,19647330111989,Charles H. Kim Elementary,elementary,483,93.3747,18.75,12.5,2998,20830,23828,66.34,-4.8,-3.4613,-3.4406,-1.3594,-0.2468,par,-2.0144,-1.4439,elem|midFRPM|highPrior,35,-0.2349,below par,False
growth,math,19647336058101,Charles Maclay Middle,middle,238,98.3193,23.8866,23.0769,6413,38828,45241,6.1,3.06,5.7039,5.539,-2.479,-0.4502,par,0.6764,1.2243,secondary|highFRPM|lowPrior,57,1.6883,par,False
growth,math,19647336018360,Charles W. Barrett Elementary,elementary,473,98.9429,27.0386,11.588,4073,31482,35555,33.2,-9.25,2.4826,2.3411,-11.5911,-2.1048,below par,-2.6016,0.6585,elem|highFRPM|midPrior,69,1.1087,below par,False
growth,math,19647330106948,Charles White Elementary,elementary,233,98.7124,31.1594,13.0435,4362,26380,30742,33.54,16.11,1.9997,2.0266,14.0834,2.5573,above par,5.2404,0.6592,elem|highFRPM|midPrior,69,1.1087,above par,False
growth,math,19647336016448,Charnock Road Elementary,elementary,281,90.7473,14.0625,33.5938,3025,30707,33732,52.71,-1.94,-1.9059,-1.9063,-0.0337,-0.0061,par,-0.5751,-0.5651,elem|midFRPM|highPrior,35,-0.2349,par,False
growth,math,19647336016455,Chase Street Elementary,elementary,436,91.5138,18.5366,25.8537,3631,29695,33326,31.17,3.3,2.873,2.8389,0.4611,0.0837,par,0.9902,0.8519,elem|midFRPM|midPrior,83,1.1066,par,False
growth,math,19647331931708,Chatsworth Charter High,high,1743,68.9042,5.291,8.9947,2034,19928,21962,31.05,2.55,4.8366,4.7559,-2.2059,-0.4006,par,1.1611,2.1655,secondary|lowFRPM|midPrior,18,1.5213,par,False
growth,math,19647336016463,Chatsworth Park ES Urban Planning/Community Development Magnet,elementary,422,63.0332,7.9208,12.3762,1783,20827,22610,54.5,0.23,2.3027,2.3517,-2.1217,-0.3853,par,0.1017,1.0401,elem|lowFRPM|highPrior,134,0.6039,par,False
growth,math,19647336016471,Cheremoya Avenue Elementary,elementary,161,83.8509,17.5676,16.2162,2774,29929,32703,24.39,2.88,6.2134,6.2602,-3.3802,-0.6138,below par,0.8807,1.9143,elem|lowFRPM|lowPrior,3,1.2011,par,True
growth,math,19647336057939,Chester W. Nimitz Middle,middle,1057,95.3642,13.3267,16.2325,2450,21891,24341,18.53,7.59,4.7222,4.7456,2.8444,0.5165,above par,3.1182,1.9496,secondary|midFRPM|lowPrior,56,1.9054,above par,False
growth,math,19647336016679,Christopher Dena Elementary,elementary,313,94.8882,32.4742,12.3711,3938,34281,38219,33.79,-0.28,2.0366,1.884,-2.164,-0.393,par,-0.0733,0.493,elem|midFRPM|midPrior,83,1.1066,below par,False
growth,math,19647336016489,Cienega Elementary,elementary,370,88.6486,24.4048,21.4286,3279,26808,30087,28.14,8.76,3.5613,3.5871,5.1729,0.9393,above par,2.9116,1.1923,elem|midFRPM|midPrior,83,1.1066,above par,False
growth,math,19647336016497,Cimarron Avenue Elementary,elementary,261,85.8238,0.0,15.9292,3845,34526,38371,28.7,-1.27,7.0269,6.9168,-8.1868,-1.4866,below par,-0.331,1.8026,elem|lowFRPM|midPrior,33,1.5895,below par,False
growth,math,19647336016505,City Terrace Elementary,elementary,313,78.5942,9.4595,13.5135,3153,22798,25951,53.66,5.67,1.269,1.3089,4.3611,0.7919,above par,2.1849,0.5044,elem|lowFRPM|highPrior,134,0.6039,above par,False
growth,math,19647336016513,Clifford Street Elementary Math & Technology Magnet,elementary,128,52.3438,0.0,13.3333,2632,29489,32121,55.1,13.23,3.9684,3.9582,9.2718,1.6836,above par,4.1188,1.2323,elem|lowFRPM|highPrior,134,0.6039,above par,False
growth,math,19647336016521,Clover Avenue Elementary,elementary,468,40.5983,2.2099,8.2873,1048,19276,20324,85.02,1.94,-1.7762,-1.7865,3.7265,0.6767,above par,0.9545,-0.879,elem|lowFRPM|highPrior,134,0.6039,par,False
growth,math,19647336016539,Coeur D'Alene Avenue Elementary,elementary,295,31.5254,4.5752,9.8039,1318,19366,20684,66.46,4.13,2.5007,2.5595,1.5705,0.2852,par,1.9967,1.2374,elem|lowFRPM|highPrior,134,0.6039,above par,False
growth,math,19647336016547,Cohasset Street Elementary,elementary,451,95.122,27.6382,21.1055,3393,25889,29282,25.23,4.42,3.389,3.4187,1.0013,0.1818,par,1.5095,1.1675,elem|midFRPM|midPrior,83,1.1066,par,False
growth,math,19647336016554,Coldwater Canyon Elementary,elementary,570,95.2632,24.7788,8.8496,3274,23854,27128,28.34,-7.4,4.256,4.2476,-11.6476,-2.115,below par,-2.7278,1.5658,elem|midFRPM|midPrior,83,1.1066,below par,False
growth,math,19647336016562,Colfax Charter Elementary,elementary,774,30.7494,0.0,7.3446,1045,17139,18184,80.52,-0.52,0.0382,0.0094,-0.5294,-0.0961,par,-0.286,0.0051,elem|lowFRPM|highPrior,134,0.6039,par,False
growth,math,19647336016570,Coliseum Street Elementary,elementary,218,97.2477,21.25,17.5,4527,40077,44604,13.95,9.8,6.9677,6.7951,3.0049,0.5456,above par,2.1971,1.5234,elem|highFRPM|lowPrior,62,1.3806,par,False
growth,math,19647336120679,Columbus Avenue Elementary,elementary,382,96.0733,34.6939,22.9592,3974,25989,29963,16.34,10.39,4.2999,4.3553,6.0347,1.0958,above par,3.4676,1.4536,elem|highFRPM|lowPrior,62,1.3806,above par,False
growth,math,19647336016604,Commonwealth Avenue Elementary,elementary,504,88.6905,24.5059,20.9486,2997,22982,25979,40.7,-3.88,0.8129,0.8599,-4.7399,-0.8607,below par,-1.4935,0.331,elem|midFRPM|highPrior,35,-0.2349,below par,False
growth,math,19647330124495,Communication and Technology at Diego Rivera Learning Complex,high,505,97.0297,11.2069,12.069,1956,18748,20704,17.8,6.55,5.2214,5.3582,1.1918,0.2164,par,3.1636,2.588,secondary|highFRPM|lowPrior,57,1.6883,above par,False
growth,math,19647336094726,Community Magnet Charter Elementary,elementary,425,25.1765,1.7544,11.8421,1215,23792,25007,80.08,4.13,-0.0164,-0.0983,4.2283,0.7678,above par,1.6515,-0.0393,elem|lowFRPM|highPrior,134,0.6039,above par,False
growth,math,19647336016612,Compton Avenue Elementary,elementary,265,95.8491,22.5225,9.9099,3427,29406,32833,45.95,-6.82,0.7763,0.7165,-7.5365,-1.3685,below par,-2.0772,0.2182,elem|highFRPM|highPrior,24,1.1554,below par,False
growth,math,19647330117721,Contreras Learning Center-Academic Leadership Community,high,392,96.1735,25.5102,12.2449,1621,24039,25660,13.33,5.04,4.6859,4.758,0.282,0.0512,par,1.9641,1.8542,secondary|highFRPM|lowPrior,57,1.6883,par,False
growth,math,19647330112870,Contreras Learning Center-Los Angeles School of Global Studies,high,317,97.1609,40.0,0.0,2542,20781,23323,13.16,8.38,4.3798,4.4639,3.9161,0.7111,above par,3.593,1.9139,secondary|highFRPM|lowPrior,57,1.6883,above par,False
growth,math,19647330127795,Contreras Learning Center-School of Social Justice,high,326,96.6258,44.9438,7.8652,2826,22565,25391,5.88,4.23,4.5929,4.6772,-0.4472,-0.0812,par,1.6659,1.8421,secondary|highFRPM|lowPrior,57,1.6883,par,False
growth,math,19647336016620,Corona Avenue Elementary,elementary,542,95.941,25.5014,13.7536,3162,22373,25535,26.9,-0.54,3.9394,3.9892,-4.5292,-0.8224,below par,-0.2115,1.5623,elem|highFRPM|midPrior,69,1.1087,below par,False
growth,math,19647336016646,Cowan Avenue Elementary,elementary,377,63.3952,0.0,13.5417,1814,23441,25255,51.61,5.46,3.6958,3.7201,1.7399,0.3159,par,2.1619,1.473,elem|lowFRPM|highPrior,134,0.6039,above par,False
growth,math,19647336016661,Crestwood Street STEAM Magnet,elementary,289,73.0104,3.1746,17.4603,2332,25821,28153,33.85,14.97,6.201,6.2545,8.7155,1.5826,above par,5.3174,2.2216,elem|lowFRPM|midPrior,33,1.5895,above par,False
growth,math,19647336016687,Dahlia Heights Elementary,elementary,410,23.6585,0.0,16.3265,1287,18978,20265,65.28,9.72,3.0003,3.0542,6.6658,1.2104,above par,4.7964,1.5071,elem|lowFRPM|highPrior,134,0.6039,above par,False
growth,math,19647336058358,Daniel Webster Middle,middle,438,87.4429,11.0588,16.2353,3139,28768,31907,16.55,7.53,6.1483,6.1177,1.4123,0.2565,par,2.36,1.9173,secondary|midFRPM|lowPrior,56,1.9054,par,False
growth,math,19647336016695,Danube Avenue Elementary,elementary,259,80.695,5.5556,17.5926,2481,28184,30665,29.17,10.28,6.4615,6.4953,3.7847,0.6872,above par,3.3524,2.1182,elem|lowFRPM|midPrior,33,1.5895,above par,False
growth,math,19647336016703,Darby Avenue Elementary,elementary,412,55.0971,4.6875,11.4583,2176,20559,22735,68.57,-7.23,0.2521,0.2659,-7.4959,-1.3611,below par,-3.1801,0.1169,elem|lowFRPM|highPrior,134,0.6039,below par,False
growth,math,19647336016711,Dayton Heights Elementary,elementary,214,96.729,35.2941,20.1681,5007,36587,41594,46.03,-3.53,-1.7482,-1.9128,-1.6172,-0.2936,par,-0.8487,-0.4599,elem|highFRPM|highPrior,24,1.1554,below par,False
growth,math,19647336016729,Dearborn Elementary Charter Academy,elementary,527,72.1063,5.5319,12.3404,1860,21772,23632,54.46,3.7,1.9384,1.9555,1.7445,0.3168,par,1.5657,0.8275,elem|lowFRPM|highPrior,134,0.6039,par,False
growth,math,19647336016737,Del Amo Elementary,elementary,285,75.4386,8.4034,21.0084,2324,26772,29096,51.56,-4.5,1.28,1.3018,-5.8018,-1.0535,below par,-1.5466,0.4474,elem|lowFRPM|highPrior,134,0.6039,below par,False
growth,math,19647336016745,Delevan Drive Elementary,elementary,483,39.1304,3.6145,15.6627,1310,20017,21327,68.12,-1.45,1.0135,1.038,-2.488,-0.4518,par,-0.6799,0.4867,elem|lowFRPM|highPrior,134,0.6039,below par,False
growth,math,19647336016752,Denker Avenue Elementary,elementary,670,79.8507,10.7914,10.7914,2492,21335,23827,39.51,8.69,4.165,4.1791,4.5109,0.8191,above par,3.6471,1.754,elem|lowFRPM|highPrior,134,0.6039,above par,False
growth,math,19647330124503,Diego Rivera Learning Complex Green Design STEAM Academy,high,493,96.3489,11.4286,11.4286,2229,18970,21199,6.45,12.6,7.7559,7.9021,4.6979,0.8531,above par,5.9437,3.7276,secondary|highFRPM|lowPrior,57,1.6883,above par,False
growth,math,19647336016778,Dixie Canyon Community Charter,elementary,635,33.2283,5.7143,11.7857,1075,19878,20953,63.64,-2.72,2.4564,2.4439,-5.1639,-0.9377,below par,-1.2981,1.1664,elem|lowFRPM|highPrior,134,0.6039,below par,False
growth,math,19647330122135,Dolores Huerta Elementary,elementary,321,99.0654,31.6901,10.5634,3272,21134,24406,30.72,-6.41,2.6989,2.8063,-9.2163,-1.6735,below par,-2.6264,1.1498,elem|highFRPM|midPrior,69,1.1087,below par,False
growth,math,19647336016786,Dolores Street Elementary,elementary,370,85.1351,5.8511,13.2979,2909,28737,31646,34.86,5.03,5.2738,5.2292,-0.1992,-0.0362,par,1.5895,1.6524,elem|lowFRPM|midPrior,33,1.5895,par,False
growth,math,19647336016794,Dominguez Elementary,elementary,450,86.2222,6.7358,11.9171,2774,20007,22781,41.21,8.02,3.8313,3.9171,4.1029,0.745,above par,3.5205,1.7195,elem|lowFRPM|highPrior,134,0.6039,above par,False
growth,math,19647336016802,Dorris Place Elementary,elementary,230,83.4783,8.4034,17.6471,2423,23418,25841,49.02,1.39,1.719,1.824,-0.434,-0.0788,par,0.5379,0.7059,elem|lowFRPM|highPrior,134,0.6039,par,False
growth,math,19647330124453,Dr. Julian Nava Learning Academy,middle,572,98.6014,14.0036,16.8761,3607,20751,24358,10.54,5.07,6.2537,6.3609,-1.2909,-0.2344,par,2.0815,2.6114,secondary|highFRPM|lowPrior,57,1.6883,par,False
growth,math,19647330126433,"Dr. Lawrence H. Moore Math, Science, Technology Academy",elementary,454,97.7974,17.5732,13.3891,3277,20604,23881,37.23,-0.87,2.5711,2.6564,-3.5264,-0.6403,below par,-0.3643,1.1124,elem|highFRPM|midPrior,69,1.1087,below par,False
growth,math,19647330124479,Dr. Maya Angelou Community High,high,971,97.2194,26.6332,9.0452,3349,22585,25934,8.47,4.09,5.6314,5.599,-1.509,-0.274,par,1.5771,2.159,secondary|highFRPM|lowPrior,57,1.6883,par,False
growth,math,19647330122143,Dr. Owen Lloyd Knox Elementary,elementary,669,97.4589,27.5,12.1875,3221,21944,25165,30.14,2.79,3.0289,3.0525,-0.2625,-0.0477,par,1.1087,1.213,elem|highFRPM|midPrior,69,1.1087,par,False
growth,math,19647330102921,Dr. Richard A. Vladovic Harbor Teacher Preparation Academy,high,452,65.4867,0.0,0.0,1015,17917,18932,90.27,-11.57,-5.784,-5.8062,-5.7638,-1.0466,below par,-6.1113,-3.0669,secondary|lowFRPM|highPrior,20,1.1095,below par,False
growth,math,19647330128710,Dr. Sammy Lee Medical and Health Science Magnet Elementary,elementary,551,92.7405,11.8056,9.0278,2849,18842,21691,52.43,9.08,0.6791,0.7381,8.3419,1.5147,above par,4.1861,0.3403,elem|midFRPM|highPrior,35,-0.2349,above par,False
growth,math,19647330102491,Dr. Theodore T. Alexander Jr. Science Center,elementary,616,86.3636,6.4286,5.3571,2618,20278,22896,35.71,2.72,5.6448,5.6786,-2.9586,-0.5372,below par,1.188,2.4802,elem|lowFRPM|midPrior,33,1.5895,par,False
growth,math,19647336016828,Dyer Street Elementary,elementary,539,92.3933,18.6207,19.6552,2825,21563,24388,39.64,0.36,1.5792,1.652,-1.292,-0.2346,par,0.1476,0.6774,elem|midFRPM|highPrior,35,-0.2349,par,False
growth,math,19647336016836,Eagle Rock Elementary,elementary,755,37.6159,1.7505,16.1926,1634,20656,22290,69.33,-1.5,0.8841,0.8427,-2.3427,-0.4254,par,-0.6729,0.3781,elem|lowFRPM|highPrior,134,0.6039,below par,False
growth,math,19647331932540,Eagle Rock High,high,2031,51.551,2.0666,10.333,1772,18748,20520,46.17,2.22,2.8815,2.7736,-0.5536,-0.1005,par,1.0819,1.3517,secondary|lowFRPM|highPrior,20,1.1095,par,False
growth,math,19647330122374,East Los Angeles Renaissance Academy at Esteban E. Torres High No. 2,high,355,89.8592,8.5366,14.6341,1742,21421,23163,9.09,1.89,7.6811,7.8274,-5.9374,-1.0781,below par,0.816,3.3793,secondary|midFRPM|lowPrior,56,1.9054,below par,False
growth,math,19647330112037,East Valley Senior High,high,558,96.2366,16.7939,19.8473,3643,23891,27534,21.19,-11.89,3.0736,3.0942,-14.9842,-2.7209,below par,-4.3183,1.1238,secondary|highFRPM|lowPrior,57,1.6883,below par,False
growth,math,19647336016844,Eastman Avenue Elementary,elementary,545,96.3303,30.855,12.2677,3507,25500,29007,17.25,10.16,5.5455,5.5383,4.6217,0.8392,above par,3.5026,1.9093,elem|highFRPM|lowPrior,62,1.3806,above par,False
growth,math,19647330117051,Edward R. Roybal Learning Center,high,1130,93.8938,12.7413,13.1274,2814,24036,26850,18.85,-7.65,4.6987,4.6337,-12.2837,-2.2305,below par,-2.8492,1.7258,secondary|midFRPM|lowPrior,56,1.9054,below par,False
growth,math,19647336061527,Edwin Markham Middle,middle,618,98.3819,19.3012,19.6339,3083,27723,30806,10.0,2.99,5.4803,5.4679,-2.4779,-0.45,par,0.9706,1.775,secondary|highFRPM|lowPrior,57,1.6883,par,False
growth,math,19647336016851,El Dorado Avenue Elementary,elementary,364,95.6044,25.0,23.5714,4002,26877,30879,27.78,9.46,2.9032,2.9325,6.5275,1.1853,above par,3.0636,0.9497,elem|highFRPM|midPrior,69,1.1087,above par,False
growth,math,19647336016869,El Oro Way Charter for Enriched Studies,elementary,434,42.6267,10.9524,6.1905,1105,19520,20625,53.39,11.4,4.1592,4.196,7.204,1.3081,above par,5.5273,2.0344,elem|lowFRPM|highPrior,134,0.6039,above par,False
growth,math,19647336016877,El Sereno Elementary,elementary,222,94.5946,16.5354,21.2598,3756,28987,32743,35.34,-1.48,2.6651,2.6911,-4.1711,-0.7574,below par,-0.452,0.8219,elem|midFRPM|midPrior,83,1.1066,below par,False
growth,math,19647336068431,El Sereno Middle,middle,857,91.832,6.6502,19.0887,2644,24692,27336,35.92,4.64,1.7125,1.682,2.958,0.5371,above par,1.6974,0.6153,secondary|midFRPM|midPrior,9,1.2611,par,True
growth,math,19647336016885,Elizabeth Learning Center,k12,1257,97.5338,15.6863,9.1503,2547,21845,24392,11.94,7.28,6.3281,6.3276,0.9524,0.1729,par,2.9846,2.5941,secondary|highFRPM|lowPrior,57,1.6883,above par,False
growth,math,19647336118186,Ellen Ochoa Learning Center,elementary,1052,96.5779,22.0588,16.4439,3022,23756,26778,20.4,8.42,5.2219,5.2028,3.2172,0.5842,above par,3.1444,1.9429,elem|highFRPM|lowPrior,62,1.3806,above par,False
growth,math,19647336016893,Elysian Heights ES Arts Magnet,elementary,401,40.399,3.8043,14.1304,1314,19999,21313,53.29,9.75,4.3117,4.3767,5.3733,0.9757,above par,4.5747,2.0535,elem|lowFRPM|highPrior,134,0.6039,above par,False
growth,math,19647336016901,Emelita Street Elementary,elementary,275,70.9091,20.0,27.6923,2746,23781,26527,37.04,-1.16,2.7043,2.8209,-3.9809,-0.7229,below par,-0.4373,1.0634,elem|lowFRPM|midPrior,33,1.5895,below par,False
growth,math,19647336057988,Emerson Community Charter,middle,454,57.9295,6.4516,14.2857,2023,24157,26180,36.48,7.86,4.4736,4.4743,3.3857,0.6148,above par,3.0023,1.709,secondary|lowFRPM|midPrior,18,1.5213,above par,False
growth,math,19647330117036,Enadia Way Technology Charter,elementary,213,69.9531,10.0,18.8889,2413,26309,28722,40.21,-10.21,4.1971,4.2609,-14.4709,-2.6277,below par,-3.5548,1.4835,elem|lowFRPM|highPrior,134,0.6039,below par,False
growth,math,19647336016935,Encino Charter Elementary,elementary,529,40.8318,4.7619,9.9567,1419,18301,19720,61.66,7.6,2.7402,2.7747,4.8253,0.8762,above par,3.854,1.4071,elem|lowFRPM|highPrior,134,0.6039,above par,False
growth,math,19647330122382,Engineering and Technology Academy at Esteban E. Torres High No. 3,high,263,97.7186,10.8434,24.0964,2724,24990,27714,8.06,6.23,6.2242,6.3644,-0.1344,-0.0244,par,2.248,2.2964,secondary|highFRPM|lowPrior,57,1.6883,par,False
growth,math,19647336058093,Ernest Lawrence Middle,middle,1076,69.7026,8.8152,11.8483,2080,18745,20825,29.19,8.01,5.0435,5.0687,2.9413,0.5341,above par,3.8463,2.434,secondary|lowFRPM|midPrior,18,1.5213,above par,False
growth,math,19647336016943,Erwin Elementary,elementary,580,91.3793,22.9682,15.9011,3316,22391,25707,39.09,7.51,1.6508,1.674,5.836,1.0597,above par,2.9214,0.6512,elem|midFRPM|highPrior,35,-0.2349,above par,False
growth,math,19647336016950,Eshelman Avenue Elementary,elementary,449,86.8597,11.2745,10.7843,2735,20706,23441,41.31,4.95,3.3801,3.4478,1.5022,0.2728,par,2.1117,1.4708,elem|midFRPM|highPrior,35,-0.2349,above par,False
growth,math,19647336110969,Esperanza Elementary,elementary,577,97.9203,42.623,15.4098,3273,22411,25684,26.81,4.56,1.7233,1.7659,2.7941,0.5074,above par,1.7754,0.6876,elem|highFRPM|midPrior,69,1.1087,par,False
growth,math,19647330122119,Estrella Elementary,elementary,453,97.7925,31.5789,11.8421,3191,26333,29524,24.8,-0.45,3.8403,3.8293,-4.2793,-0.777,below par,-0.1524,1.297,elem|highFRPM|lowPrior,62,1.3806,below par,False
growth,math,19647336016968,Euclid Avenue Elementary,elementary,578,89.7924,15.1007,15.1007,3304,23133,26437,30.72,12.09,4.5197,4.5421,7.5479,1.3706,above par,4.5731,1.7181,elem|midFRPM|midPrior,83,1.1066,above par,False
growth,math,19647336016976,Evergreen Avenue Elementary,elementary,492,95.3252,21.7687,13.6054,3372,25159,28531,26.06,3.47,4.6193,4.6245,-1.1545,-0.2096,par,1.2162,1.6209,elem|midFRPM|midPrior,83,1.1066,par,False
growth,math,19647336016984,Fair Avenue Elementary,elementary,516,96.124,21.9231,18.4615,3412,27077,30489,29.49,2.43,3.2897,3.2677,-0.8377,-0.1521,par,0.797,1.0718,elem|highFRPM|midPrior,69,1.1087,par,False
growth,math,19647336016992,Fairburn Avenue Elementary,elementary,466,24.6781,6.1111,10.0,1026,18119,19145,78.76,-0.15,-0.0193,-0.0081,-0.1419,-0.0258,par,-0.0783,-0.0042,elem|lowFRPM|highPrior,134,0.6039,par,False
growth,math,19647331932920,Fairfax Senior High,high,1495,87.3579,6.8047,11.5385,2585,21252,23837,22.7,0.54,5.0482,4.9927,-4.4527,-0.8085,below par,0.2265,2.0945,secondary|midFRPM|lowPrior,56,1.9054,below par,False
growth,math,19647336017008,Farmdale Elementary,elementary,324,87.3457,14.2857,19.7279,3240,27018,30258,43.8,0.5,1.6237,1.6289,-1.1289,-0.205,par,0.1652,0.5383,elem|midFRPM|highPrior,35,-0.2349,par,False
growth,math,19647330119966,Felicitas and Gonzalo Mendez High,high,694,94.5245,16.2338,12.3377,2954,23765,26719,16.29,12.66,5.0313,5.0206,7.6394,1.3872,above par,4.7382,1.879,secondary|midFRPM|lowPrior,56,1.9054,above par,False
growth,math,19647336017024,Fernangeles Elementary,elementary,459,96.732,26.9565,25.6522,3711,25505,29216,20.33,6.56,3.9334,3.9914,2.5686,0.4664,par,2.2453,1.3662,elem|highFRPM|lowPrior,62,1.3806,par,False
growth,math,19647336017032,Fifteenth Street Elementary,elementary,353,95.4674,23.3161,19.171,3166,22537,25703,29.74,2.73,3.1494,3.2586,-0.5286,-0.096,par,1.0621,1.2678,elem|highFRPM|midPrior,69,1.1087,par,False
growth,math,19647336017040,Fifty-Fourth Street Elementary,elementary,209,94.7368,0.0,19.6262,5944,34940,40884,40.57,5.22,3.5702,3.4404,1.7796,0.3231,par,1.2768,0.8415,elem|midFRPM|highPrior,35,-0.2349,above par,False
growth,math,19647336017057,Fifty-Ninth Street Elementary,elementary,202,93.0693,25.2252,24.3243,4296,38385,42681,29.7,8.69,2.7069,2.573,6.117,1.1107,above par,2.036,0.6028,elem|midFRPM|midPrior,83,1.1066,par,False
growth,math,19647336017065,Fifty-Second Street Elementary,elementary,606,98.5149,29.4521,15.411,3709,27866,31575,20.71,-0.64,4.4588,4.4019,-5.0419,-0.9155,below par,-0.2027,1.3941,elem|highFRPM|lowPrior,62,1.3806,below par,False
growth,math,19647336017073,Figueroa Street Elementary,elementary,400,98.0,15.5251,16.895,3234,27794,31028,37.84,10.19,2.3217,2.3002,7.8898,1.4327,above par,3.2841,0.7413,elem|highFRPM|highPrior,24,1.1554,above par,False
growth,math,19647336017099,First Street Elementary,elementary,349,94.5559,15.493,23.4742,3518,23481,26999,31.61,11.38,3.2328,3.3352,8.0448,1.4608,above par,4.215,1.2353,elem|midFRPM|midPrior,83,1.1066,above par,False
growth,math,19647336089700,Fishburn Avenue Elementary,elementary,430,94.4186,23.2432,16.2162,3075,28115,31190,28.64,2.58,3.7194,3.6933,-1.1133,-0.2022,par,0.8272,1.1841,elem|midFRPM|midPrior,83,1.1066,par,False
growth,math,19647336017115,Fletcher Drive Elementary,elementary,156,97.4359,12.7907,22.093,4138,29760,33898,21.65,0.44,5.8534,5.9264,-5.4864,-0.9962,below par,0.1298,1.7483,elem|highFRPM|lowPrior,62,1.3806,below par,False
growth,math,19647336017123,Florence Avenue Elementary,elementary,489,97.3415,17.0213,16.5957,3403,25583,28986,33.85,8.19,3.0326,3.0327,5.1573,0.9365,above par,2.8255,1.0463,elem|highFRPM|midPrior,69,1.1087,above par,False
growth,math,19647336018527,Florence Griffith Joyner Elementary,elementary,399,99.4987,21.7617,17.0984,3933,31027,34960,14.02,7.01,6.6305,6.5763,0.4337,0.0787,par,2.0051,1.8811,elem|highFRPM|lowPrior,62,1.3806,par,False
growth,math,19647336058192,Florence Nightingale Middle,middle,773,87.3221,8.3671,16.3293,2376,23896,26272,27.56,7.1,3.9268,3.9248,3.1752,0.5766,above par,2.7025,1.4939,secondary|midFRPM|midPrior,9,1.2611,above par,True
growth,math,19647336017131,Ford Boulevard Elementary,elementary,722,96.1219,23.6559,21.2366,3432,24856,28288,38.7,6.85,0.7329,0.7117,6.1383,1.1146,above par,2.4215,0.2516,elem|highFRPM|highPrior,24,1.1554,above par,False
growth,math,19647336017149,Forty-Ninth Street Elementary,elementary,491,97.3523,33.3333,9.6491,3791,25169,28960,18.63,14.56,5.2083,5.2001,9.3599,1.6996,above par,5.0276,1.7956,elem|highFRPM|lowPrior,62,1.3806,above par,False
growth,math,19647336017156,Forty-Second Street Elementary,elementary,215,89.3023,9.375,15.625,5283,36513,41796,14.74,12.34,8.8401,8.7089,3.6311,0.6593,above par,2.9524,2.0837,elem|midFRPM|lowPrior,31,1.4856,above par,False
growth,math,19647336061451,Foshay Learning Center,k12,1530,84.7059,12.2112,9.901,2256,18758,21014,21.55,-0.7,5.3448,5.3611,-6.0611,-1.1006,below par,-0.3331,2.5512,secondary|lowFRPM|lowPrior,9,1.3921,below par,True
growth,math,19647336017164,Fourth Street Elementary,elementary,303,90.7591,20.5357,27.2321,4279,32329,36608,22.17,3.16,4.5867,4.5486,-1.3886,-0.2521,par,0.8632,1.2425,elem|midFRPM|lowPrior,31,1.4856,par,False
growth,math,19647336058291,Francisco Sepulveda Middle,middle,1052,93.9163,17.9487,15.5897,2898,22112,25010,10.05,13.2,6.1911,6.211,6.989,1.2691,above par,5.2779,2.4834,secondary|midFRPM|lowPrior,56,1.9054,above par,False
growth,math,19647330111971,Frank del Olmo Elementary,elementary,456,97.807,31.8777,17.4672,3473,22451,25924,29.72,6.83,2.1547,2.225,4.605,0.8362,above par,2.6346,0.8583,elem|highFRPM|midPrior,69,1.1087,above par,False
growth,math,19647336017172,Franklin Avenue Elementary,elementary,387,25.5814,0.0,7.9787,1223,18934,20157,73.91,4.28,1.9123,1.9276,2.3524,0.4272,par,2.1233,0.9563,elem|lowFRPM|highPrior,134,0.6039,above par,False
growth,math,19647336017180,Fries Avenue Elementary,elementary,325,90.1538,24.8175,27.7372,4705,26316,31021,18.75,8.79,4.8101,4.8753,3.9147,0.7108,above par,2.8336,1.5716,elem|midFRPM|lowPrior,31,1.4856,above par,False
growth,math,19647336017198,Fullbright Avenue Elementary,elementary,321,91.2773,34.1176,14.1176,3292,23233,26525,31.74,-3.5,2.336,2.4069,-5.9069,-1.0726,below par,-1.3195,0.9074,elem|midFRPM|midPrior,83,1.1066,below par,False
growth,math,19647336017206,Garden Grove Elementary,elementary,306,94.1176,25.641,19.2308,2490,25902,28392,49.04,-2.84,-1.1439,-1.1058,-1.7342,-0.3149,par,-1.0003,-0.3895,elem|midFRPM|highPrior,35,-0.2349,par,False
growth,math,19647336017214,Gardena Elementary,elementary,398,95.2261,28.7736,10.8491,3128,21105,24233,28.57,-0.61,3.6477,3.7377,-4.3477,-0.7895,below par,-0.2517,1.5424,elem|midFRPM|midPrior,83,1.1066,below par,False
growth,math,19647331933241,Gardena Senior High,high,1343,93.522,7.8078,12.3123,2865,22692,25557,15.69,18.84,5.9942,5.9392,12.9008,2.3426,above par,7.3718,2.3239,secondary|midFRPM|lowPrior,56,1.9054,above par,False
growth,math,19647336017222,Gardner Street Elementary,elementary,361,76.1773,20.8333,5.9524,2152,24669,26821,41.21,-1.44,3.5856,3.5778,-5.0178,-0.9112,below par,-0.5369,1.334,elem|lowFRPM|highPrior,134,0.6039,below par,False
growth,math,19647336017230,Garvanza Elementary School Technology and Leadership Magnet,elementary,239,81.59,8.8235,16.6667,3660,34664,38324,43.86,-2.68,2.9965,2.8652,-5.5452,-1.0069,below par,-0.6993,0.7476,elem|lowFRPM|highPrior,134,0.6039,below par,False
growth,math,19647336061584,Gaspar De Portola Charter Middle,middle,1461,49.0075,5.2212,15.446,1560,19658,21218,56.91,2.33,0.356,0.2875,2.0425,0.3709,par,1.0981,0.1355,secondary|lowFRPM|highPrior,20,1.1095,par,False
growth,math,19647336017248,Gates Street Elementary,elementary,450,93.7778,22.0339,21.6102,3261,24757,28018,42.54,0.44,0.3269,0.3535,0.0865,0.0157,par,0.157,0.1262,elem|midFRPM|highPrior,35,-0.2349,par,False
growth,math,19647336017255,Gault Street Elementary,elementary,298,87.9195,26.7123,23.9726,2374,22039,24413,39.42,-6.74,0.7139,0.8584,-7.5984,-1.3798,below par,-2.7608,0.3516,elem|midFRPM|highPrior,35,-0.2349,below par,False
growth,math,19647330111955,George De La Torre Jr. Elementary,elementary,598,98.495,22.7528,17.1348,3708,23085,26793,19.43,10.62,5.3081,5.3544,5.2656,0.9561,above par,3.9637,1.9984,elem|highFRPM|lowPrior,62,1.3806,above par,False
growth,math,19647336061477,George Ellery Hale Charter Academy,middle,1693,50.9746,3.7313,9.6393,1069,17263,18332,50.97,1.66,2.2446,2.2042,-0.5442,-0.0988,par,0.9055,1.2024,secondary|lowFRPM|highPrior,20,1.1095,par,False
growth,math,19647336058242,George K. Porter Middle,middle,1009,74.5292,3.5971,12.9496,2365,20022,22387,39.08,8.08,3.0906,3.088,4.992,0.9065,above par,3.6092,1.3794,secondary|lowFRPM|highPrior,20,1.1095,above par,False
growth,math,19647336057921,George Washington Carver Middle,middle,635,98.2677,24.6935,17.1629,3100,26172,29272,10.87,8.04,4.949,4.9489,3.0911,0.5613,above par,2.7467,1.6906,secondary|highFRPM|lowPrior,57,1.6883,above par,False
growth,math,19647331939305,George Washington Preparatory High,high,738,97.1545,13.8365,16.3522,3199,29758,32957,5.21,12.92,7.0757,6.9804,5.9396,1.0785,above par,3.9203,2.118,secondary|highFRPM|lowPrior,57,1.6883,above par,False
growth,math,19647330126425,"Gerald A. Lawson Academy of the Arts, Mathematics and Science",elementary,480,98.5417,34.4262,11.8852,3482,22764,26246,12.98,2.53,5.9959,6.0608,-3.5308,-0.6411,below par,0.964,2.3092,elem|highFRPM|lowPrior,62,1.3806,par,False
growth,math,19647336017263,Germain Academy For Academic Achievement,elementary,564,68.9716,6.8273,10.8434,1994,22813,24807,41.97,2.21,4.8214,4.8208,-2.6108,-0.4741,par,0.8909,1.9433,elem|lowFRPM|highPrior,134,0.6039,par,False
growth,math,19647336019244,Gil Garcetti Learning Academy,elementary,519,98.2659,28.8973,14.4487,2903,24084,26987,40.77,-3.61,0.3641,0.3712,-3.9812,-0.7229,below par,-1.3377,0.1376,elem|highFRPM|highPrior,24,1.1554,below par,False
growth,math,19647330133603,"Girls Academic Leadership Academy, Dr. Michelle King School for Sci, Tech, Eng and Math",k12,720,56.6667,0.0,5.2885,1787,22581,24368,64.72,-1.41,-0.0817,-0.1682,-1.2418,-0.2255,par,-0.5786,-0.069,secondary|lowFRPM|highPrior,20,1.1095,below par,False
growth,math,19647336017271,"Glassell Park ES Science, Technology, Engineering, Arts and Math Magnet",elementary,234,93.1624,12.7273,27.2727,3594,32243,35837,24.11,3.16,4.9538,4.9599,-1.7999,-0.3268,par,0.8818,1.384,elem|midFRPM|lowPrior,31,1.4856,par,False
growth,math,19647336017289,Gledhill Street Elementary,elementary,373,78.8204,13.7255,23.5294,3280,30817,34097,38.22,7.88,2.999,2.9333,4.9467,0.8982,above par,2.3111,0.8603,elem|lowFRPM|highPrior,134,0.6039,above par,False
growth,math,19647336017297,Glen Alta Elementary,elementary,112,97.3214,11.4286,17.1429,3928,37801,41729,39.51,-2.37,2.78,2.6899,-5.0599,-0.9188,below par,-0.568,0.6446,elem|highFRPM|highPrior,24,1.1554,below par,False
growth,math,19647336017305,Glenfeliz Boulevard Elementary,elementary,189,74.0741,0.0,16.4706,2746,32728,35474,32.65,16.16,6.9639,6.9248,9.2352,1.677,above par,4.5554,1.9521,elem|lowFRPM|midPrior,33,1.5895,above par,False
growth,math,19647336066294,Glenn Hammond Curtiss Middle,middle,341,89.7361,4.0123,19.7531,3396,32336,35732,22.32,3.91,5.2458,5.1791,-1.2691,-0.2305,par,1.0943,1.4494,secondary|midFRPM|lowPrior,56,1.9054,par,False
growth,math,19647336017313,Glenwood Elementary,elementary,189,92.0635,32.4324,20.2703,6731,34522,41253,25.77,7.12,3.2539,3.1402,3.9798,0.7227,above par,1.7259,0.7612,elem|midFRPM|midPrior,83,1.1066,par,False
growth,math,19647336017321,Graham Elementary,elementary,522,97.7011,30.4029,15.0183,3195,25980,29175,16.08,8.83,5.4821,5.4911,3.3389,0.6063,above par,3.0266,1.8821,elem|highFRPM|lowPrior,62,1.3806,above par,False
growth,math,19647336017339,Granada Elementary,elementary,370,92.973,16.6667,13.3333,2491,24453,26944,30.43,2.25,4.507,4.5629,-2.3129,-0.42,par,0.8351,1.6935,elem|midFRPM|midPrior,83,1.1066,par,False
growth,math,19647336017347,Grand View Boulevard Elementary,elementary,510,65.4902,7.9812,12.6761,2474,24037,26511,51.71,1.59,2.6555,2.6199,-1.0299,-0.187,par,0.5998,0.9882,elem|lowFRPM|highPrior,134,0.6039,par,False
growth,math,19647336017354,Grant Elementary,elementary,365,93.9726,28.5714,20.2765,3844,30568,34412,32.88,5.89,1.8567,1.7938,4.0962,0.7438,above par,1.7116,0.5213,elem|midFRPM|midPrior,83,1.1066,par,False
growth,math,19647336017362,Grape Street Elementary,elementary,333,97.8979,14.9701,12.5749,4246,26982,31228,24.72,6.64,5.716,5.7151,0.9249,0.1679,par,2.1263,1.8301,elem|highFRPM|lowPrior,62,1.3806,par,False
growth,math,19647336113419,Gratts Learning Academy for Young Scholars (GLAYS),elementary,408,96.3235,33.9623,12.7358,3352,27352,30704,26.58,-2.26,3.2193,3.1951,-5.4551,-0.9906,below par,-0.7361,1.0406,elem|highFRPM|midPrior,69,1.1087,below par,False
growth,math,19647336017388,Gridley-Montañez Dual Language Academy,elementary,454,85.9031,18.8482,8.377,3306,29581,32887,16.67,3.95,8.1444,8.0619,-4.1119,-0.7467,below par,1.2011,2.4514,elem|lowFRPM|lowPrior,3,1.2011,par,True
growth,math,19647336017396,Griffin Avenue Elementary,elementary,287,91.9861,17.6923,17.6923,3393,26553,29946,28.47,11.53,4.4875,4.5332,6.9968,1.2705,above par,3.8503,1.5138,elem|midFRPM|midPrior,83,1.1066,above par,False
growth,math,19647331931864,Grover Cleveland Charter High,high,2719,71.4969,6.8182,10.8766,2082,18893,20975,38.12,2.37,2.6607,2.5496,-0.1796,-0.0326,par,1.1299,1.2155,secondary|lowFRPM|highPrior,20,1.1095,par,False
growth,math,19647336017404,Gulf Avenue Elementary,elementary,634,92.5868,19.0635,17.3913,2887,20195,23082,36.16,2.45,2.4602,2.5373,-0.0873,-0.0159,par,1.0614,1.0993,elem|midFRPM|midPrior,83,1.1066,par,False
growth,math,19647336017412,Haddon Avenue Elementary,elementary,590,90.678,23.2877,7.8767,3809,25838,29647,26.45,-0.17,5.218,5.1535,-5.3235,-0.9667,below par,-0.0573,1.7383,elem|midFRPM|midPrior,83,1.1066,below par,False
growth,math,19647336017420,Halldale Elementary,elementary,425,86.1176,9.6257,16.5775,2574,24787,27361,44.0,6.53,2.4399,2.4584,4.0716,0.7393,above par,2.3866,0.8985,elem|lowFRPM|highPrior,134,0.6039,above par,False
growth,math,19647336017438,Hamlin Charter Academy,elementary,314,68.4713,13.6,18.4,2805,30362,33167,34.13,6.33,5.1448,5.0896,1.2404,0.2252,par,1.9085,1.5345,elem|lowFRPM|midPrior,33,1.5895,par,False
growth,math,19647336017453,Hancock Park Elementary,elementary,589,55.5178,7.0352,14.0704,1458,19852,21310,64.02,-4.38,0.5707,0.5918,-4.9718,-0.9028,below par,-2.0554,0.2777,elem|lowFRPM|highPrior,134,0.6039,below par,False
growth,math,19647336017461,Harbor City Elementary,elementary,420,92.381,16.6667,16.1905,2790,23475,26265,32.99,3.03,3.6603,3.7222,-0.6922,-0.1257,par,1.1536,1.4172,elem|midFRPM|midPrior,83,1.1066,par,False
growth,math,19647336017479,Harding Street Elementary,elementary,357,77.8711,12.426,22.4852,2280,24605,26885,37.06,-1.39,3.5767,3.6485,-5.0385,-0.9149,below par,-0.517,1.3571,elem|lowFRPM|midPrior,33,1.5895,below par,False
growth,math,19647330106955,Harmony Elementary,elementary,409,97.555,34.1837,17.3469,4816,26576,31392,20.18,4.95,4.0068,4.0005,0.9495,0.1724,par,1.5768,1.2744,elem|highFRPM|lowPrior,62,1.3806,par,False
growth,math,19647336017487,Harrison Street Elementary,elementary,229,95.1965,15.534,13.5922,6454,38543,44997,18.8,5.47,7.0939,6.8845,-1.4145,-0.2569,par,1.2156,1.53,elem|midFRPM|lowPrior,31,1.4856,par,False
growth,math,19647330126581,Harry Bridges Span,elementary,1171,90.7771,13.5458,11.8194,2687,18648,21335,40.32,1.27,2.7207,2.7366,-1.4666,-0.2663,par,0.5953,1.2827,elem|midFRPM|highPrior,35,-0.2349,par,False
growth,math,19647336017495,Hart Street Elementary,elementary,699,96.5665,41.9355,20.0,2994,21847,24841,24.38,-4.06,1.8766,1.9366,-5.9966,-1.0889,below par,-1.6344,0.7796,elem|highFRPM|lowPrior,62,1.3806,below par,False
growth,math,19647330109314,Harvard Elementary,elementary,249,95.1807,23.5294,22.6891,3686,29054,32740,36.44,-0.08,1.4266,1.4424,-1.5224,-0.2764,par,-0.0244,0.4406,elem|midFRPM|midPrior,83,1.1066,below par,False
growth,math,19647336017503,Haskell Elementary Science Technology Engineering Arts And Mathematics (STEAM) Magnet,elementary,560,74.8214,8.1851,15.6584,2026,20719,22745,46.79,2.5,2.7515,2.8076,-0.3076,-0.0559,par,1.0991,1.2344,elem|lowFRPM|highPrior,134,0.6039,par,False
growth,math,19647336017511,Hawaiian Avenue Elementary,elementary,455,96.4835,21.4612,17.8082,3279,28522,31801,23.58,1.08,4.692,4.6667,-3.5867,-0.6513,below par,0.3396,1.4675,elem|highFRPM|lowPrior,62,1.3806,below par,False
growth,math,19647336017529,Haynes Charter for Enriched Studies,elementary,381,42.7822,4.908,17.1779,1428,21341,22769,55.56,2.98,3.2398,3.2934,-0.3134,-0.0569,par,1.3088,1.4464,elem|lowFRPM|highPrior,134,0.6039,par,False
growth,math,19647336017537,Hazeltine Avenue Elementary,elementary,621,94.2029,35.5172,16.8966,3272,20947,24219,31.55,3.01,1.5629,1.622,1.388,0.252,par,1.2428,0.6697,elem|midFRPM|midPrior,83,1.1066,par,False
growth,math,19647330117069,Helen Bernstein High,high,703,93.1721,32.7957,11.2903,4266,25874,30140,9.36,12.26,4.8613,4.7845,7.4755,1.3574,above par,4.0677,1.5874,secondary|midFRPM|lowPrior,56,1.9054,above par,False
growth,math,19647336017545,Heliotrope Avenue Elementary,elementary,462,95.671,18.2692,19.2308,3228,25297,28525,37.56,9.56,1.9407,1.9575,7.6025,1.3805,above par,3.3514,0.6862,elem|highFRPM|midPrior,69,1.1087,above par,False
growth,math,19647336061469,Henry T. Gage Middle,middle,1139,95.1712,16.1439,15.5904,2729,22060,24789,19.62,-0.85,4.2321,4.2334,-5.0834,-0.9231,below par,-0.3429,1.7078,secondary|midFRPM|lowPrior,56,1.9054,below par,False
growth,math,19647336017552,Herrick Avenue Elementary,elementary,379,87.3351,16.8539,22.4719,2981,26339,29320,32.07,-5.1,3.5299,3.5667,-8.6667,-1.5737,below par,-1.7394,1.2165,elem|midFRPM|midPrior,83,1.1066,below par,False
growth,math,19647330112060,Hesby Oaks Leadership Academy,elementary,494,22.2672,1.791,11.6418,1398,19073,20471,69.38,0.77,2.4496,2.4517,-1.6817,-0.3054,par,0.3761,1.1976,elem|lowFRPM|highPrior,134,0.6039,par,False
growth,math,19647336017586,Hillcrest Drive Elementary,elementary,486,97.3251,23.5043,14.9573,3577,30340,33917,20.62,0.99,5.3277,5.2492,-4.2592,-0.7734,below par,0.2919,1.5477,elem|highFRPM|lowPrior,62,1.3806,below par,False
growth,math,19647336017081,Hillery T. Broadous Elementary,elementary,343,96.5015,31.7365,21.5569,4368,33366,37734,23.56,6.2,3.2264,3.1305,3.0695,0.5574,above par,1.6431,0.8296,elem|highFRPM|lowPrior,62,1.3806,par,False
growth,math,19647336017594,Hillside Elementary,elementary,92,91.3043,16.6667,11.9048,8190,51755,59945,34.0,11.24,4.3696,3.937,7.303,1.3261,above par,1.8751,0.6568,elem|midFRPM|midPrior,83,1.1066,par,False
growth,math,19647336017602,Hobart Boulevard Elementary,elementary,420,98.0952,33.6406,20.2765,3670,24057,27727,20.0,1.66,3.7567,3.8296,-2.1696,-0.394,par,0.5987,1.3812,elem|highFRPM|lowPrior,62,1.3806,par,False
growth,math,19647336058051,Hollenbeck Middle,middle,927,96.0086,9.5346,16.2316,2932,23007,25939,31.06,7.25,2.445,2.4327,4.8173,0.8747,above par,2.795,0.9379,secondary|highFRPM|midPrior,4,2.0996,par,True
growth,math,19647330109298,Hollywood Elementary,elementary,175,94.2857,13.5135,36.4865,5959,41521,47480,24.32,10.82,3.8581,3.7137,7.1063,1.2904,above par,2.2789,0.7822,elem|midFRPM|lowPrior,31,1.4856,par,False
growth,math,19647331934033,Hollywood Senior High,high,1025,92.6829,5.2632,15.3509,3075,24558,27633,17.07,17.13,5.7895,5.7339,11.3961,2.0693,above par,6.1991,2.075,secondary|midFRPM|lowPrior,56,1.9054,above par,False
growth,math,19647336017610,Holmes Avenue Elementary,elementary,125,100.0,17.4603,23.8095,8091,56248,64339,7.59,6.7,8.0691,7.6248,-0.9248,-0.1679,par,1.0414,1.1851,elem|highFRPM|lowPrior,62,1.3806,par,False
growth,math,19647336017628,Hooper Avenue Elementary,elementary,608,98.8487,33.8279,13.3531,3830,23996,27826,14.25,5.69,5.5524,5.5671,0.1229,0.0223,par,2.0449,2.0007,elem|highFRPM|lowPrior,62,1.3806,par,False
growth,math,19647336017636,Hoover Street Elementary,elementary,551,98.0036,22.7451,21.5686,3004,20794,23798,61.72,5.46,-4.2011,-4.1453,9.6053,1.7442,above par,2.2943,-1.7419,elem|highFRPM|highPrior,24,1.1554,above par,False
growth,math,19647330109421,Hope Street Elementary,elementary,338,93.1953,11.4094,15.4362,2614,23882,26496,26.63,-1.8,5.7022,5.7934,-7.5934,-1.3788,below par,-0.6793,2.1865,elem|midFRPM|midPrior,83,1.1066,below par,False
growth,math,19647330135681,Horace Mann UCLA Community,k12,440,95.0,13.1579,27.6316,3462,33588,37050,6.47,12.94,6.2908,6.2454,6.6946,1.2156,above par,3.4926,1.6857,secondary|midFRPM|lowPrior,56,1.9054,above par,False
growth,math,19647336017644,Hubbard Street Elementary,elementary,535,88.5981,15.4676,14.3885,2191,20466,22657,39.64,-2.72,2.7322,2.814,-5.534,-1.0049,below par,-1.2005,1.242,elem|midFRPM|highPrior,35,-0.2349,par,False
growth,math,19647336057871,Hubert Howe Bancroft Middle,middle,457,91.4661,16.21,17.5799,3408,28414,31822,14.37,12.63,5.6286,5.6066,7.0234,1.2753,above par,3.969,1.7619,secondary|midFRPM|lowPrior,56,1.9054,above par,False
growth,math,19647330122358,Humanitas Academy of Art and Technology at Esteban E. Torres High No. 4,high,398,95.4774,13.1313,21.2121,1713,18939,20652,7.23,-0.16,6.483,6.6988,-6.8588,-1.2454,below par,-0.0775,3.2437,secondary|highFRPM|lowPrior,57,1.6883,below par,False
growth,math,19647330127787,Humanities and Arts (HARTS) Academy of Los Angeles,high,296,80.7432,0.0,21.3115,1298,20360,21658,33.33,6.01,3.3568,3.5294,2.4806,0.4504,par,2.775,1.6296,secondary|lowFRPM|midPrior,18,1.5213,above par,False
growth,math,19647336017651,Humphreys Avenue Elementary,elementary,364,94.5055,26.7442,16.2791,3605,25513,29118,31.71,6.08,2.6994,2.7235,3.3565,0.6095,above par,2.0881,0.9353,elem|midFRPM|midPrior,83,1.1066,par,False
growth,math,19647336017669,Huntington Drive Elementary,elementary,282,92.9078,13.1387,31.3869,3395,33805,37200,22.06,3.84,4.8829,4.8636,-1.0236,-0.1859,par,1.0323,1.3074,elem|midFRPM|lowPrior,31,1.4856,par,False
growth,math,19647330111997,Huntington Park Elementary,elementary,261,95.4023,18.2432,17.5676,3527,26854,30381,37.66,-0.08,2.2672,2.3019,-2.3819,-0.4325,par,-0.0263,0.7577,elem|midFRPM|midPrior,83,1.1066,below par,False
growth,math,19647331934157,Huntington Park Senior High,high,1479,95.1318,15.0943,10.6918,2700,21381,24081,9.64,11.05,6.5205,6.4858,4.5642,0.8288,above par,4.5887,2.6933,secondary|midFRPM|lowPrior,56,1.9054,above par,False
growth,math,19647336114722,Independence Elementary,elementary,418,94.7368,15.8879,14.0187,3120,28019,31139,40.55,-9.07,2.1988,2.1504,-11.2204,-2.0374,below par,-2.9127,0.6906,elem|midFRPM|highPrior,35,-0.2349,below par,False
growth,math,19647330107011,International Studies Learning Center at Legacy High School Complex,k12,867,86.1592,5.2124,11.9691,1685,17923,19608,21.8,9.86,5.916,6.0308,3.8292,0.6953,above par,5.0286,3.0757,secondary|lowFRPM|lowPrior,9,1.3921,above par,True
growth,math,19647336017685,Ivanhoe Elementary,elementary,426,17.8404,0.0,10.6599,1066,17935,19001,68.64,9.14,3.2374,3.2759,5.8641,1.0648,above par,4.8103,1.7241,elem|lowFRPM|highPrior,134,0.6039,above par,False
growth,math,19647330122168,Jaime Escalante Elementary,elementary,453,95.1435,24.1379,11.2069,3935,29429,33364,49.16,-3.86,-0.3296,-0.4574,-3.4026,-0.6179,below par,-1.1569,-0.1371,elem|midFRPM|highPrior,35,-0.2349,par,False
growth,math,19647331933381,James A. Garfield Senior High,high,2237,92.8029,5.5336,15.8103,2402,19960,22362,25.72,2.82,3.6332,3.5817,-0.7617,-0.1383,par,1.2611,1.6017,secondary|midFRPM|midPrior,9,1.2611,par,True
growth,math,19647336061519,James Madison Middle,middle,1148,95.9059,21.2746,12.8397,2880,22535,25415,16.71,6.61,4.5232,4.5045,2.1055,0.3823,par,2.6008,1.7724,secondary|highFRPM|lowPrior,57,1.6883,par,False
growth,math,19647331935865,James Monroe High,high,1905,94.0682,17.3121,18.2232,2725,21721,24446,14.22,-3.72,4.4963,4.4488,-8.1688,-1.4833,below par,-1.5217,1.8199,secondary|midFRPM|lowPrior,56,1.9054,below par,False
growth,math,19647336058325,John A. Sutter Middle,middle,763,92.3984,20.8976,18.2328,3307,23424,26731,16.1,5.04,4.4655,4.4843,0.5557,0.1009,par,1.8855,1.6776,secondary|midFRPM|lowPrior,56,1.9054,par,False
growth,math,19647336057855,John Adams Middle,middle,676,96.4497,14.8092,13.1298,2894,23509,26403,35.26,-3.19,1.3329,1.3236,-4.5136,-0.8196,below par,-1.2082,0.5013,secondary|highFRPM|midPrior,4,2.0996,below par,True
growth,math,19647336018196,John B. Monlux Elementary,elementary,660,87.7273,16.9381,6.5147,2547,21506,24053,51.69,10.05,0.8023,0.7815,9.2685,1.683,above par,4.1783,0.3249,elem|midFRPM|highPrior,35,-0.2349,above par,False
growth,math,19647336061410,John Burroughs Middle,middle,1302,79.9539,5.7785,6.6613,2173,17421,19594,45.72,2.69,1.6607,1.6519,1.0381,0.1885,par,1.3729,0.8431,secondary|lowFRPM|highPrior,20,1.1095,par,False
growth,math,19647331933118,John C. Fremont Senior High,high,1889,97.459,17.5926,10.1852,2564,20663,23227,14.39,-0.5,5.0566,5.0035,-5.5035,-0.9994,below par,-0.2153,2.1542,secondary|highFRPM|lowPrior,57,1.6883,below par,False
growth,math,19647331939941,John F. Kennedy High,high,2152,72.026,3.2389,10.7287,2087,20286,22373,30.28,2.72,4.7922,4.6943,-1.9743,-0.3585,par,1.2158,2.0982,secondary|lowFRPM|midPrior,18,1.5213,par,False
growth,math,19647331932987,John H. Francis Polytechnic,high,2124,93.5499,9.4923,11.0375,2561,21228,23789,19.03,4.58,5.0964,5.0148,-0.4348,-0.079,par,1.9253,2.108,secondary|midFRPM|lowPrior,56,1.9054,par,False
growth,math,19647330114199,John H. Liechty Middle,middle,748,98.262,27.9202,20.0855,3247,24803,28050,12.2,5.19,3.951,3.9649,1.2251,0.2225,par,1.8503,1.4135,secondary|highFRPM|lowPrior,57,1.6883,par,False
growth,math,19647331935568,John Marshall Senior High,high,1842,71.1726,3.8554,14.6988,2128,19690,21818,46.46,-4.37,0.9219,0.8379,-5.2079,-0.9457,below par,-2.0029,0.384,secondary|lowFRPM|highPrior,20,1.1095,below par,False
growth,math,19647336058176,John Muir Middle,middle,624,98.7179,22.0395,14.4737,3411,25919,29330,6.73,8.15,6.3951,6.3934,1.7566,0.319,par,2.7787,2.1798,secondary|highFRPM|lowPrior,57,1.6883,above par,False
growth,math,19647330109355,John W. Mack Elementary,elementary,283,96.4664,23.8095,11.9048,4709,32550,37259,22.3,1.09,5.453,5.3522,-4.2622,-0.7739,below par,0.2925,1.4365,elem|highFRPM|lowPrior,62,1.3806,below par,False
growth,math,19647336061535,"Johnnie Cochran, Jr., Middle",middle,441,94.5578,22.276,28.0872,3736,32469,36205,9.73,2.48,4.654,4.605,-2.125,-0.3859,par,0.685,1.2719,secondary|midFRPM|lowPrior,56,1.9054,below par,False
growth,math,19647331934454,Jordan High,high,797,97.867,6.5041,18.6992,3051,24841,27892,6.21,18.58,7.3685,7.3719,11.2081,2.0352,above par,6.6614,2.643,secondary|highFRPM|lowPrior,57,1.6883,above par,False
growth,math,19647336061501,Joseph Le Conte Middle,middle,627,94.7368,20.8197,17.7049,3245,23149,26394,14.8,1.25,4.7113,4.7597,-3.5097,-0.6373,below par,0.4736,1.8033,secondary|midFRPM|lowPrior,56,1.9054,below par,False
growth,math,19647330122176,Judith F. Baca Arts Academy,elementary,495,97.7778,22.7799,16.2162,3290,24135,27425,31.89,-1.62,2.8179,2.8462,-4.4662,-0.811,below par,-0.5907,1.0378,elem|highFRPM|midPrior,69,1.1087,below par,False
growth,math,19647330122192,Julie Korenstein Elementary,elementary,311,96.463,38.7324,11.2676,3658,25067,28725,22.22,10.15,3.8411,3.8825,6.2675,1.1381,above par,3.5335,1.3516,elem|highFRPM|lowPrior,62,1.3806,above par,False
growth,math,19647336017693,Justice Street Academy Charter,elementary,430,41.8605,3.6842,14.7368,1244,19646,20890,65.78,-1.38,1.4616,1.5098,-2.8898,-0.5247,below par,-0.6606,0.7227,elem|lowFRPM|highPrior,134,0.6039,below par,False
growth,math,19647330135707,Katherine Johnson STEM Academy,middle,133,70.6767,6.015,22.5564,1543,27088,28631,28.46,15.48,4.8865,5.0316,10.4484,1.8973,above par,5.4067,1.7574,secondary|lowFRPM|midPrior,18,1.5213,above par,False
growth,math,19647336017701,Kenter Canyon Elementary Charter,elementary,453,13.245,0.0,16.3158,1024,19000,20024,84.62,-3.04,-0.5149,-0.5117,-2.5283,-0.4591,par,-1.5182,-0.2556,elem|lowFRPM|highPrior,134,0.6039,below par,False
growth,math,19647336017719,Kentwood Elementary,elementary,352,30.3977,0.0,19.2,1987,23478,25465,69.57,11.23,1.3821,1.3658,9.8642,1.7912,above par,4.41,0.5364,elem|lowFRPM|highPrior,134,0.6039,above par,False
growth,math,19647336017727,Kester Avenue Elementary,elementary,886,46.9526,7.8049,13.6585,1544,18614,20158,71.53,1.11,-0.6454,-0.6698,1.7798,0.3232,par,0.5506,-0.3323,elem|lowFRPM|highPrior,134,0.6039,par,False
growth,math,19647330109405,Kingsley Elementary,elementary,288,96.5278,37.4046,12.2137,3660,26295,29955,29.63,6.34,2.3127,2.3307,4.0093,0.728,above par,2.1165,0.7781,elem|highFRPM|midPrior,69,1.1087,par,False
growth,math,19647336017735,Kittridge Street Elementary,elementary,768,93.099,28.3333,10.8333,2315,18247,20562,24.33,12.87,4.5718,4.6668,8.2032,1.4896,above par,6.2591,2.2696,elem|midFRPM|lowPrior,31,1.4856,above par,False
growth,math,19647336017743,Knollwood Preparatory Academy,elementary,381,61.6798,4.5161,20.0,1861,26438,28299,41.85,1.1,4.7189,4.7243,-3.6243,-0.6581,below par,0.3887,1.6694,elem|lowFRPM|highPrior,134,0.6039,par,False
growth,math,19647336017750,La Salle Avenue Elementary,elementary,330,95.7576,10.596,16.5563,3476,28094,31570,25.87,1.1,5.6804,5.6877,-4.5877,-0.833,below par,0.3484,1.8016,elem|highFRPM|midPrior,69,1.1087,par,False
growth,math,19647336017768,Lanai Road Elementary,elementary,566,10.424,0.0,7.451,1222,18425,19647,79.92,0.86,1.5496,1.5055,-0.6455,-0.1172,par,0.4377,0.7663,elem|lowFRPM|highPrior,134,0.6039,par,False
growth,math,19647336017776,Langdon Avenue Elementary,elementary,532,96.0526,27.1255,17.004,3526,24207,27733,20.53,-2.81,4.7842,4.8183,-7.6283,-1.3852,below par,-1.0132,1.7374,elem|highFRPM|lowPrior,62,1.3806,below par,False
growth,math,19647336017784,Lankershim Elementary,elementary,326,92.9448,37.3984,18.6992,2386,26899,29285,25.53,3.6,2.7117,2.7588,0.8412,0.1527,par,1.2293,0.9421,elem|midFRPM|midPrior,83,1.1066,par,False
growth,math,19647336017792,Lassen Elementary,elementary,412,89.0777,27.1277,21.8085,2682,26366,29048,41.32,-5.57,0.3246,0.3369,-5.9069,-1.0726,below par,-1.9175,0.116,elem|midFRPM|highPrior,35,-0.2349,below par,False
growth,math,19647336017800,Latona Avenue Elementary,elementary,149,89.2617,10.8108,17.5676,2986,31679,34665,43.04,-11.96,2.488,2.4879,-14.4479,-2.6235,below par,-3.4502,0.7177,elem|midFRPM|highPrior,35,-0.2349,below par,False
growth,math,19647336017826,Leapwood Avenue Elementary,elementary,222,72.0721,0.0,17.0213,2201,28435,30636,31.52,7.84,7.235,7.272,0.568,0.1031,par,2.5591,2.3737,elem|lowFRPM|midPrior,33,1.5895,par,False
growth,math,19647336017834,Leland Street Elementary,elementary,418,83.4928,8.5859,16.6667,2620,24098,26718,31.13,2.04,5.4892,5.5418,-3.5018,-0.6359,below par,0.7635,2.0742,elem|lowFRPM|midPrior,33,1.5895,par,False
growth,math,19647336017842,Lemay Street Elementary,elementary,334,91.9162,14.9351,22.7273,2947,28155,31102,32.21,15.53,3.4266,3.4496,12.0804,2.1936,above par,4.9932,1.1091,elem|midFRPM|midPrior,83,1.1066,above par,False
growth,math,19647336019483,Lenicia B. Weemes Elementary,elementary,394,95.6853,16.2921,7.3034,4498,30377,34875,25.97,0.0,5.9504,5.8367,-5.8367,-1.0598,below par,0.0,1.6736,elem|highFRPM|midPrior,69,1.1087,below par,False
growth,math,19647336110266,Leo Politi Elementary,elementary,504,94.4444,35.8025,21.3992,4507,28199,32706,18.59,3.9,3.8863,3.8486,0.0514,0.0093,par,1.1924,1.1767,elem|midFRPM|lowPrior,31,1.4856,par,False
growth,math,19647336017859,Liberty Boulevard Elementary,elementary,410,96.8293,20.4301,23.1183,3050,26005,29055,32.21,5.16,2.3986,2.4434,2.7166,0.4933,par,1.7759,0.841,elem|highFRPM|midPrior,69,1.1087,par,False
growth,math,19647336017867,Liggett Street Elementary,elementary,550,91.2727,20.1681,20.1681,3177,23409,26586,33.33,0.83,2.7763,2.8168,-1.9868,-0.3608,par,0.3122,1.0595,elem|midFRPM|midPrior,83,1.1066,par,False
growth,math,19647336017875,Lillian Street Elementary,elementary,302,94.702,24.6667,10.6667,3501,24899,28400,23.98,3.35,5.222,5.2708,-1.9208,-0.3488,par,1.1796,1.8559,elem|midFRPM|lowPrior,31,1.4856,par,False
growth,math,19647336017883,Limerick Avenue Elementary,elementary,656,94.9695,20.9524,15.2381,3687,21497,25184,42.73,0.96,0.8988,0.9146,0.0454,0.0082,par,0.3812,0.3632,elem|midFRPM|highPrior,35,-0.2349,par,False
growth,math,19647330126516,Linda Esperanza Marquez High A Huntington Park Institute of Applied Medicine,high,729,93.4156,4.6512,8.1395,3837,18619,22456,25.79,10.84,4.7839,4.8181,6.0219,1.0935,above par,4.8272,2.1456,secondary|midFRPM|midPrior,9,1.2611,above par,True
growth,math,19647330126524,Linda Esperanza Marquez High B LIBRA Academy,high,615,94.3089,4.1379,7.5862,1668,17389,19057,15.97,4.17,7.0001,7.132,-2.962,-0.5378,below par,2.1882,3.7424,secondary|midFRPM|lowPrior,56,1.9054,par,False
growth,math,19647330126532,Linda Esperanza Marquez High C School of Social Justice,high,541,95.0092,12.5,5.0,1992,17852,19844,13.45,8.22,6.8668,6.9886,1.2314,0.2236,par,4.1423,3.5218,secondary|midFRPM|lowPrior,56,1.9054,above par,False
growth,math,19647336017891,Lockhurst Drive Charter Elementary,elementary,438,31.7352,7.027,14.5946,1510,24754,26264,65.24,3.78,1.8659,1.799,1.981,0.3597,par,1.4392,0.685,elem|lowFRPM|highPrior,134,0.6039,par,False
growth,math,19647336017909,Lockwood Avenue Elementary,elementary,285,96.4912,30.4878,12.1951,3745,30691,34436,24.12,1.17,4.2797,4.2266,-3.0566,-0.555,below par,0.3398,1.2274,elem|highFRPM|lowPrior,62,1.3806,below par,False
growth,math,19647336017917,Logan Academy of Global Ecology,elementary,362,93.6464,19.3798,18.6047,3651,31941,35592,19.6,7.6,5.9417,5.877,1.723,0.3129,par,2.1353,1.6512,elem|midFRPM|lowPrior,31,1.4856,par,False
growth,math,19647336017925,Loma Vista Elementary,elementary,498,97.992,24.6914,18.5185,3443,24368,27811,30.89,12.78,2.5617,2.5926,10.1874,1.8499,above par,4.5953,0.9322,elem|highFRPM|midPrior,69,1.1087,above par,False
growth,math,19647336066278,Loren Miller Elementary,elementary,601,99.0017,31.746,13.0159,3473,24445,27918,25.52,2.61,3.3897,3.384,-0.774,-0.1405,par,0.9349,1.2121,elem|highFRPM|midPrior,69,1.1087,par,False
growth,math,19647336017941,Lorena Street Elementary,elementary,383,99.7389,27.3684,21.5789,3904,27211,31115,17.22,9.52,4.839,4.8722,4.6478,0.844,above par,3.0596,1.5659,elem|highFRPM|lowPrior,62,1.3806,above par,False
growth,math,19647336017958,Loreto Street Elementary,elementary,250,92.0,20.339,28.8136,3731,27053,30784,29.17,3.89,2.9082,2.9957,0.8943,0.1624,par,1.2636,0.9731,elem|midFRPM|midPrior,83,1.1066,par,False
growth,math,19647336017966,Lorne Street Elementary,elementary,372,70.9677,6.7073,19.5122,2186,23234,25420,36.52,6.93,5.0794,5.1579,1.7721,0.3218,par,2.7262,2.0291,elem|lowFRPM|midPrior,33,1.5895,above par,False
growth,math,19647336115794,Los Angeles Academy Middle,middle,829,97.7081,20.0772,12.0978,3166,26564,29730,12.92,6.24,5.5217,5.462,0.778,0.1413,par,2.0989,1.8372,secondary|highFRPM|lowPrior,57,1.6883,par,False
growth,math,19647336111512,Los Angeles Elementary,elementary,406,95.5665,32.6316,17.3684,3858,29166,33024,25.0,-5.81,3.2715,3.2255,-9.0355,-1.6407,below par,-1.7593,0.9767,elem|highFRPM|midPrior,69,1.1087,below par,False
growth,math,19647330117747,Los Angeles High School of the Arts,high,431,96.0557,23.0769,20.8791,2128,19829,21957,19.0,-0.32,2.8136,2.9716,-3.2916,-0.5977,below par,-0.1457,1.3534,secondary|highFRPM|lowPrior,57,1.6883,below par,False
growth,math,19647331935352,Los Angeles Senior High,high,978,90.7975,19.3676,13.834,3010,25241,28251,9.06,2.4,6.2268,6.1644,-3.7644,-0.6836,below par,0.8495,2.182,secondary|midFRPM|lowPrior,56,1.9054,below par,False
growth,math,19647336017974,Los Feliz Science/Tech/Engineer/Math/Medicine Magnet,elementary,428,81.0748,17.4528,12.7358,2033,18403,20436,47.14,-5.67,1.6146,1.733,-7.403,-1.3443,below par,-2.7745,0.848,elem|lowFRPM|highPrior,134,0.6039,below par,False
growth,math,19647336058150,Louis Armstrong Middle,middle,1174,62.5213,6.0552,11.6652,1814,19371,21185,37.94,1.56,3.9287,3.9155,-2.3555,-0.4277,par,0.7364,1.8483,secondary|lowFRPM|highPrior,20,1.1095,par,False
growth,math,19647336018485,Lovelia P. Flournoy Elementary,elementary,382,97.3822,29.2453,21.2264,4197,28222,32419,15.07,-4.12,5.281,5.2889,-9.4089,-1.7085,below par,-1.2709,1.6314,elem|highFRPM|lowPrior,62,1.3806,below par,False
growth,math,19647336017982,Loyola Village Fine And Performing Arts Magnet,elementary,161,78.882,0.0,15.9091,2835,33917,36752,33.64,-13.19,6.5431,6.498,-19.688,-3.575,below par,-3.5889,1.7681,elem|lowFRPM|midPrior,33,1.5895,below par,False
growth,math,19647330126391,Lucille Roybal-Allard Elementary,elementary,477,91.8239,24.0175,9.1703,3078,24222,27300,31.9,5.17,3.811,3.8098,1.3602,0.247,par,1.8938,1.3955,elem|midFRPM|midPrior,83,1.1066,par,False
growth,math,19647336120810,MacArthur Park Elementary School for the Visual and Performing Arts,elementary,338,97.929,54.9383,9.8765,3712,25015,28727,22.73,3.33,1.9461,1.9673,1.3627,0.2474,par,1.1592,0.6848,elem|highFRPM|lowPrior,62,1.3806,par,False
growth,math,19647330109413,Madison Elementary,elementary,482,93.9834,32.3651,15.7676,2911,23167,26078,35.29,-0.58,1.3119,1.3527,-1.9327,-0.3509,par,-0.2224,0.5187,elem|midFRPM|midPrior,83,1.1066,below par,False
growth,math,19647336017990,Magnolia Avenue Elementary,elementary,545,99.8165,19.305,18.1467,3480,23299,26779,24.11,12.87,4.5207,4.5759,8.2941,1.5061,above par,4.806,1.7088,elem|highFRPM|lowPrior,62,1.3806,above par,False
growth,math,19647336018006,Main Street Elementary,elementary,623,96.7897,47.5694,8.6806,3936,23865,27801,22.58,1.13,2.8387,2.8102,-1.6802,-0.3051,par,0.4065,1.0108,elem|highFRPM|lowPrior,62,1.3806,par,False
growth,math,19647336018014,Malabar Street Elementary,elementary,418,96.6507,23.6287,26.1603,3668,23317,26985,35.62,-8.27,0.9936,1.0804,-9.3504,-1.6979,below par,-3.0647,0.4004,elem|highFRPM|midPrior,69,1.1087,below par,False
growth,math,19647336018022,Manchester Avenue Elementary,elementary,509,98.0354,32.2767,11.5274,3347,22942,26289,22.85,0.31,4.1678,4.2075,-3.8975,-0.7077,below par,0.1179,1.6005,elem|highFRPM|lowPrior,62,1.3806,below par,False
growth,math,19647336018030,Manhattan Place Elementary,elementary,218,95.4128,25.3333,16.0,4930,50934,55864,6.25,1.44,8.4428,8.0619,-6.6219,-1.2024,below par,0.2578,1.4431,elem|midFRPM|lowPrior,31,1.4856,below par,False
growth,math,19647331935519,Manual Arts Senior High,high,1001,97.5025,24.5192,10.0962,3584,24690,28274,8.43,3.05,5.7399,5.6658,-2.6158,-0.475,par,1.0787,2.0039,secondary|highFRPM|lowPrior,57,1.6883,par,False
growth,math,19647336018048,Mar Vista Elementary,elementary,590,14.9153,0.0,11.583,974,17856,18830,80.74,5.36,0.6386,0.6257,4.7343,0.8597,above par,2.8465,0.3323,elem|lowFRPM|highPrior,134,0.6039,above par,False
growth,math,19647330126417,Marguerite Poindexter LaMotte Elementary,elementary,449,97.7728,37.8723,12.766,4116,23186,27302,14.29,2.31,5.3031,5.3543,-3.0443,-0.5528,below par,0.8461,1.9611,elem|highFRPM|lowPrior,62,1.3806,par,False
growth,math,19647336018055,Marianna Avenue Elementary,elementary,281,92.1708,24.8175,15.3285,3207,27292,30499,33.33,-0.24,2.8863,2.9031,-3.1431,-0.5707,below par,-0.0787,0.9519,elem|midFRPM|midPrior,83,1.1066,below par,False
growth,math,19647336058127,Marina del Rey Middle,middle,300,87.3333,8.9494,22.5681,5847,39193,45040,11.73,7.58,6.8646,6.6614,0.9186,0.1668,par,1.6829,1.479,secondary|midFRPM|lowPrior,56,1.9054,par,False
growth,math,19647336058135,Mark Twain Middle,middle,974,57.5975,3.3368,13.4515,1612,19494,21106,41.17,5.12,3.7179,3.7232,1.3968,0.2536,par,2.4259,1.764,secondary|lowFRPM|highPrior,20,1.1095,above par,False
growth,math,19647336018063,Marquez Charter,elementary,314,16.5605,0.0,11.3208,1189,21118,22307,78.67,-2.25,1.1745,1.1668,-3.4168,-0.6204,below par,-1.0087,0.523,elem|lowFRPM|highPrior,134,0.6039,below par,False
growth,math,19647336019061,Martin Luther King Jr. Elementary,elementary,278,98.9209,28.0,19.3333,3477,30611,34088,15.06,4.81,5.6075,5.6119,-0.8019,-0.1456,par,1.4111,1.6463,elem|highFRPM|lowPrior,62,1.3806,par,False
growth,math,19647336018071,Marvin Elementary,elementary,503,91.2525,12.3016,23.0159,3659,26988,30647,47.78,-0.72,0.2746,0.2378,-0.9578,-0.1739,par,-0.2349,0.0776,elem|midFRPM|highPrior,35,-0.2349,par,False
growth,math,19647336058143,Mary McLeod Bethune Middle,middle,843,97.6275,21.9512,13.0488,2893,23768,26661,15.44,3.33,4.6705,4.6655,-1.3355,-0.2425,par,1.249,1.7499,secondary|highFRPM|lowPrior,57,1.6883,par,False
growth,math,19647330109397,Maurice Sendak Elementary,elementary,421,95.0119,21.5962,18.3099,3253,22304,25557,30.41,2.47,3.2705,3.3594,-0.8894,-0.1615,par,0.9665,1.3145,elem|midFRPM|midPrior,83,1.1066,par,False
growth,math,19647336018089,Mayall Street Elementary,elementary,471,64.9682,7.9295,13.6564,1767,21816,23583,69.1,-4.47,-1.1278,-1.1266,-3.3434,-0.6071,below par,-1.8954,-0.4777,elem|lowFRPM|highPrior,134,0.6039,below par,False
growth,math,19647336018097,Mayberry Street Elementary,elementary,128,88.2812,0.0,35.0877,4287,44270,48557,21.82,20.29,6.5267,6.3924,13.8976,2.5236,above par,4.1786,1.3165,elem|midFRPM|lowPrior,31,1.4856,above par,False
growth,math,19647330109462,Maywood Academy High,high,1012,96.7391,17.2414,15.3257,2994,21165,24159,10.04,1.88,5.7053,5.7281,-3.8481,-0.6987,below par,0.7782,2.371,secondary|highFRPM|lowPrior,57,1.6883,par,False
growth,math,19647330109363,Maywood Elementary,elementary,426,95.7746,15.1351,15.6757,3108,20793,23901,40.78,10.28,1.9875,2.0812,8.1988,1.4888,above par,4.3011,0.8707,elem|highFRPM|highPrior,24,1.1554,above par,False
growth,math,19647336018105,McKinley Avenue Elementary,elementary,474,99.1561,24.4604,15.4676,3919,24379,28298,19.06,-3.21,5.3913,5.4276,-8.6376,-1.5684,below par,-1.1344,1.918,elem|highFRPM|lowPrior,62,1.3806,below par,False
growth,math,19647336018113,Melrose Avenue Elementary,elementary,419,45.8234,5.4299,14.9321,1331,21222,22553,69.96,1.08,0.098,0.1148,0.9652,0.1753,par,0.4789,0.0509,elem|lowFRPM|highPrior,134,0.6039,par,False
growth,math,19647336018121,Melvin Avenue Elementary,elementary,379,91.029,32.2222,18.8889,2391,25229,27620,34.44,1.67,1.4376,1.4856,0.1844,0.0335,par,0.6046,0.5379,elem|midFRPM|midPrior,83,1.1066,par,False
growth,math,19647336018139,Menlo Avenue Elementary,elementary,531,98.8701,27.2436,13.141,2794,23801,26595,24.85,6.7,4.0665,4.102,2.598,0.4717,par,2.5193,1.5424,elem|highFRPM|midPrior,69,1.1087,above par,False
growth,math,19647330126573,Mervyn M. Dymally High,high,654,98.318,14.7887,15.493,3256,28633,31889,7.56,6.62,6.5112,6.442,0.178,0.0323,par,2.076,2.0201,secondary|highFRPM|lowPrior,57,1.6883,par,False
growth,math,19647336018147,Meyler Street Elementary,elementary,603,95.5224,12.9496,14.7482,2406,21538,23944,33.85,-2.75,3.7437,3.8088,-6.5588,-1.191,below par,-1.1485,1.5907,elem|highFRPM|midPrior,69,1.1087,below par,False
growth,math,19647330126441,Michelle Obama Elementary,elementary,570,98.0702,28.1481,12.5926,3014,21579,24593,18.43,9.01,5.4365,5.5099,3.5001,0.6356,above par,3.6636,2.2404,elem|highFRPM|lowPrior,62,1.3806,above par,False
growth,math,19647336018154,Micheltorena Street Elementary,elementary,388,39.9485,3.1447,17.6101,1956,22828,24784,52.63,1.8,4.1998,4.2181,-2.4181,-0.4391,par,0.7263,1.7019,elem|lowFRPM|highPrior,134,0.6039,par,False
growth,math,19647330102913,Middle College High,high,361,88.6427,0.0,0.0,1534,19222,20756,55.13,14.44,0.3439,0.3968,14.0432,2.55,above par,6.957,0.1912,secondary|midFRPM|highPrior,2,3.3169,above par,True
growth,math,19647336018162,Middleton Street Elementary,elementary,601,99.1681,23.1947,15.5361,3276,21926,25202,35.38,0.29,1.9505,1.9928,-1.7028,-0.3092,par,0.1151,0.7907,elem|highFRPM|midPrior,69,1.1087,par,False
growth,math,19647336018170,Miles Avenue Elementary,elementary,788,94.2893,28.0112,18.2073,3181,24956,28137,24.69,1.94,3.672,3.6527,-1.7127,-0.311,par,0.6895,1.2982,elem|midFRPM|lowPrior,31,1.4856,par,False
growth,math,19647336018188,Miramonte Elementary,elementary,631,96.6719,22.4913,16.263,3785,30141,33926,11.46,9.65,7.2466,7.1614,2.4886,0.4519,par,2.8444,2.1109,elem|highFRPM|lowPrior,62,1.3806,above par,False
growth,math,19647336107403,Montara Avenue Elementary,elementary,554,93.3213,15.4122,14.3369,3344,25795,29139,41.99,2.45,1.9245,1.8817,0.5683,0.1032,par,0.8408,0.6458,elem|midFRPM|highPrior,35,-0.2349,above par,False
growth,math,19647336018212,Monte Vista Street Elementary,elementary,181,88.3978,17.8295,35.6589,5387,37795,43182,24.48,6.53,3.7976,3.7188,2.8112,0.5105,above par,1.5122,0.8612,elem|midFRPM|lowPrior,31,1.4856,par,False
growth,math,19647336018220,Morningside Elementary,elementary,408,94.1176,13.7755,27.551,3018,24064,27082,18.91,7.96,5.7153,5.8384,2.1216,0.3852,par,2.9392,2.1558,elem|midFRPM|lowPrior,31,1.4856,above par,False
growth,math,19647336018881,Morris K. Hamasaki Elementary,elementary,316,91.1392,4.2553,11.7021,2860,25993,28853,52.02,-2.81,1.584,1.5795,-4.3895,-0.7971,below par,-0.9739,0.5474,elem|midFRPM|highPrior,35,-0.2349,par,False
growth,math,19647336018238,Mountain View Elementary,elementary,567,75.8377,17.3913,4.3478,2580,17376,19956,42.8,0.62,3.6985,3.7641,-3.1441,-0.5709,below par,0.3107,1.8862,elem|lowFRPM|highPrior,134,0.6039,par,False
growth,math,19647336058168,Mt. Gleason Middle,middle,753,81.6733,8.2993,14.6939,2318,22845,25163,31.48,1.58,3.6339,3.636,-2.056,-0.3733,par,0.6279,1.445,secondary|lowFRPM|midPrior,18,1.5213,par,False
growth,math,19647336018246,Mt. Washington Elementary,elementary,430,18.1395,0.0,10.4167,1307,17829,19136,72.22,-0.87,2.4711,2.4991,-3.3691,-0.6118,below par,-0.4546,1.306,elem|lowFRPM|highPrior,134,0.6039,below par,False
growth,math,19647336018253,Multnomah Street Elementary,elementary,322,73.2919,5.625,11.25,3137,23194,26331,57.24,3.39,1.5001,1.5102,1.8798,0.3413,par,1.2875,0.5736,elem|lowFRPM|highPrior,134,0.6039,par,False
growth,math,19647336018261,Murchison Street Elementary,elementary,312,98.3974,12.8571,22.8571,5124,37897,43021,33.51,2.66,2.9666,2.7787,-0.1187,-0.0216,par,0.6183,0.6459,elem|highFRPM|midPrior,69,1.1087,par,False
growth,math,19647336018279,Napa Street Elementary,elementary,402,94.7761,29.1667,27.0833,5047,29201,34248,26.57,5.39,2.3547,2.324,3.066,0.5567,above par,1.5738,0.6786,elem|midFRPM|midPrior,83,1.1066,par,False
growth,math,19647331936160,Nathaniel Narbonne Senior High,high,1549,83.9897,8.4986,13.5977,2889,20872,23761,25.26,3.43,4.299,4.2408,-0.8108,-0.1472,par,1.4435,1.7848,secondary|lowFRPM|midPrior,18,1.5213,par,False
growth,math,19647330129585,Nava College Preparatory Academy,high,598,99.1639,8.3969,19.084,1974,19480,21454,18.42,-2.39,4.4828,4.6187,-7.0087,-1.2727,below par,-1.114,2.1528,secondary|highFRPM|lowPrior,57,1.6883,below par,False
growth,math,19647336018287,Nestle Avenue Charter,elementary,421,72.209,20.7447,16.4894,2141,21646,23787,48.26,3.78,1.1863,1.2459,2.5341,0.4602,par,1.5891,0.5238,elem|lowFRPM|highPrior,134,0.6039,par,False
growth,math,19647336018295,Nevada Avenue Elementary,elementary,379,87.3351,23.5294,9.8039,2938,26112,29050,26.97,-2.13,5.2106,5.207,-7.337,-1.3323,below par,-0.7332,1.7924,elem|midFRPM|midPrior,83,1.1066,below par,False
growth,math,19647336018303,Nevin Avenue Elementary,elementary,478,97.6987,30.2632,14.9123,3438,25089,28527,38.72,-2.2,0.6621,0.6531,-2.8531,-0.5181,below par,-0.7712,0.2289,elem|highFRPM|highPrior,24,1.1554,below par,False
growth,math,19647330119685,New Open World Academy K-12,k12,911,97.5851,26.0579,12.0267,2592,18923,21515,15.73,4.31,4.1321,4.2207,0.0893,0.0162,par,2.0033,1.9618,secondary|highFRPM|lowPrior,57,1.6883,par,False
growth,math,19647336018311,Newcastle Elementary,elementary,299,90.6355,21.1268,30.9859,3045,27804,30849,43.88,-3.74,-0.5328,-0.4837,-3.2563,-0.5913,below par,-1.2124,-0.1568,elem|midFRPM|highPrior,35,-0.2349,par,False
growth,math,19647336018337,Ninety-Fifth Street Elementary,elementary,745,98.9262,17.3554,13.2231,3579,23666,27245,29.2,2.22,4.1349,4.1195,-1.8995,-0.3449,par,0.8148,1.512,elem|highFRPM|midPrior,69,1.1087,par,False
growth,math,19647336018345,Ninety-Ninth Street Elementary,elementary,487,97.1253,15.5462,13.8655,2859,26137,28996,37.4,9.07,2.7359,2.7194,6.3506,1.1532,above par,3.128,0.9379,elem|highFRPM|midPrior,69,1.1087,above par,False
growth,math,19647336018352,Ninety-Second Street Elementary,elementary,568,98.5915,18.4375,12.8125,3296,24474,27770,40.0,-2.42,1.8278,1.8098,-4.2298,-0.7681,below par,-0.8714,0.6517,elem|highFRPM|highPrior,24,1.1554,below par,False
growth,math,19647336018378,Ninety-Sixth Street Elementary,elementary,527,96.9639,16.2162,16.2162,3890,26335,30225,26.55,0.48,4.7373,4.7172,-4.2372,-0.7694,below par,0.1588,1.5607,elem|highFRPM|midPrior,69,1.1087,par,False
growth,math,19647336018386,Ninety-Third Street Elementary,elementary,772,97.5389,25.75,19.0,3227,24170,27397,27.01,5.83,3.139,3.1394,2.6906,0.4886,par,2.128,1.1459,elem|highFRPM|midPrior,69,1.1087,par,False
growth,math,19647336104814,Ninth Street Elementary,elementary,302,99.0066,41.5385,18.4615,3815,27413,31228,15.43,-2.27,4.0758,4.1158,-6.3858,-1.1596,below par,-0.7269,1.318,elem|highFRPM|lowPrior,62,1.3806,below par,False
growth,math,19647336018394,Noble Avenue Elementary,elementary,656,94.2073,36.3057,19.4268,3390,25383,28773,23.41,-0.53,2.9449,2.9367,-3.4667,-0.6295,below par,-0.1842,1.0206,elem|midFRPM|lowPrior,31,1.4856,below par,False
growth,math,19647336018402,Nora Sterry Elementary,elementary,188,84.0426,13.7931,28.7356,3533,30059,33592,33.33,-9.47,3.3436,3.3946,-12.8646,-2.336,below par,-2.8191,1.0105,elem|lowFRPM|midPrior,33,1.5895,below par,False
growth,math,19647336018410,Normandie Avenue Elementary,elementary,509,97.446,30.7087,18.1102,4461,31254,35715,22.22,0.95,3.8253,3.7155,-2.7655,-0.5022,below par,0.266,1.0403,elem|highFRPM|lowPrior,62,1.3806,below par,False
growth,math,19647336018428,Normont Elementary,elementary,270,98.5185,20.0,19.0909,3850,38380,42230,25.78,6.65,4.2563,4.0939,2.5561,0.4642,par,1.5747,0.9694,elem|highFRPM|midPrior,69,1.1087,par,False
growth,math,19647331936350,North Hollywood Senior High,high,2444,71.9722,5.1661,9.7786,2150,18208,20358,40.42,1.82,2.4642,2.3686,-0.5486,-0.0996,par,0.894,1.1635,secondary|lowFRPM|highPrior,20,1.1095,par,False
growth,math,19647330107003,Northridge Academy High,high,832,85.4567,5.1282,14.7436,2707,21324,24031,22.57,1.79,5.2068,5.221,-3.431,-0.623,below par,0.7449,2.1726,secondary|lowFRPM|lowPrior,9,1.3921,par,True
growth,math,19647336058200,Northridge Middle,middle,670,94.7761,18.72,20.0,3332,25331,28663,12.73,2.53,5.1303,5.1429,-2.6129,-0.4745,par,0.8827,1.7942,secondary|midFRPM|lowPrior,56,1.9054,par,False
growth,math,19647336018436,Norwood Street Elementary,elementary,347,95.389,21.4286,21.4286,4032,25091,29123,20.91,9.19,5.0328,5.1046,4.0854,0.7418,above par,3.1556,1.7528,elem|midFRPM|lowPrior,31,1.4856,above par,False
growth,math,19647336110274,Nueva Vista Elementary,elementary,636,93.0818,20.7865,15.4494,3028,22569,25597,30.39,4.72,3.6798,3.7112,1.0088,0.1832,par,1.844,1.4499,elem|midFRPM|midPrior,83,1.1066,par,False
growth,math,19647336018444,O'Melveny Elementary,elementary,345,93.6232,11.1111,21.5686,3246,28004,31250,31.65,13.51,3.9783,3.9948,9.5152,1.7278,above par,4.3232,1.2783,elem|midFRPM|midPrior,83,1.1066,above par,False
growth,math,19647336061550,Olive Vista Middle,middle,897,88.7402,13.2775,15.0718,2484,22980,25464,23.44,4.43,4.2642,4.2633,0.1667,0.0303,par,1.7397,1.6743,secondary|midFRPM|lowPrior,56,1.9054,par,False
growth,math,19647336058069,Oliver Wendell Holmes Middle,middle,870,75.0575,3.6675,10.8802,2202,21060,23262,50.95,11.55,0.7523,0.7204,10.8296,1.9665,above par,4.9652,0.3097,secondary|lowFRPM|highPrior,20,1.1095,above par,False
growth,math,19647336018469,One Hundred Eighteenth Street Elementary,elementary,465,98.2796,15.8371,14.9321,2538,23961,26499,26.85,6.03,4.7989,4.8579,1.1721,0.2128,par,2.2756,1.8333,elem|highFRPM|midPrior,69,1.1087,above par,False
growth,math,19647336018477,One Hundred Eighty-Sixth Street Elementary,elementary,579,86.3558,9.5941,12.5461,2581,27050,29631,37.68,3.86,4.1284,4.0665,-0.2065,-0.0375,par,1.3027,1.3724,elem|lowFRPM|midPrior,33,1.5895,par,False
growth,math,19647336018493,One Hundred Fifty-Sixth Street Elementary,elementary,353,67.9887,4.3478,10.3261,2183,21627,23810,58.29,4.21,1.8313,1.8685,2.3415,0.4252,par,1.7682,0.7847,elem|lowFRPM|highPrior,134,0.6039,above par,False
growth,math,19647336018501,One Hundred Fifty-Third Street Elementary,elementary,363,87.0523,12.4294,22.5989,3265,29235,32500,25.27,6.37,5.5047,5.4999,0.8701,0.158,par,1.96,1.6923,elem|midFRPM|midPrior,83,1.1066,par,False
growth,math,19647336018519,One Hundred Ninth Street Elementary,elementary,332,97.2892,27.3256,19.7674,4108,28104,32212,24.14,12.28,3.7416,3.7472,8.5328,1.5494,above par,3.8122,1.1633,elem|highFRPM|lowPrior,62,1.3806,above par,False
growth,math,19647336018535,One Hundred Seventh Street Elementary,elementary,804,98.5075,33.0688,15.0794,3356,25625,28981,16.9,-2.61,4.833,4.799,-7.409,-1.3454,below par,-0.9006,1.6559,elem|highFRPM|lowPrior,62,1.3806,below par,False
growth,math,19647336018543,One Hundred Sixteenth Street Elementary,elementary,401,96.7581,20.4545,10.7955,2570,24647,27217,30.56,-2.07,4.0561,4.0904,-6.1604,-1.1186,below par,-0.7606,1.5029,elem|highFRPM|midPrior,69,1.1087,below par,False
growth,math,19647336018550,One Hundred Thirty-Fifth Street Elementary,elementary,554,96.0289,19.6787,18.0723,3126,23707,26833,31.39,2.59,3.1602,3.1955,-0.6055,-0.11,par,0.9652,1.1909,elem|highFRPM|midPrior,69,1.1087,par,False
growth,math,19647336018568,One Hundred Twelfth Street Elementary,elementary,319,99.373,16.6667,14.2857,4459,33195,37654,37.5,-4.17,2.5134,2.3819,-6.5519,-1.1897,below par,-1.1075,0.6326,elem|highFRPM|midPrior,69,1.1087,below par,False
growth,math,19647336018576,One Hundred Twenty-Second Street Elementary,elementary,574,95.993,15.8491,13.5849,2767,22554,25321,37.41,8.86,2.7583,2.7911,6.0689,1.102,above par,3.4991,1.1023,elem|highFRPM|midPrior,69,1.1087,above par,False
growth,math,19647336097927,Open Charter Magnet,elementary,390,19.7436,0.0,9.3137,1211,23640,24851,59.9,3.51,5.1601,5.1095,-1.5995,-0.2904,par,1.4124,2.056,elem|lowFRPM|highPrior,134,0.6039,par,False
growth,math,19647330122390,Orchard Academies 2B,middle,352,92.0455,9.9071,17.6471,3922,23544,27466,16.71,-4.21,5.8566,5.9433,-10.1533,-1.8437,below par,-1.5328,2.1639,secondary|midFRPM|lowPrior,56,1.9054,below par,False
growth,math,19647330122408,Orchard Academies 2C,middle,395,97.7215,13.2992,17.6471,1680,21691,23371,21.31,1.85,4.0905,4.2391,-2.3891,-0.4338,par,0.7916,1.8138,secondary|highFRPM|lowPrior,57,1.6883,par,False
growth,math,19647336018592,Osceola Street Elementary,elementary,352,90.0568,14.6667,10.0,2969,26938,29907,33.1,3.99,4.7081,4.6928,-0.7028,-0.1276,par,1.3341,1.5691,elem|midFRPM|midPrior,83,1.1066,par,False
growth,math,19647336018618,Overland Avenue Elementary,elementary,485,14.0206,0.0,10.5023,1161,18779,19940,87.76,2.65,-0.6479,-0.6786,3.3286,0.6044,above par,1.329,-0.3403,elem|lowFRPM|highPrior,134,0.6039,par,False
growth,math,19647336018626,Oxnard Street Elementary,elementary,298,94.6309,20.5128,25.0,2513,21895,24408,32.69,1.07,2.3156,2.4857,-1.4157,-0.2571,par,0.4384,1.0184,elem|midFRPM|midPrior,83,1.1066,par,False
growth,math,19647330109322,Pacific Boulevard,elementary,301,97.6744,24.6479,14.0845,3468,44147,47615,42.76,-9.66,0.6342,0.3066,-9.9666,-1.8098,below par,-2.0288,0.0644,elem|highFRPM|highPrior,24,1.1554,below par,False
growth,math,19647336058218,Pacoima Middle,middle,823,91.8591,12.232,15.5107,2876,22562,25438,23.57,1.68,4.1293,4.1433,-2.4633,-0.4473,par,0.6604,1.6288,secondary|midFRPM|lowPrior,56,1.9054,below par,False
growth,math,19647336018634,Palisades Charter Elementary,elementary,408,16.9118,0.0,9.5541,981,18589,19570,79.7,1.19,1.0457,1.0534,0.1366,0.0248,par,0.6081,0.5383,elem|lowFRPM|highPrior,134,0.6039,par,False
growth,math,19647336018659,Palms Elementary,elementary,229,78.6026,6.7797,30.5085,2538,31610,34148,25.76,-1.37,5.8688,5.9058,-7.2758,-1.3212,below par,-0.4012,1.7295,elem|lowFRPM|midPrior,33,1.5895,below par,False
growth,math,19647336058226,Palms Middle,middle,1081,71.5079,3.1823,11.1861,2173,20578,22751,40.38,2.55,3.2189,3.1897,-0.6397,-0.1162,par,1.1208,1.402,secondary|lowFRPM|highPrior,20,1.1095,par,False
growth,math,19647330109389,Panorama City Elementary,elementary,443,99.0971,33.6449,14.486,3374,24073,27447,45.16,11.12,-1.127,-1.1203,12.2403,2.2226,above par,4.0514,-0.4082,elem|highFRPM|highPrior,24,1.1554,above par,False
growth,math,19647330112052,Panorama High,high,1316,97.6444,20.6667,9.3333,2767,22011,24778,13.35,2.03,5.1105,5.0636,-3.0336,-0.5508,below par,0.8193,2.0436,secondary|highFRPM|lowPrior,57,1.6883,par,False
growth,math,19647336018667,Park Avenue Elementary,elementary,274,94.1606,18.1159,13.0435,3589,24828,28417,17.07,5.39,7.2533,7.3356,-1.9456,-0.3533,par,1.8968,2.5814,elem|midFRPM|lowPrior,31,1.4856,par,False
growth,math,19647336018675,Park Western Place Elementary,elementary,528,66.6667,2.0,9.2,1787,23412,25199,63.2,5.2,1.1336,1.0887,4.1113,0.7465,above par,2.0636,0.432,elem|lowFRPM|highPrior,134,0.6039,above par,False
growth,math,19647336018683,Parmelee Avenue Elementary,elementary,670,95.3731,22.3464,8.6592,3254,21302,24556,30.16,1.97,4.1064,4.1266,-2.1566,-0.3916,par,0.8022,1.6805,elem|midFRPM|midPrior,83,1.1066,par,False
growth,math,19647336018691,Parthenia Academy of Arts and Technology,elementary,421,90.2613,25.6545,19.8953,3297,26403,29700,29.44,7.35,3.1643,3.1766,4.1734,0.7578,above par,2.4747,1.0696,elem|midFRPM|midPrior,83,1.1066,above par,False
growth,math,19647336061485,Patrick Henry Middle,middle,1053,76.1633,2.8376,17.1233,2383,21410,23793,29.29,9.43,4.7266,4.729,4.701,0.8536,above par,3.9634,1.9876,secondary|lowFRPM|midPrior,18,1.5213,above par,False
growth,math,19647336058267,Paul Revere Charter Middle,middle,1715,31.5452,1.4426,10.623,841,18029,18870,63.49,1.67,0.9525,0.8628,0.8072,0.1466,par,0.885,0.4572,secondary|lowFRPM|highPrior,20,1.1095,par,False
growth,math,19647330124511,Performing Arts Community at Diego Rivera Learning Complex,high,494,97.7733,15.2542,7.6271,2009,18483,20492,13.93,-0.82,6.0254,6.1563,-6.9763,-1.2668,below par,-0.4002,3.0043,secondary|highFRPM|lowPrior,57,1.6883,below par,False
growth,math,19647331930650,Phineas Banning Senior High,high,2422,91.4533,5.8333,12.7083,2268,20078,22346,17.24,7.5,5.8155,5.7564,1.7436,0.3166,par,3.3563,2.576,secondary|midFRPM|lowPrior,56,1.9054,above par,False
growth,math,19647336018717,Pinewood Avenue Elementary,elementary,215,95.814,25.5102,24.4898,4014,33246,37260,21.28,3.96,4.2755,4.2551,-0.2951,-0.0536,par,1.0628,1.142,elem|highFRPM|lowPrior,62,1.3806,par,False
growth,math,19647336107064,Pio Pico Middle,middle,253,96.0474,20.6478,18.2186,4324,31338,35662,17.8,2.12,4.19,4.1578,-2.0378,-0.37,par,0.5945,1.1659,secondary|highFRPM|lowPrior,57,1.6883,below par,False
growth,math,19647336018725,Plainview Academic Charter Academy,elementary,248,87.9032,25.9843,20.4724,3029,31655,34684,19.26,0.43,5.5505,5.5419,-5.1119,-0.9282,below par,0.124,1.5978,elem|midFRPM|lowPrior,31,1.4856,below par,False
growth,math,19647336018741,Playa del Rey Elementary,elementary,272,41.9118,4.6154,13.0769,1637,21387,23024,63.93,-2.39,2.0491,2.1014,-4.4914,-0.8156,below par,-1.038,0.9127,elem|lowFRPM|highPrior,134,0.6039,below par,False
growth,math,19647330126383,Playa Vista Elementary,elementary,488,21.7213,3.3708,11.7978,1431,19771,21202,58.79,6.01,4.573,4.5803,1.4297,0.2596,par,2.8346,2.1603,elem|lowFRPM|highPrior,134,0.6039,above par,False
growth,math,19647336018758,Plummer Elementary,elementary,600,95.5,29.4872,16.6667,3174,25442,28616,21.3,5.22,4.393,4.3936,0.8264,0.1501,par,1.8242,1.5353,elem|highFRPM|lowPrior,62,1.3806,par,False
growth,math,19647336018766,Point Fermin Elementary,elementary,304,61.1842,6.7114,14.094,1943,21863,23806,53.21,13.23,2.7422,2.8108,10.4192,1.892,above par,5.5574,1.1807,elem|lowFRPM|highPrior,134,0.6039,above par,False
growth,math,19647336018774,Pomelo Community Charter,elementary,612,31.6993,2.2222,20.0,1067,21331,22398,58.66,7.14,3.1642,3.1701,3.9699,0.7209,above par,3.1878,1.4154,elem|lowFRPM|highPrior,134,0.6039,above par,False
growth,math,19647330126607,Porter Ranch Community,elementary,1312,21.9512,1.7327,8.4158,1206,16327,17533,72.47,0.58,1.8889,1.8248,-1.2448,-0.226,par,0.3308,1.0408,elem|lowFRPM|highPrior,134,0.6039,par,False
growth,math,19647336018790,President Avenue Elementary,elementary,362,73.4807,15.0538,19.8925,2775,30692,33467,30.77,8.48,5.1872,5.1281,3.3519,0.6086,above par,2.5338,1.5323,elem|lowFRPM|midPrior,33,1.5895,par,False
growth,math,19647330124487,Public Service Community at Diego Rivera Learning Complex,high,457,98.9059,14.3939,7.5758,4506,22323,26829,19.33,22.65,4.9133,4.9252,17.7248,3.2185,above par,8.4424,1.8358,secondary|highFRPM|lowPrior,57,1.6883,above par,False
growth,math,19647336018808,Purche Avenue Elementary,elementary,373,90.0804,6.4865,16.7568,4495,29570,34065,23.86,5.33,6.8849,6.8321,-1.5021,-0.2728,par,1.5647,2.0056,elem|midFRPM|lowPrior,31,1.4856,par,False
growth,math,19647336018816,Queen Anne Place Elementary,elementary,337,80.4154,7.4074,8.642,3192,20537,23729,55.19,-1.49,1.5443,1.5986,-3.0886,-0.5608,below par,-0.6279,0.6737,elem|lowFRPM|highPrior,134,0.6039,below par,False
growth,math,19647330122127,Quincy Jones Elementary,elementary,244,96.3115,36.3636,19.1919,4619,25105,29724,28.0,4.69,2.1051,2.1763,2.5137,0.4565,par,1.5778,0.7322,elem|highFRPM|midPrior,69,1.1087,par,False
growth,math,19647330119727,Ramon C. Cortines School of Visual and Performing Arts,high,1102,71.5064,6.3604,10.2473,1928,22508,24436,13.96,3.83,8.217,8.175,-4.345,-0.789,below par,1.5674,3.3455,secondary|lowFRPM|lowPrior,9,1.3921,par,True
growth,math,19647336018824,Ramona Elementary,elementary,277,96.3899,30.2521,30.2521,4933,30795,35728,26.61,-0.38,1.8874,1.8822,-2.2622,-0.4108,par,-0.1064,0.5268,elem|highFRPM|midPrior,69,1.1087,below par,False
growth,math,19647336018832,Ranchito Avenue Elementary,elementary,421,90.7363,31.6583,12.5628,2989,22777,25766,41.45,-0.87,0.648,0.682,-1.552,-0.2818,par,-0.3377,0.2647,elem|midFRPM|highPrior,35,-0.2349,par,False
growth,math,19647330124529,Rancho Dominguez Preparatory,k12,701,90.5849,5.2459,14.0984,2810,24276,27086,21.95,0.02,5.4281,5.4377,-5.4177,-0.9838,below par,0.0074,2.0076,secondary|midFRPM|lowPrior,56,1.9054,below par,False
growth,math,19647336018840,Raymond Avenue Elementary,elementary,457,96.7177,20.0935,14.486,2716,24961,27677,32.56,3.97,3.2461,3.2697,0.7003,0.1272,par,1.4344,1.1814,elem|highFRPM|midPrior,69,1.1087,par,False
growth,math,19647331937226,Reseda Charter High,k12,1339,88.2748,12.9108,11.0329,2884,24358,27242,24.9,-0.48,4.2326,4.1483,-4.6283,-0.8404,below par,-0.1762,1.5227,secondary|midFRPM|midPrior,9,1.2611,below par,True
growth,math,19647336018857,Reseda Elementary,elementary,378,87.8307,23.6842,9.2105,3012,23282,26294,33.54,14.49,3.8109,3.8462,10.6438,1.9327,above par,5.5108,1.4628,elem|midFRPM|midPrior,83,1.1066,above par,False
growth,math,19647330109330,Ricardo Lizarraga Elementary,elementary,368,98.0978,37.0968,16.129,4688,32171,36859,16.58,9.6,4.5764,4.479,5.121,0.9299,above par,2.6045,1.2152,elem|highFRPM|lowPrior,62,1.3806,above par,False
growth,math,19647336057905,Richard E. Byrd Middle,middle,933,89.0675,7.8829,14.3018,2499,22068,24567,26.99,-0.3,4.1538,4.1589,-4.4589,-0.8097,below par,-0.1221,1.6929,secondary|midFRPM|midPrior,9,1.2611,below par,True
growth,math,19647336057954,Richard Henry Dana Middle,middle,1355,81.9926,7.6087,18.4006,1977,19918,21895,24.32,0.74,4.6841,4.714,-3.974,-0.7216,below par,0.338,2.153,secondary|lowFRPM|lowPrior,9,1.3921,below par,True
growth,math,19647330101618,Richard Riordan Primary Center,elementary,136,77.9412,0.0,0.0,3561,31157,34718,41.94,25.63,6.5348,6.4657,19.1643,3.4799,above par,7.3823,1.8623,elem|lowFRPM|highPrior,134,0.6039,above par,False
growth,math,19647336018873,Richland Avenue Elementary,elementary,280,17.8571,3.7383,9.3458,1515,24601,26116,77.32,1.18,1.201,1.1279,0.0521,0.0095,par,0.4518,0.4319,elem|lowFRPM|highPrior,134,0.6039,par,False
growth,math,19647336018907,Rio Vista Elementary,elementary,348,54.5977,16.5605,19.7452,1750,24224,25974,42.76,2.15,3.6818,3.7254,-1.5754,-0.2861,par,0.8278,1.4343,elem|lowFRPM|highPrior,134,0.6039,par,False
growth,math,19647336018915,Ritter Elementary,elementary,307,97.3941,18.0451,13.5338,2374,23229,25603,33.08,11.36,3.5267,3.6279,7.7321,1.404,above par,4.437,1.417,elem|highFRPM|midPrior,69,1.1087,above par,False
growth,math,19647336018923,Riverside Drive Charter,elementary,392,46.1735,9.6591,12.5,1548,25043,26591,51.28,4.09,3.8938,3.8627,0.2273,0.0413,par,1.5381,1.4526,elem|lowFRPM|highPrior,134,0.6039,par,False
growth,math,19647336061576,Robert E. Peary Middle,middle,1082,90.7579,7.7458,14.1013,2719,22349,25068,18.32,3.21,5.9068,5.9029,-2.6929,-0.489,par,1.2805,2.3548,secondary|midFRPM|lowPrior,56,1.9054,par,False
growth,math,19647336071443,Robert F. Kennedy Elementary,elementary,170,92.9412,9.8901,31.8681,4191,37340,41531,39.13,-4.35,1.6573,1.5835,-5.9335,-1.0774,below par,-1.0474,0.3813,elem|midFRPM|highPrior,35,-0.2349,par,False
growth,math,19647336058275,Robert Frost Middle,middle,1505,54.0864,2.7491,7.7663,1784,17982,19766,58.95,2.84,0.6656,0.593,2.247,0.408,par,1.4368,0.3,secondary|lowFRPM|highPrior,20,1.1095,par,False
growth,math,19647336058002,Robert Fulton College Preparatory,k12,1229,95.6876,23.498,13.8852,2919,22481,25400,12.13,0.74,5.04,5.0368,-4.2968,-0.7802,below par,0.2913,1.983,secondary|highFRPM|lowPrior,57,1.6883,below par,False
growth,math,19647336018931,Robert Hill Lane Elementary,elementary,248,77.0161,11.0345,13.7931,2449,29337,31786,47.71,-2.19,2.5073,2.471,-4.661,-0.8464,below par,-0.689,0.7774,elem|lowFRPM|highPrior,134,0.6039,below par,False
growth,math,19647336058317,Robert Louis Stevenson College and Career Preparatory,middle,792,96.2121,14.7952,16.9089,2996,24490,27486,17.97,-0.58,4.6299,4.6285,-5.2085,-0.9458,below par,-0.211,1.684,secondary|highFRPM|lowPrior,57,1.6883,below par,False
growth,math,19647336018949,Rockdale Visual & Performing Arts Magnet,elementary,325,46.4615,3.4884,17.4419,1575,20533,22108,59.32,2.89,2.3676,2.4495,0.4405,0.08,par,1.3072,1.108,elem|lowFRPM|highPrior,134,0.6039,par,False
growth,math,19647330109371,Rosa Parks Learning Center,elementary,500,96.4,29.0837,21.9124,3932,23989,27921,23.05,8.03,3.5014,3.5537,4.4763,0.8128,above par,2.876,1.2728,elem|highFRPM|lowPrior,62,1.3806,above par,False
growth,math,19647336018956,Roscoe Elementary,elementary,481,90.8524,20.9821,20.5357,3250,23028,26278,24.29,11.24,4.6543,4.731,6.509,1.1819,above par,4.2773,1.8004,elem|midFRPM|lowPrior,31,1.4856,above par,False
growth,math,19647336018964,Roscomare Road Elementary,elementary,438,10.9589,0.0,7.9787,1061,17511,18572,85.08,-2.54,0.4184,0.4152,-2.9552,-0.5366,below par,-1.3677,0.2236,elem|lowFRPM|highPrior,134,0.6039,below par,False
growth,math,19647336018972,Rosemont Avenue Elementary,elementary,157,94.2675,14.6789,12.844,4831,27718,32549,35.0,-0.45,3.9442,3.977,-4.427,-0.8039,below par,-0.1383,1.2218,elem|midFRPM|midPrior,83,1.1066,below par,False
growth,math,19647336018980,Rosewood Avenue Elementary School Urban Planning and Urban Design Magnet,elementary,218,74.3119,4.878,8.9431,2299,25175,27474,38.4,9.57,5.9179,5.9721,3.5979,0.6533,above par,3.4833,2.1737,elem|lowFRPM|highPrior,134,0.6039,above par,False
growth,math,19647336018998,Rowan Avenue Elementary,elementary,598,95.6522,30.0,21.2903,3179,24666,27845,29.06,-1.41,2.1714,2.1923,-3.6023,-0.6541,below par,-0.5064,0.7873,elem|highFRPM|midPrior,69,1.1087,below par,False
growth,math,19647330117044,Roy Romer Middle,middle,707,94.0594,15.2672,15.1145,3294,23412,26706,15.61,6.76,5.4424,5.4619,1.2981,0.2357,par,2.5313,2.0452,secondary|midFRPM|lowPrior,56,1.9054,par,False
growth,math,19647336061436,Rudecinda Sepulveda Dodson Middle,middle,1337,67.7636,0.9486,7.3518,1848,18517,20365,51.5,4.43,1.6639,1.6193,2.8107,0.5104,above par,2.1753,0.7951,secondary|lowFRPM|highPrior,20,1.1095,above par,False
growth,math,19647336019004,Russell Elementary,elementary,739,97.429,25.5583,10.1737,2897,22172,25069,32.09,4.14,3.0137,3.0177,1.1223,0.2038,par,1.6514,1.2038,elem|highFRPM|midPrior,69,1.1087,par,False
growth,math,19647330119701,Sal Castro Middle,middle,276,97.8261,21.0117,12.4514,2732,24008,26740,12.14,8.38,5.8348,5.9495,2.4305,0.4413,par,3.1339,2.2249,secondary|highFRPM|lowPrior,57,1.6883,above par,False
growth,math,19647330126375,Sally Ride Elementary: A SMArT Academy,elementary,367,97.0027,38.0208,11.9792,4498,27581,32079,33.33,-3.8,1.3768,1.3223,-5.1223,-0.9301,below par,-1.1846,0.4122,elem|highFRPM|midPrior,69,1.1087,below par,False
growth,math,19647336058028,Samuel Gompers Middle,middle,406,96.0591,24.9351,15.0649,4779,30639,35418,11.61,1.47,5.2454,5.1643,-3.6943,-0.6708,below par,0.415,1.4581,secondary|highFRPM|lowPrior,57,1.6883,below par,False
growth,math,19647336112411,San Antonio Elementary,elementary,424,93.6321,26.7677,19.1919,2718,27890,30608,34.35,-0.18,1.8381,1.8245,-2.0045,-0.364,par,-0.0588,0.5961,elem|midFRPM|midPrior,83,1.1066,below par,False
growth,math,19647336019012,San Fernando Elementary,elementary,421,94.2993,24.2857,13.3333,3997,30615,34612,26.67,6.03,4.3427,4.2456,1.7844,0.324,par,1.7422,1.2266,elem|midFRPM|midPrior,83,1.1066,par,False
growth,math,19647330125971,San Fernando Institute of Applied Media,middle,384,90.8854,10.2902,21.372,1349,19444,20793,14.41,0.14,5.9685,6.1894,-6.0494,-1.0985,below par,0.0673,2.9767,secondary|midFRPM|lowPrior,56,1.9054,below par,False
growth,math,19647336058283,San Fernando Middle,middle,442,95.7014,19.8966,18.0879,4709,30650,35359,12.58,2.06,5.2836,5.2069,-3.1469,-0.5714,below par,0.5826,1.4726,secondary|highFRPM|lowPrior,57,1.6883,below par,False
growth,math,19647331937622,San Fernando Senior High,high,1608,93.2214,12.5828,14.2384,2851,21625,24476,15.96,6.74,5.1702,5.1217,1.6183,0.2939,par,2.7537,2.0925,secondary|midFRPM|lowPrior,56,1.9054,par,False
growth,math,19647336019020,San Gabriel Avenue Elementary,elementary,432,95.6019,20.9756,19.0244,2721,24907,27628,28.75,-3.26,3.5771,3.631,-6.891,-1.2513,below par,-1.18,1.3143,elem|highFRPM|midPrior,69,1.1087,below par,False
growth,math,19647336019038,San Jose Street Elementary,elementary,638,69.5925,6.6038,12.5786,2531,18922,21453,48.66,-1.91,3.1518,3.1977,-5.1077,-0.9275,below par,-0.8903,1.4906,elem|lowFRPM|highPrior,134,0.6039,below par,False
growth,math,19647336108641,San Miguel Elementary,elementary,677,94.0916,23.4114,11.0368,2852,22907,25759,32.14,0.3,3.3912,3.3921,-3.0921,-0.5615,below par,0.1165,1.3169,elem|midFRPM|midPrior,83,1.1066,par,False
growth,math,19647336019046,San Pascual Elementary Science Technology Engineering Arts And Mathematics (STEAM) Magnet,elementary,249,76.3052,6.4815,14.8148,2263,22282,24545,40.52,7.63,4.5013,4.6184,3.0116,0.5469,above par,3.1086,1.8816,elem|lowFRPM|highPrior,134,0.6039,above par,False
growth,math,19647331937838,San Pedro Senior High,high,2398,77.1476,1.6427,12.9363,2417,19368,21785,25.66,3.12,5.3739,5.2988,-2.1788,-0.3956,par,1.4322,2.4323,secondary|lowFRPM|midPrior,18,1.5213,par,False
growth,math,19647336019053,San Pedro Street Elementary,elementary,403,98.263,20.283,23.1132,3480,23713,27193,35.16,-5.72,1.6932,1.7714,-7.4914,-1.3603,below par,-2.1035,0.6514,elem|highFRPM|midPrior,69,1.1087,below par,False
growth,math,19647330109447,Santee Education Complex,high,1582,93.426,11.9454,12.2867,2882,21186,24068,11.49,1.48,6.3994,6.3606,-4.8806,-0.8862,below par,0.6149,2.6428,secondary|midFRPM|lowPrior,56,1.9054,below par,False
growth,math,19647336110951,Sara Coughlin Elementary,elementary,409,95.3545,17.3469,16.3265,2687,23231,25918,33.18,0.32,3.3445,3.4188,-3.0988,-0.5627,below par,0.1235,1.3191,elem|midFRPM|midPrior,83,1.1066,par,False
growth,math,19647336019087,Saticoy Elementary,elementary,523,92.1606,34.6614,8.3665,2698,20566,23264,22.59,4.82,4.6601,4.7341,0.0859,0.0156,par,2.0719,2.0349,elem|midFRPM|lowPrior,31,1.4856,par,False
growth,math,19647336066286,Saturn Street Elementary,elementary,277,92.4188,14.4,26.4,3532,31255,34787,31.09,13.71,3.3593,3.3503,10.3597,1.8811,above par,3.9411,0.9631,elem|midFRPM|midPrior,83,1.1066,above par,False
growth,math,19647330117762,School for the Visual Arts and Humanities,high,512,96.6797,14.0496,13.2231,2336,17322,19658,14.66,15.92,5.4762,5.6398,10.2802,1.8667,above par,8.0985,2.869,secondary|highFRPM|lowPrior,57,1.6883,above par,False
growth,math,19647330112029,School of Business and Tourism at Contreras Learning Complex,high,392,99.2347,19.2308,0.0,5141,25641,30782,22.41,15.25,4.5249,4.4409,10.8091,1.9627,above par,4.9542,1.4427,secondary|highFRPM|lowPrior,57,1.6883,above par,False
growth,math,19647330126540,"Science, Technology, Engineering, Arts and Mathematics at Legacy High School Complex",high,524,85.687,0.0,13.2812,4487,19465,23952,30.3,3.83,4.3808,4.428,-0.598,-0.1086,par,1.599,1.8487,secondary|lowFRPM|midPrior,18,1.5213,par,False
growth,math,19647336019095,Second Street Elementary,elementary,226,98.2301,23.3645,16.8224,3094,29022,32116,39.05,-0.31,1.3294,1.3421,-1.6521,-0.3,par,-0.0965,0.4179,elem|highFRPM|highPrior,24,1.1554,below par,False
growth,math,19647336019111,Serrania Avenue Charter for Enriched Studies,elementary,525,56.381,8.7302,17.8571,1863,19493,21356,45.76,-1.96,3.8865,3.966,-5.926,-1.0761,below par,-0.9178,1.8571,elem|lowFRPM|highPrior,134,0.6039,below par,False
growth,math,19647336019129,Seventh Street Elementary Arts Integration Magnet,elementary,306,73.5294,0.0,27.9412,2267,27726,29993,36.15,14.21,4.9117,4.9652,9.2448,1.6787,above par,4.7378,1.6554,elem|lowFRPM|midPrior,33,1.5895,above par,False
growth,math,19647336019137,Seventy-Fifth Street Elementary,elementary,752,96.8085,32.381,12.1429,3515,26330,29845,25.28,11.99,3.5432,3.4719,8.5181,1.5467,above par,4.0174,1.1633,elem|highFRPM|midPrior,69,1.1087,above par,False
growth,math,19647336019145,Seventy-Fourth Street Elementary,elementary,377,92.5729,10.9827,19.0751,2972,27360,30332,31.43,6.5,4.3459,4.3595,2.1405,0.3887,par,2.143,1.4372,elem|midFRPM|midPrior,83,1.1066,above par,False
growth,math,19647336019152,Sharp Avenue Elementary,elementary,417,97.1223,22.5641,14.359,3838,29574,33412,17.27,4.23,6.2706,6.2213,-1.9913,-0.3616,par,1.266,1.862,elem|highFRPM|lowPrior,62,1.3806,par,False
growth,math,19647336019160,Shenandoah Street Elementary,elementary,331,93.3535,20.625,17.5,3352,28740,32092,30.32,-0.13,3.655,3.6417,-3.7717,-0.6849,below par,-0.0405,1.1348,elem|midFRPM|midPrior,83,1.1066,below par,False
growth,math,19647336019178,Sheridan Street Elementary,elementary,555,96.036,24.0418,15.6794,4085,24580,28665,26.33,0.63,4.0107,4.0086,-3.3786,-0.6135,below par,0.2198,1.3984,elem|highFRPM|midPrior,69,1.1087,par,False
growth,math,19647336019186,Sherman Oaks Elementary Charter,elementary,511,42.6614,3.1963,15.9817,1668,22748,24416,60.5,1.49,2.4235,2.4024,-0.9124,-0.1657,par,0.6103,0.9839,elem|lowFRPM|highPrior,134,0.6039,par,False
growth,math,19647336019194,Shirley Avenue Elementary,elementary,410,92.439,19.4286,6.2857,2342,23884,26226,28.22,16.1,5.4205,5.4526,10.6474,1.9334,above par,6.1389,2.0791,elem|midFRPM|midPrior,83,1.1066,above par,False
growth,math,19647336019202,Short Avenue Elementary,elementary,414,28.744,4.0541,16.8919,1230,19896,21126,50.0,15.77,5.4438,5.5131,10.2569,1.8625,above par,7.4647,2.6096,elem|lowFRPM|highPrior,134,0.6039,above par,False
growth,math,19647336019210,Sierra Park Elementary,elementary,240,92.9167,8.7302,34.9206,3718,33235,36953,38.22,-6.47,1.5715,1.562,-8.032,-1.4585,below par,-1.7509,0.4227,elem|midFRPM|highPrior,35,-0.2349,below par,False
growth,math,19647336019228,Sierra Vista Elementary,elementary,164,84.1463,0.0,14.8936,3643,26137,29780,62.92,-1.87,0.0066,0.0419,-1.9119,-0.3472,par,-0.6279,0.0141,elem|lowFRPM|highPrior,134,0.6039,below par,False
growth,math,19647336019236,Sixth Avenue Elementary,elementary,313,90.4153,29.375,16.875,3903,32367,36270,37.04,-5.75,1.4995,1.3927,-7.1427,-1.297,below par,-1.5853,0.384,elem|midFRPM|midPrior,83,1.1066,below par,False
growth,math,19647336019251,Sixty-First Street Elementary,elementary,541,98.8909,32.0312,17.1875,3383,28986,32369,27.85,19.68,2.4535,2.3879,17.2921,3.14,above par,6.0799,0.7377,elem|highFRPM|midPrior,69,1.1087,above par,False
growth,math,19647336019269,Sixty-Sixth Street Elementary,elementary,649,97.8428,12.5326,9.3995,3211,23936,27147,41.04,4.91,2.6363,2.602,2.308,0.4191,par,1.8087,0.9585,elem|highFRPM|highPrior,24,1.1554,par,False
growth,math,19647336019277,Solano Avenue Elementary,elementary,198,68.1818,12.7451,18.6275,2360,25253,27613,58.33,1.86,0.1528,0.2097,1.6503,0.2997,par,0.6736,0.0759,elem|lowFRPM|highPrior,134,0.6039,par,False
growth,math,19647336019285,Soto Street Elementary,elementary,186,87.0968,12.6316,33.6842,4656,43981,48637,32.71,13.68,2.8932,2.6872,10.9928,1.9961,above par,2.8127,0.5525,elem|midFRPM|midPrior,83,1.1066,above par,False
growth,math,19647330109454,South East High,high,1990,92.1106,4.5752,11.329,2452,19062,21514,16.7,5.67,6.2278,6.2015,-0.5315,-0.0965,par,2.6355,2.8825,secondary|midFRPM|lowPrior,56,1.9054,par,False
growth,math,19647336058309,South Gate Middle,middle,1192,93.3725,11.4983,10.6272,2765,20445,23210,24.39,4.94,4.3513,4.349,0.591,0.1073,par,2.1284,1.8738,secondary|midFRPM|lowPrior,56,1.9054,par,False
growth,math,19647331938307,South Gate Senior High,high,1681,93.7537,5.1873,8.3573,3052,20144,23196,13.51,19.25,7.0971,7.0518,12.1982,2.215,above par,8.2988,3.0401,secondary|midFRPM|lowPrior,56,1.9054,above par,False
growth,math,19647336019293,South Park Elementary,elementary,825,97.8182,29.8925,12.6882,3010,21750,24760,17.72,4.6,5.301,5.3331,-0.7331,-0.1331,par,1.8578,2.1539,elem|highFRPM|lowPrior,62,1.3806,par,False
growth,math,19647330106989,Southeast Middle,middle,1215,94.7325,11.2369,13.0662,2688,20490,23178,14.7,0.67,6.1162,6.1407,-5.4707,-0.9934,below par,0.2891,2.6494,secondary|midFRPM|lowPrior,56,1.9054,below par,False
growth,math,19647336019319,Stagg Street Elementary,elementary,413,83.0508,7.6923,7.1429,2375,23566,25941,55.98,-6.25,1.2756,1.2623,-7.5123,-1.3641,below par,-2.4093,0.4866,elem|lowFRPM|highPrior,134,0.6039,below par,False
growth,math,19647336019327,Stanford Avenue Elementary,elementary,329,96.6565,22.0588,12.7451,3363,24298,27661,44.39,6.09,0.7559,0.786,5.304,0.9631,above par,2.2017,0.2842,elem|highFRPM|highPrior,24,1.1554,above par,False
growth,math,19647330122226,Stanley Mosk Elementary,elementary,490,87.9592,21.0046,14.6119,3285,22191,25476,32.63,8.52,3.6614,3.7096,4.8104,0.8735,above par,3.3443,1.4561,elem|midFRPM|midPrior,83,1.1066,above par,False
growth,math,19647336019335,State Street Elementary,elementary,396,95.202,20.4678,25.731,4225,26229,30454,25.53,3.37,3.6711,3.7137,-0.3437,-0.0624,par,1.1066,1.2194,elem|midFRPM|midPrior,83,1.1066,par,False
growth,math,19647330125989,STEM Academy at Bernstein High,high,599,97.4958,5.8442,9.7403,1920,17737,19657,20.42,4.9,5.4271,5.5543,-0.6543,-0.1188,par,2.4928,2.8256,secondary|highFRPM|lowPrior,57,1.6883,par,False
growth,math,19647336058366,Stephen M. White Middle,middle,1423,82.1504,3.0501,13.1445,2135,19623,21758,35.95,0.69,3.2216,3.2094,-2.5194,-0.4575,par,0.3171,1.475,secondary|lowFRPM|midPrior,18,1.5213,below par,False
growth,math,19647336019343,"Stonehurst Avenue Elementary School Science, Technology, Engineering, Arts and Math Magnet",elementary,289,82.0069,10.8333,15.8333,2134,26614,28748,50.0,5.0,1.4603,1.4749,3.5251,0.6401,above par,1.7393,0.5131,elem|lowFRPM|highPrior,134,0.6039,above par,False
growth,math,19647336019350,Stoner Avenue Elementary,elementary,258,94.9612,12.0968,25.8065,3772,27206,30978,33.33,12.64,3.0529,3.1205,9.5195,1.7286,above par,4.0803,1.0073,elem|midFRPM|midPrior,83,1.1066,above par,False
growth,math,19647336019368,Strathern Street Elementary,elementary,446,92.6009,22.1698,14.6226,3441,23089,26530,31.63,1.08,3.4711,3.5157,-2.4357,-0.4423,par,0.4071,1.3252,elem|midFRPM|midPrior,83,1.1066,par,False
growth,math,19647336019376,Sunland Elementary,elementary,282,78.7234,8.7591,19.708,2681,28084,30765,35.97,-1.19,4.5219,4.5384,-5.7284,-1.0402,below par,-0.3868,1.4752,elem|lowFRPM|midPrior,33,1.5895,below par,False
growth,math,19647336019384,Sunny Brae Avenue Elementary,elementary,448,92.4107,20.5,25.0,3259,25822,29081,28.5,-0.4,3.2522,3.2964,-3.6964,-0.6712,below par,-0.1375,1.1335,elem|midFRPM|midPrior,83,1.1066,below par,False
growth,math,19647336104822,Sunrise Elementary,elementary,385,97.4026,26.5,21.5,3248,30183,33431,27.87,4.31,2.8026,2.7708,1.5392,0.2795,par,1.2892,0.8288,elem|highFRPM|midPrior,69,1.1087,par,False
growth,math,19647336019392,Superior Street Elementary,elementary,470,62.3404,9.375,15.1786,2145,22277,24422,62.56,0.55,0.1272,0.127,0.423,0.0768,par,0.2252,0.052,elem|lowFRPM|highPrior,134,0.6039,par,False
growth,math,19647331932383,Susan Miller Dorsey Senior High,high,853,97.4209,13.8122,18.7845,2970,26460,29430,5.7,2.59,6.6615,6.6266,-4.0366,-0.733,below par,0.8801,2.2517,secondary|highFRPM|lowPrior,57,1.6883,par,False
growth,math,19647331938554,Sylmar Charter High,high,1463,87.0813,6.7797,13.8983,3079,23489,26568,19.56,0.51,5.5022,5.4123,-4.9023,-0.8902,below par,0.192,2.0372,secondary|midFRPM|lowPrior,56,1.9054,below par,False
growth,math,19647336019400,Sylmar Elementary,elementary,393,96.1832,17.4603,23.2804,3068,25593,28661,35.68,-2.69,2.0206,2.0724,-4.7624,-0.8648,below par,-0.9386,0.7231,elem|highFRPM|midPrior,69,1.1087,below par,False
growth,math,19647330126599,Sylmar Leadership Academy,elementary,850,82.5882,12.4352,19.5164,2454,19233,21687,33.22,0.06,4.1773,4.2553,-4.1953,-0.7618,below par,0.0277,1.9622,elem|lowFRPM|midPrior,33,1.5895,below par,False
growth,math,19647336019418,Sylvan Park Elementary,elementary,643,97.3561,21.1221,12.2112,2968,24700,27668,32.48,12.77,3.2545,3.2335,9.5365,1.7317,above par,4.6154,1.1687,elem|highFRPM|midPrior,69,1.1087,above par,False
growth,math,19647331938612,Taft Charter High,high,2221,56.5961,2.1645,12.1212,1602,18712,20314,39.01,1.34,3.8739,3.7856,-2.4456,-0.4441,par,0.6596,1.8635,secondary|lowFRPM|highPrior,20,1.1095,par,False
growth,math,19647336019426,Taper Avenue Elementary,elementary,672,50.1488,0.0,10.299,2038,20268,22306,56.92,3.55,3.5927,3.5751,-0.0251,-0.0046,par,1.5915,1.6027,elem|lowFRPM|highPrior,134,0.6039,par,False
growth,math,19647336019434,Tarzana Elementary,elementary,246,99.5935,17.0,12.0,3026,26979,30005,36.7,3.5,2.9437,2.9757,0.5243,0.0952,par,1.1665,0.9917,elem|highFRPM|midPrior,69,1.1087,par,False
growth,math,19647336019442,Telfair Avenue Elementary,elementary,534,92.3221,22.5681,21.7899,4414,31610,36024,28.88,2.78,3.2348,3.1153,-0.3353,-0.0609,par,0.7717,0.8648,elem|midFRPM|midPrior,83,1.1066,par,False
growth,math,19647336019459,Tenth Street Elementary,elementary,339,96.7552,28.6408,20.3883,3752,25792,29544,20.85,6.47,4.2657,4.3264,2.1436,0.3892,par,2.19,1.4644,elem|highFRPM|lowPrior,62,1.3806,par,False
growth,math,19647336107411,Teresa Hughes Elementary,elementary,515,96.699,14.539,18.7943,3324,22031,25355,39.1,0.83,1.9776,2.0408,-1.2108,-0.2199,par,0.3274,0.8049,elem|highFRPM|highPrior,24,1.1554,par,False
growth,math,19647331937424,Theodore Roosevelt Senior High,high,1678,96.3051,13.9665,13.9665,2687,20406,23093,25.52,4.26,2.7771,2.7353,1.5247,0.2769,par,1.8447,1.1845,secondary|highFRPM|midPrior,4,2.0996,par,True
growth,math,19647336019467,Third Street Elementary,elementary,717,51.1855,5.3459,3.7736,1102,19115,20217,89.42,0.89,-3.3962,-3.465,4.355,0.7908,above par,0.4402,-1.7139,elem|lowFRPM|highPrior,134,0.6039,par,False
growth,math,19647336061444,Thomas A. Edison Middle,middle,837,98.6858,14.3406,17.7977,3138,24179,27317,20.87,2.89,3.7894,3.7868,-0.8968,-0.1629,par,1.0579,1.3863,secondary|highFRPM|lowPrior,57,1.6883,par,False
growth,math,19647331934371,Thomas Jefferson Senior High,high,564,98.9362,23.4848,13.6364,4694,27548,32242,9.16,8.4,5.3881,5.3148,3.0852,0.5602,above par,2.6053,1.6484,secondary|highFRPM|lowPrior,57,1.6883,par,False
growth,math,19647336019509,Toland Way Elementary,elementary,218,85.3211,12.5,16.6667,2769,29543,32312,27.05,17.28,5.9853,6.0085,11.2715,2.0467,above par,5.3479,1.8595,elem|lowFRPM|midPrior,33,1.5895,above par,False
growth,math,19647336019517,Toluca Lake Elementary,elementary,503,65.4076,3.9409,19.2118,2117,25938,28055,48.67,1.82,3.0843,3.0545,-1.2345,-0.2242,par,0.6487,1.0887,elem|lowFRPM|highPrior,134,0.6039,par,False
growth,math,19647336019525,Topanga Elementary Charter,elementary,232,25.8621,0.0,7.5269,1645,23388,25033,66.32,4.33,3.7117,3.7005,0.6295,0.1143,par,1.7297,1.4782,elem|lowFRPM|highPrior,134,0.6039,above par,False
growth,math,19647336019533,Topeka Charter School for Advanced Studies,elementary,610,44.0984,4.8327,20.4461,1218,22047,23265,68.33,1.19,-0.0533,-0.0658,1.2558,0.228,par,0.5115,-0.0283,elem|lowFRPM|highPrior,134,0.6039,par,False
growth,math,19647336019541,Towne Avenue Elementary,elementary,288,81.5972,5.2632,14.2857,3307,25047,28354,40.46,9.54,4.3263,4.3606,5.1794,0.9405,above par,3.3646,1.5379,elem|lowFRPM|highPrior,134,0.6039,above par,False
growth,math,19647336019558,Trinity Street Elementary,elementary,185,98.3784,30.0,16.1538,6697,35884,42581,20.92,8.18,4.601,4.464,3.716,0.6748,above par,1.921,1.0484,elem|highFRPM|lowPrior,62,1.3806,par,False
growth,math,19647336019566,Tulsa Street Elementary,elementary,406,76.601,4.5685,14.7208,2177,20764,22941,37.06,4.32,5.3197,5.4223,-1.1023,-0.2002,par,1.8831,2.3636,elem|lowFRPM|midPrior,33,1.5895,par,False
growth,math,19647336019574,Tweedy Elementary,elementary,471,90.2335,21.7391,15.4589,3093,23124,26217,36.27,1.17,2.5712,2.6089,-1.4389,-0.2613,par,0.4463,0.9951,elem|midFRPM|midPrior,83,1.1066,par,False
growth,math,19647336019582,Twentieth Street Elementary,elementary,499,95.5912,25.9912,17.1806,3020,23284,26304,34.93,3.6,1.8417,1.8853,1.7147,0.3114,par,1.3686,0.7167,elem|highFRPM|midPrior,69,1.1087,par,False
growth,math,19647336019590,Twenty-Eighth Street Elementary,elementary,459,98.4749,32.4324,18.018,4296,28596,32892,24.6,3.2,3.0914,3.0415,0.1585,0.0288,par,0.9729,0.9247,elem|highFRPM|lowPrior,62,1.3806,par,False
growth,math,19647336019608,Twenty-Fourth Street Elementary,elementary,441,97.5057,32.0225,15.1685,3221,30959,34180,39.63,8.68,0.2764,0.1681,8.5119,1.5456,above par,2.5395,0.0492,elem|highFRPM|highPrior,24,1.1554,above par,False
growth,math,19647336019616,Two Hundred Thirty-Second Place Elementary,elementary,413,64.6489,2.1505,15.0538,2274,20462,22736,51.01,11.15,3.32,3.3898,7.7602,1.4091,above par,4.9041,1.4909,elem|lowFRPM|highPrior,134,0.6039,above par,False
growth,math,19647330119693,UCLA Community K-12,k12,887,97.2943,29.6984,16.2413,3751,20958,24709,16.41,-0.28,3.1613,3.2068,-3.4868,-0.6331,below par,-0.1133,1.2978,secondary|highFRPM|lowPrior,57,1.6883,below par,False
growth,math,19647331933795,Ulysses S. Grant Senior High,high,1774,94.7012,13.0208,9.8958,2712,19722,22434,26.87,1.85,3.1087,3.0532,-1.2032,-0.2185,par,0.8246,1.361,secondary|midFRPM|midPrior,9,1.2611,par,True
growth,math,19647336019624,Union Avenue Elementary,elementary,809,93.9431,36.0526,12.8947,3067,20329,23396,31.28,-0.59,1.9273,1.9578,-2.5478,-0.4626,par,-0.2522,0.8368,elem|midFRPM|midPrior,83,1.1066,below par,False
growth,math,19647331938885,University High School Charter,high,1385,72.2744,4.1237,13.7457,2272,21250,23522,27.33,1.59,5.1129,5.0569,-3.4669,-0.6295,below par,0.676,2.1499,secondary|lowFRPM|midPrior,18,1.5213,par,False
growth,math,19647336019632,Utah Street Elementary,elementary,360,95.5556,15.7676,24.4813,3436,37478,40914,20.78,3.8,5.3534,5.2145,-1.4145,-0.2568,par,0.9288,1.2745,elem|highFRPM|lowPrior,62,1.3806,par,False
growth,math,19647336019640,Valerio Street Elementary,elementary,645,97.5194,28.8136,14.5763,3904,27212,31116,21.45,3.3,4.5062,4.4459,-1.1459,-0.2081,par,1.0605,1.4288,elem|highFRPM|lowPrior,62,1.3806,par,False
growth,math,19647330124362,Valley Academy of Arts and Sciences,high,757,72.391,0.0,21.9178,2287,24292,26579,21.13,5.58,6.2042,6.2,-0.62,-0.1126,par,2.0994,2.3327,secondary|lowFRPM|lowPrior,9,1.3921,par,True
growth,math,19647336019657,Valley View Elementary,elementary,151,42.3841,14.0625,7.8125,2251,24608,26859,74.6,-20.05,-0.6238,-0.6249,-19.4251,-3.5273,below par,-7.4649,-0.2327,elem|lowFRPM|highPrior,134,0.6039,below par,False
growth,math,19647336019665,Van Deene Avenue Elementary,elementary,320,80.3125,7.6471,12.3529,2803,23176,25979,32.94,15.88,5.9347,6.0054,9.8746,1.7931,above par,6.1126,2.3117,elem|lowFRPM|midPrior,33,1.5895,above par,False
growth,math,19647336019673,Van Gogh Charter,elementary,456,48.9035,1.99,10.4478,1836,19506,21342,69.7,-0.73,0.7891,0.8067,-1.5367,-0.279,par,-0.342,0.378,elem|lowFRPM|highPrior,134,0.6039,par,False
growth,math,19647336019681,Van Ness Avenue Elementary,elementary,189,83.0688,9.7561,29.2683,3648,42158,45806,41.33,-0.37,2.0799,1.8895,-2.2595,-0.4103,par,-0.0808,0.4125,elem|lowFRPM|highPrior,134,0.6039,par,False
growth,math,19647336019699,Van Nuys Elementary,elementary,459,96.9499,31.6742,17.6471,3151,24712,27863,29.2,1.1,2.3239,2.3579,-1.2579,-0.2284,par,0.3948,0.8462,elem|highFRPM|midPrior,69,1.1087,par,False
growth,math,19647336058333,Van Nuys Middle,middle,726,92.8375,15.3738,17.2073,3156,23161,26317,21.29,3.28,4.0603,4.0816,-0.8016,-0.1456,par,1.2463,1.5509,secondary|midFRPM|lowPrior,56,1.9054,par,False
growth,math,19647331938968,Van Nuys Senior High,high,1969,84.967,12.766,9.3617,2627,19375,22002,32.32,2.07,2.6201,2.5398,-0.4698,-0.0853,par,0.9408,1.1543,secondary|lowFRPM|midPrior,18,1.5213,par,False
growth,math,19647336019707,Vanalden Avenue Elementary,elementary,369,88.0759,23.6686,20.1183,3011,28214,31225,36.41,-4.57,2.0399,2.0247,-6.5947,-1.1975,below par,-1.4636,0.6484,elem|midFRPM|midPrior,83,1.1066,below par,False
growth,math,19647336019723,Vena Avenue Elementary,elementary,464,79.3103,7.3733,15.2074,2523,23305,25828,59.26,-4.47,-0.0317,-0.032,-4.438,-0.8059,below par,-1.7307,-0.0124,elem|lowFRPM|highPrior,134,0.6039,below par,False
growth,math,19647331939040,Venice Senior High,high,2293,64.7187,1.9157,8.6207,1901,18479,20380,28.92,6.04,5.9083,5.8275,0.2125,0.0386,par,2.9637,2.8594,secondary|lowFRPM|midPrior,18,1.5213,above par,False
growth,math,19647331939107,Verdugo Hills Senior High,high,1195,83.682,7.8853,15.0538,2520,22103,24623,31.37,3.04,2.9896,2.9377,0.1023,0.0186,par,1.2346,1.1931,secondary|lowFRPM|midPrior,18,1.5213,par,False
growth,math,19647336019731,Vermont Avenue Elementary,elementary,342,90.6433,23.4568,22.8395,3723,27342,31065,29.12,14.09,3.201,3.2233,10.8667,1.9732,above par,4.5357,1.0376,elem|midFRPM|midPrior,83,1.1066,above par,False
growth,math,19647336019749,Vernon City Elementary,elementary,134,95.5224,12.987,20.7792,3739,39045,42784,56.52,3.22,-1.368,-1.514,4.734,0.8596,above par,0.7526,-0.3539,elem|highFRPM|highPrior,24,1.1554,par,False
growth,math,19647336019756,Victoria Avenue Elementary,elementary,272,97.4265,21.7391,26.8116,3604,28334,31938,41.29,9.07,-0.0179,0.0153,9.0547,1.6442,above par,2.8399,0.0048,elem|highFRPM|highPrior,24,1.1554,above par,False
growth,math,19647336019764,Victory Boulevard Elementary,elementary,466,91.8455,18.1818,20.9091,3407,25643,29050,42.98,1.91,0.8524,0.8517,1.0583,0.1922,par,0.6575,0.2932,elem|midFRPM|highPrior,35,-0.2349,par,False
growth,math,19647336019772,Vine Street Elementary,elementary,237,91.1392,20.4545,24.2424,3780,37707,41487,37.68,11.94,1.6146,1.472,10.468,1.9008,above par,2.878,0.3548,elem|midFRPM|midPrior,83,1.1066,above par,False
growth,math,19647336019780,Vinedale College Preparatory Academy,elementary,207,90.8213,19.084,20.6107,2654,33620,36274,8.76,6.91,8.4279,8.433,-1.523,-0.2765,par,1.9049,2.3248,elem|midFRPM|lowPrior,31,1.4856,par,False
growth,math,19647336058341,Virgil Middle,middle,975,96.0,18.2309,11.9741,2564,21348,23912,35.84,5.63,0.8773,0.8688,4.7612,0.8646,above par,2.3545,0.3633,secondary|highFRPM|midPrior,4,2.0996,par,True
growth,math,19647336019806,Virginia Road Elementary,elementary,217,95.3917,23.913,9.7826,3768,32544,36312,47.83,9.16,0.3126,0.2035,8.9565,1.6264,above par,2.5226,0.056,elem|midFRPM|highPrior,35,-0.2349,above par,False
growth,math,19647330122200,Vista del Valle Dual Language Academy,elementary,416,77.4038,17.9487,10.2564,2872,22056,24928,39.77,2.59,3.6492,3.6846,-1.0946,-0.1988,par,1.039,1.4781,elem|lowFRPM|highPrior,134,0.6039,par,False
growth,math,19647330106971,Vista Middle,middle,1080,96.7593,20.8333,13.6628,2827,22109,24936,14.21,4.21,4.9853,4.9908,-0.7808,-0.1418,par,1.6883,2.0015,secondary|highFRPM|lowPrior,57,1.6883,par,False
growth,math,19647330126557,Visual and Performing Arts at Legacy High School Complex,high,411,90.0243,7.0,16.0,1470,20101,21571,8.89,5.4,7.7028,7.8704,-2.4704,-0.4486,par,2.5034,3.6486,secondary|midFRPM|lowPrior,56,1.9054,par,False
growth,math,19647336019814,Wadsworth Avenue Elementary,elementary,506,96.2451,31.0204,17.9592,3978,27796,31774,16.17,6.49,5.1868,5.1602,1.3298,0.2415,par,2.0426,1.624,elem|highFRPM|lowPrior,62,1.3806,par,False
growth,math,19647336019822,Walgrove Avenue Elementary,elementary,271,38.7454,3.6697,33.945,1987,28016,30003,48.6,-2.73,3.4655,3.4952,-6.2252,-1.1304,below par,-0.9099,1.1649,elem|lowFRPM|highPrior,134,0.6039,below par,False
growth,math,19647336110977,Walnut Park Elementary,elementary,555,95.3153,21.2851,13.6546,2674,23395,26069,24.8,7.37,4.9077,4.9492,2.4208,0.4396,par,2.8271,1.8985,elem|midFRPM|lowPrior,31,1.4856,above par,False
growth,math,19647330126458,Walnut Park Middle A School of Social Justice and Service Learning,middle,371,92.4528,14.7309,10.7649,3925,21307,25232,24.62,7.02,4.2975,4.3776,2.6424,0.4798,par,2.7822,1.735,secondary|midFRPM|lowPrior,56,1.9054,par,False
growth,math,19647330126466,"Walnut Park Middle B Science, Technology, Engineering and Mathematics Academy",middle,365,94.7945,14.9584,14.1274,1555,18431,19986,21.45,0.77,4.4542,4.6563,-3.8863,-0.7057,below par,0.3853,2.3298,secondary|midFRPM|lowPrior,56,1.9054,below par,False
growth,math,19647336062699,Walter Reed Middle,middle,1580,57.4684,4.9935,9.6628,1611,16171,17782,50.0,5.1,1.9095,1.8951,3.2049,0.582,above par,2.8681,1.0657,secondary|lowFRPM|highPrior,20,1.1095,above par,False
growth,math,19647336019830,Warner Avenue Elementary,elementary,545,12.844,0.0,7.2581,1009,17361,18370,80.4,1.67,1.3208,1.3057,0.3643,0.0662,par,0.9091,0.7108,elem|lowFRPM|highPrior,134,0.6039,par,False
growth,math,19647336019848,Weigand Avenue Elementary,elementary,290,100.0,6.4748,10.0719,3163,23767,26930,25.95,15.89,6.5672,6.6551,9.2349,1.6769,above par,5.9005,2.4712,elem|highFRPM|midPrior,69,1.1087,above par,False
growth,math,19647336019855,Welby Way Charter Elementary School And Gifted-High Ability Magnet,elementary,755,28.6093,1.9231,7.4519,987,17946,18933,82.9,-1.41,-0.5559,-0.603,-0.807,-0.1465,par,-0.7447,-0.3185,elem|lowFRPM|highPrior,134,0.6039,below par,False
growth,math,19647330114850,West Adams Preparatory High,high,942,97.6645,20.3046,13.198,3226,24099,27325,6.36,3.33,6.3371,6.3053,-2.9753,-0.5403,below par,1.2187,2.3075,secondary|highFRPM|lowPrior,57,1.6883,par,False
growth,math,19647336019863,West Athens Elementary,elementary,545,97.4312,29.6875,11.7188,3250,23797,27047,17.92,4.86,5.5188,5.5468,-0.6868,-0.1247,par,1.7969,2.0508,elem|highFRPM|lowPrior,62,1.3806,par,False
growth,math,19647336019871,West Hollywood Elementary,elementary,313,48.2428,10.3448,6.8966,1491,19886,21377,70.31,-8.24,0.2388,0.2758,-8.5158,-1.5463,below par,-3.8546,0.129,elem|lowFRPM|highPrior,134,0.6039,below par,False
growth,math,19647336019889,West Vernon Avenue Elementary,elementary,470,98.9362,31.3008,13.0081,3368,22625,25993,38.81,4.05,0.6514,0.6849,3.3651,0.611,above par,1.5581,0.2635,elem|highFRPM|highPrior,24,1.1554,par,False
growth,math,19647336019913,Westminster Avenue Elementary,elementary,367,77.6567,2.809,25.2809,2778,28516,31294,43.93,4.38,2.8883,2.8773,1.5027,0.2729,par,1.3996,0.9195,elem|lowFRPM|highPrior,134,0.6039,par,False
growth,math,19647336019921,Westport Heights Elementary,elementary,166,81.9277,7.1429,13.0952,2778,28443,31221,35.9,-6.98,5.3482,5.3892,-12.3692,-2.246,below par,-2.2357,1.7261,elem|lowFRPM|midPrior,33,1.5895,below par,False
growth,math,19647336019939,Westwood Charter Elementary,elementary,670,19.5522,2.7972,15.035,902,18051,18953,79.08,-1.57,-0.0131,-0.0207,-1.5493,-0.2813,par,-0.8284,-0.0109,elem|lowFRPM|highPrior,134,0.6039,below par,False
growth,math,19647336019947,White Point Elementary,elementary,314,38.8535,3.3058,10.7438,832,24268,25100,50.43,2.46,5.5037,5.5128,-3.0528,-0.5543,below par,0.9801,2.1963,elem|lowFRPM|highPrior,134,0.6039,par,False
growth,math,19647336019954,Wilbur Charter for Enriched Academics,elementary,564,38.4752,6.2257,19.8444,1602,21852,23454,63.04,-1.56,1.3753,1.3675,-2.9275,-0.5316,below par,-0.6651,0.5831,elem|lowFRPM|highPrior,134,0.6039,below par,False
growth,math,19647330112011,William Jefferson Clinton Middle,middle,622,98.3923,21.7317,14.9406,3237,24348,27585,24.62,1.06,2.5536,2.5559,-1.4959,-0.2716,par,0.3843,0.9266,secondary|highFRPM|lowPrior,57,1.6883,below par,False
growth,math,19647336058184,William Mulholland Middle,middle,1098,93.5337,12.8302,18.3962,2865,20486,23351,25.38,2.41,3.1846,3.2178,-0.8078,-0.1467,par,1.0321,1.378,secondary|midFRPM|midPrior,9,1.2611,par,True
growth,math,19647336017446,William R. Anton Elementary,elementary,453,97.5717,20.614,12.2807,4064,31271,35335,30.09,9.82,3.8982,3.7747,6.0453,1.0977,above par,2.7791,1.0682,elem|highFRPM|midPrior,69,1.1087,above par,False
growth,math,19647330126409,Willow Elementary,elementary,420,93.3333,18.8119,9.901,3153,23439,26592,46.54,-4.46,1.1045,1.1114,-5.5714,-1.0117,below par,-1.6772,0.418,elem|midFRPM|highPrior,35,-0.2349,below par,False
growth,math,19647336019962,Wilmington Park Elementary,elementary,472,95.9746,18.2979,19.5745,4165,28330,32495,41.35,-5.45,1.0608,0.9958,-6.4458,-1.1704,below par,-1.6772,0.3064,elem|highFRPM|highPrior,24,1.1554,below par,False
growth,math,19647336019970,Wilshire Crest Elementary,elementary,154,78.5714,10.2041,18.3673,3342,34934,38276,22.45,16.33,7.5814,7.5373,8.7927,1.5966,above par,4.2664,1.9692,elem|lowFRPM|lowPrior,3,1.2011,above par,True
growth,math,19647330112003,Wilshire Park Elementary,elementary,329,86.6261,25.3333,25.3333,3447,23648,27095,42.57,5.11,0.1046,0.1874,4.9226,0.8939,above par,1.886,0.0692,elem|lowFRPM|highPrior,134,0.6039,above par,False
growth,math,19647336019988,Wilton Place Elementary,elementary,297,93.9394,28.8591,15.4362,4065,35475,39540,25.81,10.79,3.9113,3.7661,7.0239,1.2754,above par,2.7289,0.9525,elem|midFRPM|midPrior,83,1.1066,above par,False
growth,math,19647336020002,Winnetka Avenue Elementary,elementary,306,92.8105,24.4604,20.8633,3176,24644,27820,25.15,2.63,4.0404,4.1362,-1.5062,-0.2735,par,0.9454,1.4868,elem|midFRPM|midPrior,83,1.1066,par,False
growth,math,19647330122150,Wisdom Elementary,elementary,648,97.6852,29.3151,12.3288,3049,21438,24487,24.87,8.28,3.9386,3.9874,4.2926,0.7795,above par,3.3814,1.6284,elem|highFRPM|midPrior,69,1.1087,above par,False
growth,math,19647336020010,Wonderland Avenue Elementary,elementary,435,26.6667,0.0,11.2,1244,19973,21217,90.0,0.8,-1.9888,-2.0193,2.8193,0.5119,above par,0.3771,-0.9517,elem|lowFRPM|highPrior,134,0.6039,par,False
growth,math,19647336020028,Woodcrest Elementary,elementary,611,98.6907,21.4286,8.9286,3461,22820,26281,27.8,3.78,4.4995,4.5061,-0.7261,-0.1318,par,1.4383,1.7146,elem|highFRPM|midPrior,69,1.1087,par,False
growth,math,19647336020036,Woodlake Elementary Community Charter,elementary,561,45.8111,4.3478,12.6482,1190,18590,19780,51.01,4.8,4.4584,4.5205,0.2795,0.0508,par,2.4267,2.2854,elem|lowFRPM|highPrior,134,0.6039,above par,False
growth,math,19647336061568,Woodland Hills Academy,middle,607,82.7018,15.9396,15.1007,2295,22415,24710,18.31,3.44,5.5604,5.6161,-2.1761,-0.3951,par,1.3921,2.2728,secondary|lowFRPM|lowPrior,9,1.3921,par,True
growth,math,19647336020044,Woodland Hills Elementary Charter for Enriched Studies,elementary,621,30.5958,2.7559,7.874,1380,17918,19298,74.72,-1.39,0.9907,0.9749,-2.3649,-0.4294,par,-0.7203,0.5052,elem|lowFRPM|highPrior,134,0.6039,below par,False
growth,math,19647336020051,Woodlawn Avenue Elementary,elementary,523,92.1606,29.7959,16.7347,3431,22507,25938,31.52,3.03,2.4046,2.4489,0.5811,0.1055,par,1.1682,0.9441,elem|midFRPM|midPrior,83,1.1066,par,False
growth,math,19647331939859,Woodrow Wilson Senior High,high,1260,93.9683,5.0909,12.7273,3036,24907,27943,17.13,4.85,5.9334,5.8409,-0.9909,-0.1799,par,1.7357,2.0903,secondary|midFRPM|lowPrior,56,1.9054,par,False
growth,math,19647336017677,YES Academy,elementary,462,96.9697,25.0,19.6429,4072,30838,34910,12.28,5.82,6.4985,6.4392,-0.6192,-0.1124,par,1.6671,1.8445,elem|highFRPM|lowPrior,62,1.3806,par,False
growth,math,19647336020069,Yorkdale Elementary,elementary,205,82.9268,16.3265,25.5102,3134,25682,28816,25.49,7.16,5.1341,5.264,1.896,0.3443,par,2.4847,1.8268,elem|lowFRPM|midPrior,33,1.5895,par,False
growth,math,19647330119735,Young Oak Kim Academy,middle,715,98.6014,16.573,10.9551,2746,19571,22317,16.62,7.15,5.2202,5.3069,1.8431,0.3347,par,3.2038,2.3779,secondary|highFRPM|lowPrior,57,1.6883,above par,False
